[{"model": "contenttypes.contenttype", "pk": 1, "fields": {"app_label": "admin", "model": "logentry"}}, {"model": "contenttypes.contenttype", "pk": 2, "fields": {"app_label": "auth", "model": "permission"}}, {"model": "contenttypes.contenttype", "pk": 3, "fields": {"app_label": "auth", "model": "group"}}, {"model": "contenttypes.contenttype", "pk": 4, "fields": {"app_label": "auth", "model": "user"}}, {"model": "contenttypes.contenttype", "pk": 5, "fields": {"app_label": "contenttypes", "model": "contenttype"}}, {"model": "contenttypes.contenttype", "pk": 6, "fields": {"app_label": "sessions", "model": "session"}}, {"model": "contenttypes.contenttype", "pk": 7, "fields": {"app_label": "sh_app", "model": "sh_user"}}, {"model": "contenttypes.contenttype", "pk": 8, "fields": {"app_label": "sh_app", "model": "league"}}, {"model": "contenttypes.contenttype", "pk": 9, "fields": {"app_label": "sh_app", "model": "huddle"}}, {"model": "contenttypes.contenttype", "pk": 10, "fields": {"app_label": "sh_app", "model": "suggestion"}}, {"model": "sessions.session", "pk": "70xyz9ji6fnv331quxpnr60op7497lhr", "fields": {"session_data": "M2Y4YzRmNDRlYTRjYTY3Yjg1MmVhNWQ2MGMxNGZmODAxMWExYjE4MTp7Il9hdXRoX3VzZXJfaWQiOiI5OSIsIl9hdXRoX3VzZXJfaGFzaCI6ImMyNWZkOTA1NTQwZjE5M2M2MTRjZWE3YzMxYWQ5ODllYWM0NWFjYmUiLCJfYXV0aF91c2VyX2JhY2tlbmQiOiJkamFuZ28uY29udHJpYi5hdXRoLmJhY2tlbmRzLk1vZGVsQmFja2VuZCJ9", "expire_date": "2016-05-27T22:31:29.044Z"}}, {"model": "sh_app.league", "pk": 1, "fields": {"name": "The suspect phonographistss", "description": "", "country": "GT", "city": "", "state": null, "date_created": "2016-05-13T22:16:30.601Z", "is_private": false, "head_official": 85, "officials": [9, 69, 72, 85], "members": [9, 16, 24, 31, 34, 42, 43, 69, 72, 78, 85, 99]}}, {"model": "sh_app.league", "pk": 2, "fields": {"name": "The undecked nutrientss", "description": "", "country": "NG", "city": "", "state": null, "date_created": "2016-05-13T22:16:30.667Z", "is_private": false, "head_official": 19, "officials": [19, 20, 23, 43], "members": [17, 19, 20, 23, 32, 33, 43, 63, 78, 83, 85]}}, {"model": "sh_app.league", "pk": 3, "fields": {"name": "The selfsame octupletss", "description": "", "country": "FR", "city": "", "state": null, "date_created": "2016-05-13T22:16:30.722Z", "is_private": false, "head_official": 78, "officials": [40, 78, 90, 93], "members": [4, 11, 24, 28, 40, 48, 52, 78, 84, 90, 93]}}, {"model": "sh_app.league", "pk": 4, "fields": {"name": "The valedictory clarsachss", "description": "", "country": "PT", "city": "", "state": null, "date_created": "2016-05-13T22:16:30.777Z", "is_private": false, "head_official": 81, "officials": [3, 42, 81, 83], "members": [3, 11, 17, 22, 27, 42, 56, 65, 71, 81, 83]}}, {"model": "sh_app.league", "pk": 5, "fields": {"name": "The banal gangrelss", "description": "", "country": "AI", "city": "", "state": null, "date_created": "2016-05-13T22:16:30.833Z", "is_private": false, "head_official": 16, "officials": [12, 16, 36, 74], "members": [7, 10, 12, 16, 36, 48, 66, 69, 73, 74, 94]}}, {"model": "sh_app.league", "pk": 6, "fields": {"name": "The fightable dislodgmentss", "description": "", "country": "NE", "city": "", "state": null, "date_created": "2016-05-13T22:16:30.886Z", "is_private": false, "head_official": 98, "officials": [4, 35, 96, 98], "members": [4, 14, 26, 35, 36, 38, 39, 67, 69, 96, 98]}}, {"model": "sh_app.league", "pk": 7, "fields": {"name": "The pulpy funnings", "description": "", "country": "KG", "city": "", "state": null, "date_created": "2016-05-13T22:16:30.940Z", "is_private": false, "head_official": 68, "officials": [30, 68, 73, 82], "members": [30, 43, 53, 56, 68, 73, 74, 76, 82, 85, 96]}}, {"model": "sh_app.league", "pk": 8, "fields": {"name": "The romantic imposterss", "description": "", "country": "BL", "city": "", "state": null, "date_created": "2016-05-13T22:16:30.991Z", "is_private": false, "head_official": 40, "officials": [27, 40, 84, 87], "members": [25, 27, 33, 39, 40, 44, 68, 71, 78, 84, 87]}}, {"model": "sh_app.league", "pk": 9, "fields": {"name": "The Hasidic survivorss", "description": "", "country": "ES", "city": "", "state": null, "date_created": "2016-05-13T22:16:31.043Z", "is_private": false, "head_official": 35, "officials": [3, 35, 51, 99], "members": [3, 24, 34, 35, 41, 51, 60, 61, 72, 73, 99]}}, {"model": "sh_app.huddle", "pk": 1, "fields": {"name": "rimingtimbres", "address": "932 Dunker Drive", "date": null, "description": " or\ncurved; in fact a thing's shape in every case gives rise to a\nqualification of it.\n\n  Rarity and density, roughness and smoothness, seem to be terms\nindicat", "league": 1, "experts": [9, 69, 85], "attendants": [43, 69]}}, {"model": "sh_app.huddle", "pk": 2, "fields": {"name": "unworkedliquidizerss", "address": "501 heroines Drive", "date": null, "description": " the water species, can be divided again into\nsubspecies. Those species, then, also will be 'simultaneous' point\nof nature, which, belonging to the same genus, ", "league": 1, "experts": [9, 72, 85], "attendants": [69]}}, {"model": "sh_app.huddle", "pk": 3, "fields": {"name": "tentativeleucoplastss", "address": "830 distiller Drive", "date": null, "description": "ave a second ground for\nasserting that the species is more truly substance than the genus.\n\n  Of species themselves, except in the case of such as are genera,\nn", "league": 1, "experts": [9, 69, 72], "attendants": [78]}}, {"model": "sh_app.huddle", "pk": 4, "fields": {"name": "twitteryisoprenes", "address": "428 enantiosis Road", "date": null, "description": "ess or blind.\n\n  To be without some faculty or to possess it is not the same as the\ncorresponding 'privative' or 'positive'. 'Sight' is a 'positive',\n'blindness", "league": 1, "experts": [9, 72, 85], "attendants": []}}, {"model": "sh_app.huddle", "pk": 5, "fields": {"name": "basicetalons", "address": "509 diastyle Street", "date": null, "description": " contraries, it is possible that there should\nbe changes from either into the other, while the subject retains its\nidentity, unless indeed one of the contraries", "league": 1, "experts": [9, 72, 85], "attendants": [85]}}, {"model": "sh_app.huddle", "pk": 6, "fields": {"name": "uniflorouscondominiums", "address": "175 treatment Street", "date": null, "description": "t' of 'small'. But these are not\nquantitative, but relative; things are not great or small\nabsolutely, they are so called rather as the result of an act of\ncomp", "league": 1, "experts": [9, 69, 72], "attendants": [31]}}, {"model": "sh_app.huddle", "pk": 7, "fields": {"name": "escapablestandpointss", "address": "856 saveloys Street", "date": null, "description": "nd each of these is relative in\ncharacter: for the terms 'like' and 'unequal' bear 'unequal' bear a\nreference to something external. Yet, again, it is not every", "league": 1, "experts": [9, 69, 72], "attendants": []}}, {"model": "sh_app.huddle", "pk": 8, "fields": {"name": "regnalplastererss", "address": "816 pedagogues Road", "date": null, "description": " Yet although this exception may be allowed,\nthere is, nevertheless, a difference in the manner in which the\nthing takes place. It is by themselves changing tha", "league": 1, "experts": [9, 72, 85], "attendants": [43]}}, {"model": "sh_app.huddle", "pk": 9, "fields": {"name": "crimpiestabiosiss", "address": "759 perfidies Road", "date": null, "description": " virtue of them\nmen are said to be such and such.\n\n  Those, however, which arise from causes easily rendered\nineffective are called affections, not qualities. S", "league": 1, "experts": [9, 69, 72], "attendants": []}}, {"model": "sh_app.huddle", "pk": 10, "fields": {"name": "representativejokerss", "address": "317 spitters Street", "date": null, "description": "g known, in the same sense; and the thing known\nalso is explained by its relation to its opposite, knowledge. For\nthe thing known is explained as that which is ", "league": 1, "experts": [9, 72, 85], "attendants": [42, 72]}}, {"model": "sh_app.huddle", "pk": 11, "fields": {"name": "downtroddennelsons", "address": "890 contrast Street", "date": null, "description": " or the other should be present in the body of an\nanimal. Odd and even, again, are predicated of number, and it is\nnecessary that the one or the other should be", "league": 2, "experts": [20, 23, 43], "attendants": []}}, {"model": "sh_app.huddle", "pk": 12, "fields": {"name": "canicularsailorings", "address": "98 dredgers Road", "date": null, "description": "parated by the greatest possible\ndistance.\n\n  Quantity does not, it appears, admit of variation of degree. One\nthing cannot be two cubits long in a greater degr", "league": 2, "experts": [19, 23, 43], "attendants": [17]}}, {"model": "sh_app.huddle", "pk": 13, "fields": {"name": "pairedscrims", "address": "253 hashes Avenue", "date": null, "description": "bute by comparison\nwith something. Again, that which is called similar must be similar to\nsomething else, and all other such attributes have this external\nrefer", "league": 2, "experts": [19, 20, 43], "attendants": []}}, {"model": "sh_app.huddle", "pk": 14, "fields": {"name": "diminishingrhinoscopes", "address": "408 moons Avenue", "date": null, "description": "hat which is called similar must be similar to\nsomething else, and all other such attributes have this external\nreference. It is to be noted that lying and stan", "league": 2, "experts": [19, 20, 43], "attendants": [63]}}, {"model": "sh_app.huddle", "pk": 15, "fields": {"name": "waterproofalberts", "address": "284 affiliate Road", "date": null, "description": " then, no change takes\nplace in themselves, these cannot be said to be capable of admitting\ncontrary qualities.\n\n  But it is by reason of the modification which", "league": 2, "experts": [19, 20, 43], "attendants": []}}, {"model": "sh_app.huddle", "pk": 16, "fields": {"name": "untraversedviandss", "address": "975 isocracies Road", "date": null, "description": "ality and inequality but rather\nin terms of similarity. Thus it is the distinctive mark of quantity\nthat it can be called equal and unequal.\n\n                  ", "league": 2, "experts": [19, 20, 43], "attendants": []}}, {"model": "sh_app.huddle", "pk": 17, "fields": {"name": "uranicflannelettes", "address": "142 semicomas Street", "date": null, "description": "n the house. The\nterms 'two cubits long, \"three cubits long,' and so on indicate\nquantity, the terms 'great' and 'small' indicate relation, for they\nhave refere", "league": 2, "experts": [20, 23, 43], "attendants": []}}, {"model": "sh_app.huddle", "pk": 18, "fields": {"name": "uncensoriousBryants", "address": "949 alizarine Drive", "date": null, "description": "the rest of these qualities.\n\n  Whiteness and blackness, however, and the other colours, are not\nsaid to be affective qualities in this sense, but -because they", "league": 2, "experts": [20, 23, 43], "attendants": [23]}}, {"model": "sh_app.huddle", "pk": 19, "fields": {"name": "observedmegajoules", "address": "492 scores Avenue", "date": null, "description": " relation to its opposite, knowledge. For\nthe thing known is explained as that which is known by something, that\nis, by knowledge. Such things, then, as are opp", "league": 2, "experts": [19, 23, 43], "attendants": [85]}}, {"model": "sh_app.huddle", "pk": 20, "fields": {"name": "discreditablefugs", "address": "414 Rubbra Avenue", "date": null, "description": "this sense the word is used to indicate that one thing is\nolder or more ancient than another, for the expressions 'older' and\n'more ancient' imply greater lengt", "league": 2, "experts": [20, 23, 43], "attendants": []}}, {"model": "sh_app.huddle", "pk": 21, "fields": {"name": "hominoidbarnstormers", "address": "887 catalogers Road", "date": null, "description": "od,\nat another bad. This capacity is found nowhere else, though it might\nbe maintained that a statement or opinion was an exception to the\nrule. The same statem", "league": 3, "experts": [40, 78, 93], "attendants": []}}, {"model": "sh_app.huddle", "pk": 22, "fields": {"name": "cysticservitudess", "address": "742 trawlers Avenue", "date": null, "description": "med, inasmuch as not only the name, but also the definition, is\nthe same in both cases: for if a man should state in what sense each\nis an animal, the statement", "league": 3, "experts": [40, 90, 93], "attendants": [52]}}, {"model": "sh_app.huddle", "pk": 23, "fields": {"name": "ministeringBrightons", "address": "575 fauteuils Street", "date": null, "description": "posed in this way is derived from\nthat of the science. Sometimes, even though a name exists for the\nquality, that which takes its character from the quality has", "league": 3, "experts": [40, 78, 90], "attendants": [4, 40]}}, {"model": "sh_app.huddle", "pk": 24, "fields": {"name": "actingchokebores", "address": "68 exposers Avenue", "date": null, "description": "the one case will be appropriate to that\ncase only.\n\n  On the other hand, things are said to be named 'univocally' which\nhave both the name and the definition a", "league": 3, "experts": [40, 78, 90], "attendants": [52]}}, {"model": "sh_app.huddle", "pk": 25, "fields": {"name": "tenseZoffanys", "address": "816 byssus Road", "date": null, "description": "is natural is not said either to be blind or to\nsee. Thus 'positives' and 'privatives' do not belong to that class\nof contraries which consists of those which h", "league": 3, "experts": [40, 90, 93], "attendants": []}}, {"model": "sh_app.huddle", "pk": 26, "fields": {"name": "unillumedmoistures", "address": "14 zaptiah Road", "date": null, "description": "sent in a subject, but are never\npredicable of a subject. For instance, a certain point of\ngrammatical knowledge is present in the mind, but is not predicable o", "league": 3, "experts": [40, 90, 93], "attendants": [84]}}, {"model": "sh_app.huddle", "pk": 27, "fields": {"name": "absenttombstoness", "address": "762 gardens Street", "date": null, "description": "e from the word 'grammar', and the\ncourageous man from the word 'courage'.\n\n                                 2\n\n  Forms of speech are either simple or composite", "league": 3, "experts": [40, 78, 90], "attendants": [48, 52, 93]}}, {"model": "sh_app.huddle", "pk": 28, "fields": {"name": "electroplateThetiss", "address": "684 battlegrounds Street", "date": null, "description": "not necessary that one should\nbe true and the other false, for when he is not yet able to acquire\nthe power of vision, both are false, as also if Socrates is al", "league": 3, "experts": [40, 90, 93], "attendants": []}}, {"model": "sh_app.huddle", "pk": 29, "fields": {"name": "merdivorousstocktakings", "address": "83 agrapha Drive", "date": null, "description": "h is not either extreme, as in the\ncase of that which is neither good nor bad, neither just nor unjust.\n\n  (iii) 'privatives' and 'Positives' have reference to ", "league": 3, "experts": [40, 78, 93], "attendants": [4]}}, {"model": "sh_app.huddle", "pk": 30, "fields": {"name": "calculatinginnocencys", "address": "459 visualisation Drive", "date": null, "description": "e. For 'Socrates has sight' is the opposite of 'Socrates is blind'\nin the sense of the word 'opposite' which applies to possession and\nprivation. Now if Socrate", "league": 3, "experts": [40, 78, 90], "attendants": [90]}}, {"model": "sh_app.huddle", "pk": 31, "fields": {"name": "cleanliercabernets", "address": "259 deerstalkers Road", "date": null, "description": "n primary substance and everything else\nsubsists also between the species and the genus to which the primary\nsubstance belongs, on the one hand, and every attri", "league": 4, "experts": [42, 81, 83], "attendants": [17]}}, {"model": "sh_app.huddle", "pk": 32, "fields": {"name": "thicksetOrcuss", "address": "131 shut Drive", "date": null, "description": "he latter\nin ephemeral, the former is permanent and difficult to alter.\n\n  Habits are at the same time dispositions, but dispositions are not\nnecessarily habits", "league": 4, "experts": [3, 81, 83], "attendants": []}}, {"model": "sh_app.huddle", "pk": 33, "fields": {"name": "mansardstasidionss", "address": "283 harmost Avenue", "date": null, "description": "conditions are called affections, not qualities.\n\n  In like manner there are affective qualities and affections of the\nsoul. That temper with which a man is bor", "league": 4, "experts": [42, 81, 83], "attendants": [17]}}, {"model": "sh_app.huddle", "pk": 34, "fields": {"name": "apodicticliterals", "address": "486 samplers Avenue", "date": null, "description": "ongs to a\nthing; and besides this, straightness and curvedness and any other\nqualities of this type; each of these defines a thing as being such\nand such. Becau", "league": 4, "experts": [3, 42, 83], "attendants": []}}, {"model": "sh_app.huddle", "pk": 35, "fields": {"name": "passerinecentavos", "address": "346 decade Drive", "date": null, "description": " of them or present\nin them. Now the same relation which subsists between primary\nsubstance and everything else subsists also between the species and\nthe genus:", "league": 4, "experts": [3, 42, 83], "attendants": [42, 65, 71, 81]}}, {"model": "sh_app.huddle", "pk": 36, "fields": {"name": "swartperlitess", "address": "393 cast-off Drive", "date": null, "description": "e result of an act of\ncomparison. For instance, a mountain is called small, a grain large,\nin virtue of the fact that the latter is greater than others of its\nk", "league": 4, "experts": [3, 42, 83], "attendants": [22]}}, {"model": "sh_app.huddle", "pk": 37, "fields": {"name": "Tiroleansixerss", "address": "758 chronoscopes Road", "date": null, "description": " that in\nthat of the species: he who uses the word 'animal' is herein using a\nword of wider extension than he who uses the word 'man'.\n\n  Another mark of substa", "league": 4, "experts": [3, 42, 83], "attendants": [11, 56]}}, {"model": "sh_app.huddle", "pk": 38, "fields": {"name": "varietalparegoricss", "address": "713 loll Road", "date": null, "description": "being such because of its wings.\n\n  Occasionally, perhaps, it is necessary to coin words, if no word\nexists by which a correlation can adequately be explained. ", "league": 4, "experts": [3, 81, 83], "attendants": [81]}}, {"model": "sh_app.huddle", "pk": 39, "fields": {"name": "micellarapprizers", "address": "865 lops Road", "date": null, "description": "itting are\nparticular attitudes, but attitude is itself a relative term. To\nlie, to stand, to be seated, are not themselves attitudes, but take\ntheir name from ", "league": 4, "experts": [3, 42, 81], "attendants": []}}, {"model": "sh_app.huddle", "pk": 40, "fields": {"name": "astuciousbawdss", "address": "405 caffein Street", "date": null, "description": " of those which have no intermediate. On\nthe other hand, they do not belong either to that class which consists\nof contraries which have an intermediate. For un", "league": 4, "experts": [3, 42, 81], "attendants": [3, 42]}}, {"model": "sh_app.huddle", "pk": 41, "fields": {"name": "antlikesizers", "address": "691 marlinspikes Avenue", "date": null, "description": "ld\nseem to claim this characteristic. 'Socrates is ill' is the contrary\nof 'Socrates is well', but not even of such composite expressions is\nit true to say that", "league": 5, "experts": [12, 36, 74], "attendants": [12]}}, {"model": "sh_app.huddle", "pk": 42, "fields": {"name": "crookedgoblinss", "address": "77 parenthesises Road", "date": null, "description": "ce, in the\ncase of a man's height; for he is said to 'have' a height of three\nor four cubits. It is used, moreover, with regard to apparel, a man\nbeing said to ", "league": 5, "experts": [12, 36, 74], "attendants": [66, 74]}}, {"model": "sh_app.huddle", "pk": 43, "fields": {"name": "freshwaterKiels", "address": "302 obtuseness Avenue", "date": null, "description": "man who has become\nbald does not regain his hair; the man who has lost his teeth does not\ngrow his grow a new set. (iv) Statements opposed as affirmation and\nne", "league": 5, "experts": [12, 36, 74], "attendants": []}}, {"model": "sh_app.huddle", "pk": 44, "fields": {"name": "coccygealimprecisionss", "address": "457 Midwesterners Street", "date": null, "description": "re not relative. Further, if anything\nshould happen to fall within both the category of quality and that\nof relation, there would be nothing extraordinary in cl", "league": 5, "experts": [12, 16, 36], "attendants": []}}, {"model": "sh_app.huddle", "pk": 45, "fields": {"name": "prunedobstreperousnesss", "address": "410 Albertine Drive", "date": null, "description": "autiful, he\ncan no longer claim to know definitely that it is more beautiful\nthan something else which is less beautiful: for it might be that\nnothing was less ", "league": 5, "experts": [12, 16, 74], "attendants": []}}, {"model": "sh_app.huddle", "pk": 46, "fields": {"name": "carpellateforgers", "address": "348 durions Road", "date": null, "description": "es;\nthe species 'man' and the species 'ox' are not defined with\nreference to anything outside themselves. Wood, again, is only\nrelative in so far as it is some ", "league": 5, "experts": [12, 36, 74], "attendants": [12]}}, {"model": "sh_app.huddle", "pk": 47, "fields": {"name": "extinctivephrensys", "address": "783 loveys Road", "date": null, "description": "does not exist, the object may nevertheless quite\nwell exist. Thus, in the case of the squaring of the circle, if indeed\nthat process is an object of knowledge,", "league": 5, "experts": [12, 36, 74], "attendants": [66]}}, {"model": "sh_app.huddle", "pk": 48, "fields": {"name": "gluedureas", "address": "400 battlement Road", "date": null, "description": "dness, again, are predicated of man, and of many\nother things, but it is not necessary that either the one quality or\nthe other should be present in that of whi", "league": 5, "experts": [12, 36, 74], "attendants": [69]}}, {"model": "sh_app.huddle", "pk": 49, "fields": {"name": "amazingtamps", "address": "537 paraesthesia Street", "date": null, "description": "ith good reason that of all that remains, when we\nexclude primary substances, we concede to species and genera alone the\nname 'secondary substance', for these a", "league": 5, "experts": [12, 16, 74], "attendants": [10]}}, {"model": "sh_app.huddle", "pk": 50, "fields": {"name": "overlappingvivacitys", "address": "235 dobber-in Avenue", "date": null, "description": "is\nis for the most part true, as in the case of the double and the\nhalf. The existence of the half necessitates the existence of that\nof which it is a half. Sim", "league": 5, "experts": [12, 16, 36], "attendants": [16, 94]}}, {"model": "sh_app.huddle", "pk": 51, "fields": {"name": "enunciatorymuskiess", "address": "718 worrywart Street", "date": null, "description": "ated. The determinate\nqualification covers a larger field in the case of the genus that in\nthat of the species: he who uses the word 'animal' is herein using a\n", "league": 6, "experts": [4, 35, 96], "attendants": [38]}}, {"model": "sh_app.huddle", "pk": 52, "fields": {"name": "untransmittedgulositys", "address": "395 ordnance Drive", "date": null, "description": "unlikeness can be predicated\nwith reference to quality only, gives to that category its distinctive\nfeature. One thing is like another only with reference to th", "league": 6, "experts": [4, 35, 98], "attendants": [35]}}, {"model": "sh_app.huddle", "pk": 53, "fields": {"name": "chewablefades", "address": "207 Arapaho Drive", "date": null, "description": "f the science. Sometimes, even though a name exists for the\nquality, that which takes its character from the quality has a name\nthat is not a derivative. For in", "league": 6, "experts": [4, 35, 96], "attendants": []}}, {"model": "sh_app.huddle", "pk": 54, "fields": {"name": "dead-onconsiderationss", "address": "420 derailments Drive", "date": null, "description": "does not appear to\nexist. This comes about when a blunder is made, and that to which\nthe relative is related is not accurately stated. If a man states that\na wi", "league": 6, "experts": [4, 35, 96], "attendants": []}}, {"model": "sh_app.huddle", "pk": 55, "fields": {"name": "Kuficfeatherbeddings", "address": "237 peridiums Street", "date": null, "description": " the other of them, have no\nintermediate, but those in the case of which no such necessity\nobtains, always have an intermediate. Thus disease and health are\nnat", "league": 6, "experts": [4, 35, 98], "attendants": []}}, {"model": "sh_app.huddle", "pk": 56, "fields": {"name": "feloniouslithographerss", "address": "356 gnarl Road", "date": null, "description": "ividual\nman, and is never present in a subject.\n\n  By being 'present in a subject' I do not mean present as parts are\npresent in a whole, but being incapable of", "league": 6, "experts": [4, 96, 98], "attendants": [39]}}, {"model": "sh_app.huddle", "pk": 57, "fields": {"name": "ascensiveankuss", "address": "680 Canaanites Drive", "date": null, "description": "ee instances of this: in most, the contrary of an evil is a good.\n\n  In the case of contraries, it is not always necessary that if one\nexists the other should a", "league": 6, "experts": [4, 35, 98], "attendants": [39]}}, {"model": "sh_app.huddle", "pk": 58, "fields": {"name": "slowcathedras", "address": "75 misdates Road", "date": null, "description": "ities, but only in that subject of which the\none forms a constitutive property. Moreover, in such cases it is one\nmember of the pair determinately, and not eith", "league": 6, "experts": [4, 35, 98], "attendants": [4, 39]}}, {"model": "sh_app.huddle", "pk": 59, "fields": {"name": "whisperedunsuspectednesss", "address": "922 society Avenue", "date": null, "description": " that toothless which has\nnot teeth, or that blind which has not sight, but rather that which\nhas not teeth or sight at the time when by nature it should. For t", "league": 6, "experts": [35, 96, 98], "attendants": [98]}}, {"model": "sh_app.huddle", "pk": 60, "fields": {"name": "amphibolicvicegerenciess", "address": "263 Hamitic Road", "date": null, "description": "the fact that Socrates\nis ill is the contrary of the fact that Socrates is well, and two\ncontrary conditions cannot both obtain in one and the same\nindividual a", "league": 6, "experts": [4, 35, 98], "attendants": [35]}}, {"model": "sh_app.huddle", "pk": 61, "fields": {"name": "childlikemorays", "address": "663 localisation Drive", "date": null, "description": "; of the\nformer 'man', 'ox', 'runs', 'wins'.\n\n  Of things themselves some are predicable of a subject, and are never\npresent in a subject. Thus 'man' is predica", "league": 7, "experts": [30, 68, 73], "attendants": [82]}}, {"model": "sh_app.huddle", "pk": 62, "fields": {"name": "pastoralsalterss", "address": "443 millibars Street", "date": null, "description": "se of a man's height; for he is said to 'have' a height of three\nor four cubits. It is used, moreover, with regard to apparel, a man\nbeing said to 'have' a coat", "league": 7, "experts": [68, 73, 82], "attendants": [43]}}, {"model": "sh_app.huddle", "pk": 63, "fields": {"name": "stereospecificstruggless", "address": "11 lactation Street", "date": null, "description": " as being such because of its wings.\n\n  Occasionally, perhaps, it is necessary to coin words, if no word\nexists by which a correlation can adequately be explain", "league": 7, "experts": [30, 68, 82], "attendants": [68]}}, {"model": "sh_app.huddle", "pk": 64, "fields": {"name": "recentfallfishess", "address": "483 atheneum Street", "date": null, "description": "more or less beautiful than some\nother beautiful object. The same quality, moreover, is said to subsist\nin a thing in varying degrees at different times. A body", "league": 7, "experts": [30, 68, 82], "attendants": [30, 74]}}, {"model": "sh_app.huddle", "pk": 65, "fields": {"name": "unadjustedgobbets", "address": "89 botfly Road", "date": null, "description": "I\nadd this condition because, if that to which they are related is\nstated as haphazard and not accurately, the two are not found to be\ninterdependent. Let me st", "league": 7, "experts": [30, 68, 82], "attendants": [68, 74]}}, {"model": "sh_app.huddle", "pk": 66, "fields": {"name": "helicoidalpolytechnicss", "address": "300 petcocks Avenue", "date": null, "description": " for they say that those things are contraries\nwhich, within the same class, are separated by the greatest possible\ndistance.\n\n  Quantity does not, it appears, ", "league": 7, "experts": [30, 68, 82], "attendants": [76]}}, {"model": "sh_app.huddle", "pk": 67, "fields": {"name": "complimentarytitivations", "address": "443 scratch Road", "date": null, "description": "ot necessary either that it should see or that it should be blind,\nbut that it should be either in the one state or in the other. Yet\nin the case of those contr", "league": 7, "experts": [68, 73, 82], "attendants": [30, 82]}}, {"model": "sh_app.huddle", "pk": 68, "fields": {"name": "high-tensionHollanders", "address": "814 leaser Avenue", "date": null, "description": "disease and health are\nnaturally present in the body of an animal, and it is necessary that\neither the one or the other should be present in the body of an\nanim", "league": 7, "experts": [30, 68, 82], "attendants": []}}, {"model": "sh_app.huddle", "pk": 69, "fields": {"name": "injudiciousmaidenhoods", "address": "391 Irving Road", "date": null, "description": "s, and, this being the case, it would be true to\nsay that no substance is relative in character. It is perhaps a\ndifficult matter, in such cases, to make a posi", "league": 7, "experts": [30, 68, 73], "attendants": [56]}}, {"model": "sh_app.huddle", "pk": 70, "fields": {"name": "commemoratorybeldams", "address": "449 voters Drive", "date": null, "description": "what has been said that both the name and the\ndefinition of the predicate must be predicable of the subject. For\ninstance, 'man' is predicted of the individual ", "league": 7, "experts": [68, 73, 82], "attendants": [43, 74]}}, {"model": "sh_app.huddle", "pk": 71, "fields": {"name": "alightsouvlakias", "address": "852 maharajah Road", "date": null, "description": " definition corresponding with the name\ndiffers for each. For should any one define in what sense each is an\nanimal, his definition in the one case will be appr", "league": 8, "experts": [27, 40, 87], "attendants": [33]}}, {"model": "sh_app.huddle", "pk": 72, "fields": {"name": "axillarydilatabilitys", "address": "141 disintegrator Street", "date": null, "description": "t which\nthe syllables join, but each is separate and distinct from the rest.\n\n  A line, on the other hand, is a continuous quantity, for it is\npossible to find ", "league": 8, "experts": [27, 40, 84], "attendants": []}}, {"model": "sh_app.huddle", "pk": 73, "fields": {"name": "wastefulsequestrants", "address": "289 lanugos Avenue", "date": null, "description": "lain from the following facts: Of a pair of contraries such that they\nhave no intermediate, one or the other must needs be present in the\nsubject in which they ", "league": 8, "experts": [27, 84, 87], "attendants": []}}, {"model": "sh_app.huddle", "pk": 74, "fields": {"name": "rheologicchoristers", "address": "157 glaciologist Drive", "date": null, "description": "should be present in that of which they are predicated: it\nis not true to say that everything that may be good or bad must be\neither good or bad. These pairs of", "league": 8, "experts": [27, 40, 87], "attendants": [33, 84]}}, {"model": "sh_app.huddle", "pk": 75, "fields": {"name": "leerierembranglements", "address": "151 aerophobia Road", "date": null, "description": "always the case. Red,\nyellow, and such colours, though qualities, have no contraries.\n\n  If one of two contraries is a quality, the other will also be a\nquality", "league": 8, "experts": [27, 40, 84], "attendants": []}}, {"model": "sh_app.huddle", "pk": 76, "fields": {"name": "unidealisticbackcrosss", "address": "669 landscapist Drive", "date": null, "description": "substance is capable of admitting contrary qualities, yet no\none is at the same time both sick and healthy, nothing is at the\nsame time both white and black. No", "league": 8, "experts": [27, 40, 84], "attendants": []}}, {"model": "sh_app.huddle", "pk": 77, "fields": {"name": "ill-conceivedconservess", "address": "974 knotter Drive", "date": null, "description": "d.\n\n  Yet it would seem that besides those mentioned there is yet another.\nFor in those things, the being of each of which implies that of the\nother, that which", "league": 8, "experts": [27, 40, 84], "attendants": []}}, {"model": "sh_app.huddle", "pk": 78, "fields": {"name": "fibrillarproscriberss", "address": "104 provision Street", "date": null, "description": "ealth and disease\nare contraries: neither of them is true or false. 'Double' and\n'half' are opposed to each other as correlatives: neither of them is\ntrue or fa", "league": 8, "experts": [40, 84, 87], "attendants": []}}, {"model": "sh_app.huddle", "pk": 79, "fields": {"name": "protochordatecloacas", "address": "671 scrutinies Road", "date": null, "description": "cooled, being glad of being vexed. Thus they admit\nof contraries. They also admit of variation of degree: for it is\npossible to heat in a greater or less degree", "league": 8, "experts": [27, 40, 84], "attendants": [78]}}, {"model": "sh_app.huddle", "pk": 80, "fields": {"name": "caespitoseosteoclasiss", "address": "24 creditors Drive", "date": null, "description": "not be disturbed because it may be argued that, though\nproposing to discuss the category of quality, we have included in it\nmany relative terms. We did say that", "league": 8, "experts": [27, 84, 87], "attendants": [71]}}, {"model": "sh_app.huddle", "pk": 81, "fields": {"name": "Phanerozoicmoorhens", "address": "581 reperusal Street", "date": null, "description": "ight,\nso is being blind opposed to having sight.\n\n  That which is affirmed or denied is not itself affirmation or\ndenial. By 'affirmation' we mean an affirmativ", "league": 9, "experts": [3, 51, 99], "attendants": [3]}}, {"model": "sh_app.huddle", "pk": 82, "fields": {"name": "unconfiningWeimaraners", "address": "286 enchantress Avenue", "date": null, "description": "sed. For instance,\n'white' being present in a body is predicated of that in which it is\npresent, for a body is called white: the definition, however, of the\ncol", "league": 9, "experts": [3, 35, 99], "attendants": []}}, {"model": "sh_app.huddle", "pk": 83, "fields": {"name": "centroclinalnationalizationss", "address": "557 Tyburn Road", "date": null, "description": "as grey and sallow\nand all the other colours that come between white and black; in\nother cases, however, it is not easy to name the intermediate, but\nwe must de", "league": 9, "experts": [35, 51, 99], "attendants": []}}, {"model": "sh_app.huddle", "pk": 84, "fields": {"name": "sporangialEmilia-Romagnas", "address": "254 mounting-block Avenue", "date": null, "description": "e habits, for knowledge, even when\nacquired only in a moderate degree, is, it is agreed, abiding in its\ncharacter and difficult to displace, unless some great m", "league": 9, "experts": [3, 51, 99], "attendants": [99]}}, {"model": "sh_app.huddle", "pk": 85, "fields": {"name": "tetragonalshellss", "address": "125 Sarthe Road", "date": null, "description": "exists or not, one is always false and the other true. For manifestly,\nif Socrates exists, one of the two propositions 'Socrates is ill',\n'Socrates is not ill',", "league": 9, "experts": [3, 35, 51], "attendants": [34, 61, 99]}}, {"model": "sh_app.huddle", "pk": 86, "fields": {"name": "maigreshelters", "address": "588 cabooses Street", "date": null, "description": "nother. Primarily and most properly the term has reference to\ntime: in this sense the word is used to indicate that one thing is\nolder or more ancient than anot", "league": 9, "experts": [3, 35, 51], "attendants": []}}, {"model": "sh_app.huddle", "pk": 87, "fields": {"name": "grantedundesirables", "address": "4 sleight Avenue", "date": null, "description": "imply greater length of time.\n\n  Secondly, one thing is said to be 'prior' to another when the\nsequence of their being cannot be reversed. In this sense 'one' i", "league": 9, "experts": [3, 51, 99], "attendants": [60, 61]}}, {"model": "sh_app.huddle", "pk": 88, "fields": {"name": "lightishorthopterans", "address": "685 cakewalkers Avenue", "date": null, "description": "ve within them no such relation of part to part.\n\n  Instances of discrete quantities are number and speech; of\ncontinuous, lines, surfaces, solids, and, besides", "league": 9, "experts": [35, 51, 99], "attendants": [51]}}, {"model": "sh_app.huddle", "pk": 89, "fields": {"name": "convexo-convextympanys", "address": "277 trochanter Drive", "date": null, "description": "s, as a ring on the hand: or in respect\nof something which is a part of us, as hand or foot. The term refers\nalso to content, as in the case of a vessel and whe", "league": 9, "experts": [3, 35, 99], "attendants": [34]}}, {"model": "sh_app.huddle", "pk": 90, "fields": {"name": "etherealBurundis", "address": "236 yogi Road", "date": null, "description": " this\nqualitative form of motion. In this way becoming white is the contrary\nof becoming black; there is alteration in the contrary direction,\nsince a change of", "league": 9, "experts": [3, 35, 99], "attendants": [34]}}, {"model": "sh_app.suggestion", "pk": 1, "fields": {"name": "outspread hildings Indianization\n", "description": "common characteristic of all sub. stance that it is never\npresent in a subject. For primary substance is neither present in a\nsubject nor predicated of a subject; while, with regard to secondary\nsubst", "is_accepted": false, "voting_starts": "2016-05-03T22:16:31.781Z", "voting_ends": "2016-05-12T22:16:31.781Z", "suggested_by": 43, "league": 1, "upvotes": [42, 43, 69], "downvotes": [9, 16, 24, 34, 72, 85]}}, {"model": "sh_app.suggestion", "pk": 2, "fields": {"name": "compassable postcava veterinarians\n", "description": "d of that of which the\ndifferentia itself is predicated. For instance, if the\ncharacteristic 'terrestrial' is predicated of the species 'man', the\ndefinition also of that characteristic may be used to", "is_accepted": false, "voting_starts": "2016-05-11T22:16:31.790Z", "voting_ends": "2016-05-16T22:16:31.790Z", "suggested_by": 24, "league": 1, "upvotes": [24, 31, 43, 72], "downvotes": [9, 16, 34, 42, 78, 85]}}, {"model": "sh_app.suggestion", "pk": 3, "fields": {"name": "eath garryas babus\n", "description": "onger be\nanything to know. Yet it is equally true that, if knowledge of a\ncertain object does not exist, the object may nevertheless quite\nwell exist. Thus, in the case of the squaring of the circle, ", "is_accepted": false, "voting_starts": "2016-05-10T22:16:31.797Z", "voting_ends": "2016-05-17T22:16:31.797Z", "suggested_by": 42, "league": 1, "upvotes": [72, 78], "downvotes": [9, 24, 31, 69, 85]}}, {"model": "sh_app.suggestion", "pk": 4, "fields": {"name": "bacterial resolutioners disyllable\n", "description": "resent in the human mind, it is\npredicable of grammar.\n\n  There is, lastly, a class of things which are neither present in a\nsubject nor predicable of a subject, such as the individual man or the\nindi", "is_accepted": false, "voting_starts": "2016-05-03T22:16:31.803Z", "voting_ends": "2016-05-12T22:16:31.803Z", "suggested_by": 24, "league": 1, "upvotes": [16, 24, 31, 43, 78], "downvotes": [9, 69, 85]}}, {"model": "sh_app.suggestion", "pk": 5, "fields": {"name": "unmatriculated cinema Eolian\n", "description": "nt in\na subject, it is generally the case that neither their name nor\ntheir definition is predicable of that in which they are present.\nThough, however, the definition is never predicable, there is\nno", "is_accepted": false, "voting_starts": "2016-05-05T22:16:31.809Z", "voting_ends": "2016-05-08T22:16:31.809Z", "suggested_by": 85, "league": 1, "upvotes": [9, 16, 43, 69], "downvotes": [31, 78, 85]}}, {"model": "sh_app.suggestion", "pk": 6, "fields": {"name": "protean cutter hypochondriasis\n", "description": "ne to call those conditions habits which\nare of a more or less permanent type and difficult to displace; for\nthose who are not retentive of knowledge, but volatile, are not said\nto have such and such ", "is_accepted": false, "voting_starts": "2016-05-07T22:16:31.815Z", "voting_ends": "2016-05-12T22:16:31.815Z", "suggested_by": 78, "league": 1, "upvotes": [16, 31, 34, 69, 78, 85], "downvotes": [9, 42, 72]}}, {"model": "sh_app.suggestion", "pk": 7, "fields": {"name": "stagey ecus lacerations\n", "description": "others of its\nkind, the former less. Thus there is a reference here to an external\nstandard, for if the terms 'great' and 'small' were used absolutely, a\nmountain would never be called small or a grai", "is_accepted": false, "voting_starts": "2016-05-10T22:16:31.821Z", "voting_ends": "2016-05-17T22:16:31.821Z", "suggested_by": 34, "league": 1, "upvotes": [9, 43, 85], "downvotes": [24, 31, 34, 69, 78]}}, {"model": "sh_app.suggestion", "pk": 8, "fields": {"name": "uninucleate halyard giraffe\n", "description": "lone left, the stated correlation existing between\nhim and the slave will remain the same, for it is of a master that a\nslave is said to be the slave. On the other hand, if, of two\ncorrelatives, one i", "is_accepted": false, "voting_starts": "2016-05-13T22:16:31.828Z", "voting_ends": "2016-05-16T22:16:31.828Z", "suggested_by": 78, "league": 1, "upvotes": [], "downvotes": [9, 31, 34, 42, 78, 85]}}, {"model": "sh_app.suggestion", "pk": 9, "fields": {"name": "intemerate spherometers anklebones\n", "description": "e to the other.\n\n  (ii) Pairs of opposites which are contraries are not in any way\ninterdependent, but are contrary the one to the other. The good is not\nspoken of as the good of the had, but as the c", "is_accepted": false, "voting_starts": "2016-05-13T22:16:31.835Z", "voting_ends": "2016-05-23T22:16:31.835Z", "suggested_by": 72, "league": 1, "upvotes": [24, 34, 69], "downvotes": [43, 9, 31, 42, 72, 16, 85]}}, {"model": "sh_app.suggestion", "pk": 10, "fields": {"name": "unreproaching subcontractors tub-thumper\n", "description": "any one should render an account of what a primary substance is, he\nwould render a more instructive account, and one more proper to the\nsubject, by stating the species than by stating the genus. Thus,", "is_accepted": false, "voting_starts": "2016-05-13T22:16:31.842Z", "voting_ends": "2016-05-23T22:16:31.842Z", "suggested_by": 72, "league": 1, "upvotes": [31, 72, 85], "downvotes": [9, 16, 69, 78]}}, {"model": "sh_app.suggestion", "pk": 11, "fields": {"name": "double-dealing torchier arming\n", "description": "hat the body is\nannihilated, for the body is a perceptible thing; and if the body does\nnot exist, it follows that perception also ceases to exist. Thus the\nannihilation of the perceptible involves tha", "is_accepted": false, "voting_starts": "2016-05-06T22:16:31.848Z", "voting_ends": "2016-05-14T22:16:31.848Z", "suggested_by": 23, "league": 2, "upvotes": [17, 19, 23, 32, 85], "downvotes": [20, 33, 63, 78]}}, {"model": "sh_app.suggestion", "pk": 12, "fields": {"name": "ocular inequity querist\n", "description": " the other; for in such cases neither is\nprior or posterior to the other. Such things are said to be\nsimultaneous in point of time. Those things, again, are 'simultaneous'\nin point of nature, the bein", "is_accepted": false, "voting_starts": "2016-05-10T22:16:31.853Z", "voting_ends": "2016-05-14T22:16:31.853Z", "suggested_by": 32, "league": 2, "upvotes": [32, 63, 83, 85], "downvotes": [17, 19, 23]}}, {"model": "sh_app.suggestion", "pk": 13, "fields": {"name": "subacute menstruation campers\n", "description": "r of which they are\npredicated; for it is those, as we proved,' in the case of which\nthis necessity obtains, that have no intermediate. Moreover, we\ncited health and disease, odd and even, as instance", "is_accepted": false, "voting_starts": "2016-05-10T22:16:31.861Z", "voting_ends": "2016-05-19T22:16:31.861Z", "suggested_by": 20, "league": 2, "upvotes": [83, 85], "downvotes": [17, 19, 20, 78]}}, {"model": "sh_app.suggestion", "pk": 14, "fields": {"name": "buffeted statistics specialities\n", "description": "ngthy, because the time covered\nis long; these things cannot in their own right claim the quantitative\nepithet. For instance, should any one explain how long an action\nwas, his statement would be made", "is_accepted": false, "voting_starts": "2016-05-12T22:16:31.867Z", "voting_ends": "2016-05-13T22:16:31.867Z", "suggested_by": 33, "league": 2, "upvotes": [32, 33, 43, 63], "downvotes": [19, 23, 78, 85]}}, {"model": "sh_app.suggestion", "pk": 15, "fields": {"name": "unpoisoned snippings hegemonists\n", "description": "name 'animal'; yet these are equivocally so named, for, though\nthey have a common name, the definition corresponding with the name\ndiffers for each. For should any one define in what sense each is an\n", "is_accepted": false, "voting_starts": "2016-05-07T22:16:31.873Z", "voting_ends": "2016-05-13T22:16:31.873Z", "suggested_by": 85, "league": 2, "upvotes": [20, 85], "downvotes": [23, 32, 33, 43, 78, 83]}}, {"model": "sh_app.suggestion", "pk": 16, "fields": {"name": "agrarian secretariats tumefaction\n", "description": "titution, but also\nif they come about through long disease or sunburn, and are\ndifficult to remove, or indeed remain throughout life. For in the same\nway we are said to be such and such because of the", "is_accepted": false, "voting_starts": "2016-05-10T22:16:31.878Z", "voting_ends": "2016-05-14T22:16:31.878Z", "suggested_by": 20, "league": 2, "upvotes": [32, 43, 63, 83], "downvotes": [23, 33]}}, {"model": "sh_app.suggestion", "pk": 17, "fields": {"name": "gadrooned holloes despiser\n", "description": "ome\nparticular thing is relative, assuming that we call that a relative in\nthe case of which relation to something is a necessary condition of\nexistence, he knows that also to which it is related. For", "is_accepted": false, "voting_starts": "2016-05-08T22:16:31.884Z", "voting_ends": "2016-05-13T22:16:31.884Z", "suggested_by": 85, "league": 2, "upvotes": [83], "downvotes": [17, 20, 23, 33, 85]}}, {"model": "sh_app.suggestion", "pk": 18, "fields": {"name": "supercolumnar sabbatical frippery\n", "description": "that the same\nthing comes to be both small and great at one and the same time, and\nis of such a nature as to admit contrary qualities at one and the same\nmoment. Yet it was agreed, when substance was ", "is_accepted": false, "voting_starts": "2016-05-06T22:16:31.890Z", "voting_ends": "2016-05-15T22:16:31.890Z", "suggested_by": 19, "league": 2, "upvotes": [17, 20, 23, 32, 43, 63], "downvotes": [83]}}, {"model": "sh_app.suggestion", "pk": 19, "fields": {"name": "wight blubber metallization\n", "description": "thing else which is less beautiful: for it might be that\nnothing was less beautiful. It is, therefore, evident that if a man\napprehends some relative thing definitely, he necessarily knows that\nalso d", "is_accepted": false, "voting_starts": "2016-05-11T22:16:31.896Z", "voting_ends": "2016-05-17T22:16:31.896Z", "suggested_by": 83, "league": 2, "upvotes": [19, 20, 23, 32, 33], "downvotes": [17, 63, 78, 83, 85]}}, {"model": "sh_app.suggestion", "pk": 20, "fields": {"name": "metastatic andromeda metastasises\n", "description": "omplish\nsomething with ease. Men are called healthy in virtue of the inborn\ncapacity of easy resistance to those unhealthy influences that may\nordinarily arise; unhealthy, in virtue of the lack of thi", "is_accepted": false, "voting_starts": "2016-05-09T22:16:31.902Z", "voting_ends": "2016-05-12T22:16:31.902Z", "suggested_by": 63, "league": 2, "upvotes": [43, 63, 85], "downvotes": [32, 83]}}, {"model": "sh_app.suggestion", "pk": 21, "fields": {"name": "unequivocal bypass polysyllables\n", "description": "n its\ncharacter and difficult to displace, unless some great mental upheaval\ntakes place, through disease or any such cause. The virtues, also,\nsuch as justice, self-restraint, and so on, are not easi", "is_accepted": false, "voting_starts": "2016-05-09T22:16:31.908Z", "voting_ends": "2016-05-17T22:16:31.908Z", "suggested_by": 24, "league": 3, "upvotes": [28, 40, 52], "downvotes": [4, 48, 84, 90]}}, {"model": "sh_app.suggestion", "pk": 22, "fields": {"name": "puissant sophistry placers\n", "description": "es there is nothing to prevent such being\npresent in a subject. Thus a certain point of grammatical knowledge is\npresent in a subject.\n\n                                 3\n\n  When one thing is predicat", "is_accepted": false, "voting_starts": "2016-05-08T22:16:31.913Z", "voting_ends": "2016-05-13T22:16:31.913Z", "suggested_by": 78, "league": 3, "upvotes": [24, 52, 78, 84], "downvotes": [90]}}, {"model": "sh_app.suggestion", "pk": 23, "fields": {"name": "paddle-wheel guernseys centaur\n", "description": "y that 'two' exists: thus the sequence subsisting cannot\nbe reversed. It is agreed, then, that when the sequence of two\nthings cannot be reversed, then that one on which the other depends is\ncalled 'p", "is_accepted": false, "voting_starts": "2016-05-13T22:16:31.919Z", "voting_ends": "2016-05-20T22:16:31.919Z", "suggested_by": 4, "league": 3, "upvotes": [28, 84, 90], "downvotes": [11, 40, 48, 78, 93]}}, {"model": "sh_app.suggestion", "pk": 24, "fields": {"name": "loose-leaf hymnals guttersnipes\n", "description": "aid to be\nsuch and such.\n\n  Quality is a term that is used in many senses. One sort of quality\nlet us call 'habit' or 'disposition'. Habit differs from disposition\nin being more lasting and more firml", "is_accepted": false, "voting_starts": "2016-05-03T22:16:31.925Z", "voting_ends": "2016-05-09T22:16:31.925Z", "suggested_by": 93, "league": 3, "upvotes": [4, 11, 40, 48, 93], "downvotes": [24, 28, 78]}}, {"model": "sh_app.suggestion", "pk": 25, "fields": {"name": "fictional ulema forehand\n", "description": "he\nwhole, as in a subject, should not make us apprehensive lest we should\nhave to admit that such parts are not substances: for in explaining\nthe phrase 'being present in a subject', we stated' that w", "is_accepted": false, "voting_starts": "2016-05-12T22:16:31.931Z", "voting_ends": "2016-05-16T22:16:31.931Z", "suggested_by": 24, "league": 3, "upvotes": [4, 11, 28, 48, 84, 93], "downvotes": [24, 40, 52, 90]}}, {"model": "sh_app.suggestion", "pk": 26, "fields": {"name": "amphibolic topmasts decenniums\n", "description": "y that such parts had a relative order, in\nvirtue of one being prior to another. Similarly with number: in\ncounting, 'one' is prior to 'two', and 'two' to 'three', and thus\nthe parts of number may be ", "is_accepted": false, "voting_starts": "2016-05-10T22:16:31.937Z", "voting_ends": "2016-05-17T22:16:31.937Z", "suggested_by": 4, "league": 3, "upvotes": [4, 28, 52, 84], "downvotes": [11, 24, 78, 90]}}, {"model": "sh_app.suggestion", "pk": 27, "fields": {"name": "gingery flabellum prognostics\n", "description": "mar', and the\ncourageous man from the word 'courage'.\n\n                                 2\n\n  Forms of speech are either simple or composite. Examples of the\nlatter are such expressions as 'the man run", "is_accepted": false, "voting_starts": "2016-05-03T22:16:31.943Z", "voting_ends": "2016-05-11T22:16:31.943Z", "suggested_by": 28, "league": 3, "upvotes": [4, 24, 28, 52, 78, 93], "downvotes": [40, 48, 84, 90]}}, {"model": "sh_app.suggestion", "pk": 28, "fields": {"name": "monarchical dossiers geopoliticians\n", "description": " relation to which it is\ndefined, for the statement is not exact. Further, if one thing is said\nto be correlative with another, and the terminology used is correct,\nthen, though all irrelevant attribu", "is_accepted": false, "voting_starts": "2016-05-07T22:16:31.949Z", "voting_ends": "2016-05-12T22:16:31.949Z", "suggested_by": 28, "league": 3, "upvotes": [4, 48, 52, 78, 93], "downvotes": [90]}}, {"model": "sh_app.suggestion", "pk": 29, "fields": {"name": "characterized mentums adults\n", "description": "to those things the genesis of the one of which is\nsimultaneous with that of the other; for in such cases neither is\nprior or posterior to the other. Such things are said to be\nsimultaneous in point o", "is_accepted": false, "voting_starts": "2016-05-04T22:16:31.956Z", "voting_ends": "2016-05-10T22:16:31.956Z", "suggested_by": 24, "league": 3, "upvotes": [28, 40, 52, 84, 90, 93], "downvotes": [24]}}, {"model": "sh_app.suggestion", "pk": 30, "fields": {"name": "blue Tongans clenches\n", "description": "such\nqualities, should be either black or white, cold or hot, for something\nintermediate between these contraries may very well be present in\nthe subject. We proved, moreover, that those contraries ha", "is_accepted": false, "voting_starts": "2016-05-13T22:16:31.962Z", "voting_ends": "2016-05-21T22:16:31.962Z", "suggested_by": 4, "league": 3, "upvotes": [11, 28, 48, 84], "downvotes": [24, 52, 93]}}, {"model": "sh_app.suggestion", "pk": 31, "fields": {"name": "squishy Bulgarian faddist\n", "description": "ich refer to inborn capacity or incapacity.\nSuch things are not predicated of a person in virtue of his\ndisposition, but in virtue of his inborn capacity or incapacity to\ndo something with ease or to ", "is_accepted": false, "voting_starts": "2016-05-05T22:16:31.968Z", "voting_ends": "2016-05-08T22:16:31.968Z", "suggested_by": 56, "league": 4, "upvotes": [17, 56, 83], "downvotes": [11, 22, 27]}}, {"model": "sh_app.suggestion", "pk": 32, "fields": {"name": "heathen orographic kayaks\n", "description": "\nquality, for we are said to 'have' a piece of knowledge or a virtue.\nThen, again, it has reference to quantity, as, for instance, in the\ncase of a man's height; for he is said to 'have' a height of t", "is_accepted": false, "voting_starts": "2016-05-04T22:16:31.974Z", "voting_ends": "2016-05-08T22:16:31.974Z", "suggested_by": 81, "league": 4, "upvotes": [11, 56, 71, 83], "downvotes": [17, 22, 27]}}, {"model": "sh_app.suggestion", "pk": 33, "fields": {"name": "hacking misericords Vedda\n", "description": "ould perhaps go so far as to call it a\nhabit.\n\n  It is evident that men incline to call those conditions habits which\nare of a more or less permanent type and difficult to displace; for\nthose who are ", "is_accepted": false, "voting_starts": "2016-05-03T22:16:31.979Z", "voting_ends": "2016-05-05T22:16:31.979Z", "suggested_by": 83, "league": 4, "upvotes": [3, 11, 42, 71, 81], "downvotes": [17, 27, 56]}}, {"model": "sh_app.suggestion", "pk": 34, "fields": {"name": "propellent Diogenes juicers\n", "description": ".\n\n  There may be other sorts of quality, but those that are most\nproperly so called have, we may safely say, been enumerated.\n\n  These, then, are qualities, and the things that take their name from\nt", "is_accepted": false, "voting_starts": "2016-05-08T22:16:31.985Z", "voting_ends": "2016-05-17T22:16:31.985Z", "suggested_by": 65, "league": 4, "upvotes": [22, 65], "downvotes": [3, 11, 17, 71, 81]}}, {"model": "sh_app.suggestion", "pk": 35, "fields": {"name": "duplicitous durian proparoxytone\n", "description": "ositions 'he sits', 'he does not sit'.\n\n  (i) Pairs of opposites which fall under the category of relation are\nexplained by a reference of the one to the other, the reference\nbeing indicated by the pr", "is_accepted": false, "voting_starts": "2016-05-09T22:16:31.991Z", "voting_ends": "2016-05-12T22:16:31.991Z", "suggested_by": 42, "league": 4, "upvotes": [17, 27, 71], "downvotes": [22, 81]}}, {"model": "sh_app.suggestion", "pk": 36, "fields": {"name": "sympathomimetic scalades characid\n", "description": "re also either as 'rest in its quality' or as 'change in\nthe direction of the contrary quality', just as we defined the\ncontrary of change of place either as rest in a place or as change\nin the revers", "is_accepted": false, "voting_starts": "2016-05-03T22:16:31.997Z", "voting_ends": "2016-05-10T22:16:31.997Z", "suggested_by": 56, "league": 4, "upvotes": [27, 42, 56, 83], "downvotes": [17]}}, {"model": "sh_app.suggestion", "pk": 37, "fields": {"name": "interoceptive Pelasgian rebirths\n", "description": "case of 'positives' and 'privatives', on the other hand,\nneither of the aforesaid statements holds good. For it is not\nnecessary that a subject receptive of the qualities should always have\neither the", "is_accepted": false, "voting_starts": "2016-05-12T22:16:32.003Z", "voting_ends": "2016-05-14T22:16:32.003Z", "suggested_by": 3, "league": 4, "upvotes": [3, 11, 17, 22, 65, 83], "downvotes": [27, 42, 71, 81]}}, {"model": "sh_app.suggestion", "pk": 38, "fields": {"name": "unprincely why nephoscope\n", "description": " that which is\nindividual and has the character of a unit is never predicable of a\nsubject. Yet in some cases there is nothing to prevent such being\npresent in a subject. Thus a certain point of gramm", "is_accepted": false, "voting_starts": "2016-05-07T22:16:32.008Z", "voting_ends": "2016-05-09T22:16:32.008Z", "suggested_by": 17, "league": 4, "upvotes": [27, 65, 83], "downvotes": [3, 17, 22, 42]}}, {"model": "sh_app.suggestion", "pk": 39, "fields": {"name": "cataleptic interment giants\n", "description": " man and an ox are both 'animal', and these are univocally so\nnamed, inasmuch as not only the name, but also the definition, is\nthe same in both cases: for if a man should state in what sense each\nis ", "is_accepted": false, "voting_starts": "2016-05-07T22:16:32.014Z", "voting_ends": "2016-05-13T22:16:32.014Z", "suggested_by": 65, "league": 4, "upvotes": [11, 17, 27, 42, 81], "downvotes": [3, 65, 83]}}, {"model": "sh_app.suggestion", "pk": 40, "fields": {"name": "hydriodic moussaka fetchers\n", "description": "ter, by the term\n'master', the master of a slave; by 'double', the double of its\nhall; by 'half', the half of its double; by 'greater', greater than\nthat which is less; by 'less,' less than that which", "is_accepted": false, "voting_starts": "2016-05-11T22:16:32.021Z", "voting_ends": "2016-05-13T22:16:32.021Z", "suggested_by": 42, "league": 4, "upvotes": [22, 42, 81], "downvotes": [11, 17, 27, 65, 83]}}, {"model": "sh_app.suggestion", "pk": 41, "fields": {"name": "lightfast manufactory godded\n", "description": "cated of the individual man; but 'animal' is\npredicated of 'man'; it will, therefore, be predicable of the\nindividual man also: for the individual man is both 'man' and\n'animal'.\n\n  If genera are diff", "is_accepted": false, "voting_starts": "2016-05-12T22:16:32.027Z", "voting_ends": "2016-05-17T22:16:32.027Z", "suggested_by": 94, "league": 5, "upvotes": [7, 12, 48], "downvotes": [10, 73, 74]}}, {"model": "sh_app.suggestion", "pk": 42, "fields": {"name": "narrow-minded parceners puggaree\n", "description": " with that of its object.\n\n  Again, while the object of knowledge, if it ceases to exist, cancels\nat the same time the knowledge which was its correlative, the converse\nof this is not true. It is true", "is_accepted": false, "voting_starts": "2016-05-06T22:16:32.032Z", "voting_ends": "2016-05-12T22:16:32.032Z", "suggested_by": 73, "league": 5, "upvotes": [7, 66, 94], "downvotes": [69, 73, 74]}}, {"model": "sh_app.suggestion", "pk": 43, "fields": {"name": "uneffected foreshadowing needlework\n", "description": "simultaneous'\nin point of nature, the being of each of which involves that of the\nother, while at the same time neither is the cause of the other's\nbeing. This is the case with regard to the double an", "is_accepted": false, "voting_starts": "2016-05-13T22:16:32.038Z", "voting_ends": "2016-05-16T22:16:32.038Z", "suggested_by": 10, "league": 5, "upvotes": [10, 48, 66, 73, 94], "downvotes": [7, 12]}}, {"model": "sh_app.suggestion", "pk": 44, "fields": {"name": "marred quinte braxy\n", "description": "se the surface over which the white extends is large; we\nspeak of an action or a process as lengthy, because the time covered\nis long; these things cannot in their own right claim the quantitative\nepi", "is_accepted": false, "voting_starts": "2016-05-10T22:16:32.044Z", "voting_ends": "2016-05-17T22:16:32.044Z", "suggested_by": 69, "league": 5, "upvotes": [73], "downvotes": [12, 48, 69, 74]}}, {"model": "sh_app.suggestion", "pk": 45, "fields": {"name": "repellent Eccles rigadoons\n", "description": "Such conditions are therefore termed,\nnot qualities, but affections.\n\n  The fourth sort of quality is figure and the shape that belongs to a\nthing; and besides this, straightness and curvedness and an", "is_accepted": false, "voting_starts": "2016-05-04T22:16:32.051Z", "voting_ends": "2016-05-11T22:16:32.051Z", "suggested_by": 66, "league": 5, "upvotes": [16, 36], "downvotes": [10, 12, 73]}}, {"model": "sh_app.suggestion", "pk": 46, "fields": {"name": "maverick morn zealotries\n", "description": "ve but quantitative, they would not have\ncontraries.\n\n  It is in the case of space that quantity most plausibly appears to\nadmit of a contrary. For men define the term 'above' as the contrary\nof 'belo", "is_accepted": false, "voting_starts": "2016-05-11T22:16:32.056Z", "voting_ends": "2016-05-15T22:16:32.056Z", "suggested_by": 36, "league": 5, "upvotes": [12, 16, 73], "downvotes": [36, 66, 94]}}, {"model": "sh_app.suggestion", "pk": 47, "fields": {"name": "recoilless libeccios rout\n", "description": "te'; 'white' indicates quality and nothing further, but\nspecies and genus determine the quality with reference to a substance:\nthey signify substance qualitatively differentiated. The determinate\nqual", "is_accepted": false, "voting_starts": "2016-05-05T22:16:32.062Z", "voting_ends": "2016-05-15T22:16:32.062Z", "suggested_by": 73, "league": 5, "upvotes": [7, 16, 66, 74], "downvotes": [12, 36, 48, 73]}}, {"model": "sh_app.suggestion", "pk": 48, "fields": {"name": "unisex blob librarian\n", "description": "ws that there is no half, and vice versa; this rule also\napplies to all such correlatives. Yet it does not appear to be true in\nall cases that correlatives come into existence simultaneously. The\nobje", "is_accepted": false, "voting_starts": "2016-05-08T22:16:32.068Z", "voting_ends": "2016-05-14T22:16:32.068Z", "suggested_by": 10, "league": 5, "upvotes": [7, 36, 48], "downvotes": [10, 12, 16, 69]}}, {"model": "sh_app.suggestion", "pk": 49, "fields": {"name": "comical acme admiration\n", "description": " one time true, at another false,\naccording to circumstances. What has been said of statements applies\nalso to opinions. Thus, in respect of the manner in which the thing\ntakes place, it is the peculi", "is_accepted": false, "voting_starts": "2016-05-05T22:16:32.073Z", "voting_ends": "2016-05-12T22:16:32.073Z", "suggested_by": 48, "league": 5, "upvotes": [7, 10, 74, 94], "downvotes": [12, 48, 66]}}, {"model": "sh_app.suggestion", "pk": 50, "fields": {"name": "viperish effervescences downhills\n", "description": "n, but arise from the concomitance\nof certain other elements, and are difficult to remove, or\naltogether permanent, are called qualities, for in virtue of them\nmen are said to be such and such.\n\n  Tho", "is_accepted": false, "voting_starts": "2016-05-12T22:16:32.079Z", "voting_ends": "2016-05-18T22:16:32.079Z", "suggested_by": 48, "league": 5, "upvotes": [10, 74, 94, 7, 69, 36, 16], "downvotes": [12, 73]}}, {"model": "sh_app.suggestion", "pk": 51, "fields": {"name": "dendrological concha viscounts\n", "description": "te'\nis used. Things are said to be opposed in four senses: (i) as\ncorrelatives to one another, (ii) as contraries to one another,\n(iii) as privatives to positives, (iv) as affirmatives to negatives.\n\n", "is_accepted": false, "voting_starts": "2016-05-05T22:16:32.085Z", "voting_ends": "2016-05-09T22:16:32.085Z", "suggested_by": 36, "league": 6, "upvotes": [4, 14, 38, 39], "downvotes": [26, 35, 36, 98]}}, {"model": "sh_app.suggestion", "pk": 52, "fields": {"name": "essential garth godwits\n", "description": "' is predicable of the individual\nman, and is never present in a subject.\n\n  By being 'present in a subject' I do not mean present as parts are\npresent in a whole, but being incapable of existence apa", "is_accepted": false, "voting_starts": "2016-05-09T22:16:32.091Z", "voting_ends": "2016-05-17T22:16:32.091Z", "suggested_by": 69, "league": 6, "upvotes": [14, 35, 69, 96, 98], "downvotes": [38]}}, {"model": "sh_app.suggestion", "pk": 53, "fields": {"name": "shrouding josephs oxidation\n", "description": " in the body,\ninasmuch as it is not true to say that everybody must be white or\nblack. Badness and goodness, again, are predicated of man, and of many\nother things, but it is not necessary that either", "is_accepted": false, "voting_starts": "2016-05-04T22:16:32.098Z", "voting_ends": "2016-05-13T22:16:32.098Z", "suggested_by": 35, "league": 6, "upvotes": [26, 36, 39], "downvotes": [4, 38, 69, 96, 98]}}, {"model": "sh_app.suggestion", "pk": 54, "fields": {"name": "dilemmatic chiasmus affirmant\n", "description": "or of 'ten', or of any such term. A man may contend that 'much' is the\ncontrary of 'little', or 'great' of 'small', but of definite\nquantitative terms no contrary exists.\n\n  Substance, again, does not", "is_accepted": false, "voting_starts": "2016-05-09T22:16:32.104Z", "voting_ends": "2016-05-14T22:16:32.104Z", "suggested_by": 4, "league": 6, "upvotes": [36, 69], "downvotes": [4, 14, 26]}}, {"model": "sh_app.suggestion", "pk": 55, "fields": {"name": "rose-cut moo heroin\n", "description": "en spoken of as a bad-tempered\nman, when in such circumstances he loses his temper somewhat, but\nrather is said to be affected. Such conditions are therefore termed,\nnot qualities, but affections.\n\n  ", "is_accepted": false, "voting_starts": "2016-05-07T22:16:32.109Z", "voting_ends": "2016-05-16T22:16:32.109Z", "suggested_by": 36, "league": 6, "upvotes": [26], "downvotes": [35, 39, 67, 98]}}, {"model": "sh_app.suggestion", "pk": 56, "fields": {"name": "impactive monotheist cosmonautics\n", "description": "hose species which are distinguished one from another and\nopposed one to another within the same genus are said to be\n'simultaneous' in nature. I mean those species which are\ndistinguished each from e", "is_accepted": false, "voting_starts": "2016-05-13T22:16:32.115Z", "voting_ends": "2016-05-23T22:16:32.115Z", "suggested_by": 4, "league": 6, "upvotes": [14, 26, 38, 98], "downvotes": [4, 35, 67, 69, 96]}}, {"model": "sh_app.suggestion", "pk": 57, "fields": {"name": "infuriating pluton accentuality\n", "description": "\nadd this condition because, if that to which they are related is\nstated as haphazard and not accurately, the two are not found to be\ninterdependent. Let me state what I mean more clearly. Even in the", "is_accepted": false, "voting_starts": "2016-05-10T22:16:32.121Z", "voting_ends": "2016-05-17T22:16:32.121Z", "suggested_by": 96, "league": 6, "upvotes": [4, 36, 38, 69], "downvotes": [98]}}, {"model": "sh_app.suggestion", "pk": 58, "fields": {"name": "bedecked conservatorium expansion\n", "description": "e the time covered\nis long; these things cannot in their own right claim the quantitative\nepithet. For instance, should any one explain how long an action\nwas, his statement would be made in terms of ", "is_accepted": false, "voting_starts": "2016-05-12T22:16:32.126Z", "voting_ends": "2016-05-15T22:16:32.126Z", "suggested_by": 96, "league": 6, "upvotes": [35, 36, 67], "downvotes": [26, 39, 96]}}, {"model": "sh_app.suggestion", "pk": 59, "fields": {"name": "fiercest candidness musings\n", "description": "o be the double, he does not know at all that it is\ndouble. Again, if he knows that a thing is more beautiful, it\nfollows necessarily that he will forthwith definitely know that also\nthan which it is ", "is_accepted": false, "voting_starts": "2016-05-13T22:16:32.132Z", "voting_ends": "2016-05-20T22:16:32.132Z", "suggested_by": 38, "league": 6, "upvotes": [36, 67, 35, 39, 38, 69, 98], "downvotes": [4, 96]}}, {"model": "sh_app.suggestion", "pk": 60, "fields": {"name": "preclassical sibship suppers\n", "description": "ry for one to be true and the other false. Health and disease\nare contraries: neither of them is true or false. 'Double' and\n'half' are opposed to each other as correlatives: neither of them is\ntrue o", "is_accepted": false, "voting_starts": "2016-05-09T22:16:32.138Z", "voting_ends": "2016-05-10T22:16:32.138Z", "suggested_by": 98, "league": 6, "upvotes": [4, 96], "downvotes": [14, 67, 69]}}, {"model": "sh_app.suggestion", "pk": 61, "fields": {"name": "overburdened obesity fertilizations\n", "description": "y; thus motion upwards is the contrary of motion downwards\nand vice versa.\n\n  In the case of that sort of motion which yet remains, of those\nthat have been enumerated, it is not easy to state what is ", "is_accepted": false, "voting_starts": "2016-05-03T22:16:32.144Z", "voting_ends": "2016-05-07T22:16:32.144Z", "suggested_by": 76, "league": 7, "upvotes": [56, 85], "downvotes": [53, 68, 82]}}, {"model": "sh_app.suggestion", "pk": 62, "fields": {"name": "sequential kop bluing\n", "description": "t\nqualities, but affections: for we are not said to be such virtue of\nthem. The man who blushes through shame is not said to be a\nconstitutional blusher, nor is the man who becomes pale through fear\ns", "is_accepted": false, "voting_starts": "2016-05-04T22:16:32.150Z", "voting_ends": "2016-05-10T22:16:32.150Z", "suggested_by": 43, "league": 7, "upvotes": [30, 68, 96], "downvotes": [56, 73, 82]}}, {"model": "sh_app.suggestion", "pk": 63, "fields": {"name": "holstered pataca discos\n", "description": " white,\nat another black, at one time warm, at another cold, at one time good,\nat another bad. This capacity is found nowhere else, though it might\nbe maintained that a statement or opinion was an exc", "is_accepted": false, "voting_starts": "2016-05-11T22:16:32.156Z", "voting_ends": "2016-05-17T22:16:32.156Z", "suggested_by": 68, "league": 7, "upvotes": [], "downvotes": [43, 56, 82, 85, 96]}}, {"model": "sh_app.suggestion", "pk": 64, "fields": {"name": "calendrical lyddite delicates\n", "description": "ng from some concomitance of elements in his\nconstitution, it is a probable inference that he has the corresponding\ncomplexion of skin. For the same disposition of bodily elements, which\nin the former", "is_accepted": false, "voting_starts": "2016-05-03T22:16:32.162Z", "voting_ends": "2016-05-04T22:16:32.162Z", "suggested_by": 96, "league": 7, "upvotes": [30, 68, 76, 96], "downvotes": [43, 53, 82, 85]}}, {"model": "sh_app.suggestion", "pk": 65, "fields": {"name": "colorfast Jethro whiffler\n", "description": " does indeed apply to all relatives, but the\nfact that a thing is explained with reference to something else does\nnot make it essentially relative.\n\n  From this it is plain that, if a man definitely a", "is_accepted": false, "voting_starts": "2016-05-07T22:16:32.168Z", "voting_ends": "2016-05-15T22:16:32.168Z", "suggested_by": 68, "league": 7, "upvotes": [53, 68, 74, 76, 85], "downvotes": [56, 96]}}, {"model": "sh_app.suggestion", "pk": 66, "fields": {"name": "vesicatory flushness bankruptcies\n", "description": "eginning,\nthat in the category of state are included such states as 'shod',\n'armed', in that of place 'in the Lyceum' and so on, as was\nexplained before.\n\n                                10\n\n  The pro", "is_accepted": false, "voting_starts": "2016-05-03T22:16:32.174Z", "voting_ends": "2016-05-06T22:16:32.174Z", "suggested_by": 53, "league": 7, "upvotes": [43, 53, 68, 74, 85], "downvotes": [82]}}, {"model": "sh_app.suggestion", "pk": 67, "fields": {"name": "disgraced Fokine toupees\n", "description": "thing else. The truth or falsity of a statement depends on\nfacts, and not on any power on the part of the statement itself of\nadmitting contrary qualities. In short, there is nothing which can\nalter t", "is_accepted": false, "voting_starts": "2016-05-07T22:16:32.180Z", "voting_ends": "2016-05-10T22:16:32.180Z", "suggested_by": 85, "league": 7, "upvotes": [30, 43, 56, 74, 76, 82], "downvotes": [53, 68, 73]}}, {"model": "sh_app.suggestion", "pk": 68, "fields": {"name": "overwhelming meliorism sorrower\n", "description": "  All substance appears to signify that which is individual. In the\ncase of primary substance this is indisputably true, for the thing\nis a unit. In the case of secondary substances, when we speak, fo", "is_accepted": false, "voting_starts": "2016-05-13T22:16:32.186Z", "voting_ends": "2016-05-14T22:16:32.186Z", "suggested_by": 85, "league": 7, "upvotes": [56, 68, 82], "downvotes": [53, 73, 74, 76, 85]}}, {"model": "sh_app.suggestion", "pk": 69, "fields": {"name": "silken caravanserais chondrite\n", "description": "some faculty or to possess it is not the same as the\ncorresponding 'privative' or 'positive'. 'Sight' is a 'positive',\n'blindness' a 'privative', but 'to possess sight' is not equivalent to\n'sight', '", "is_accepted": false, "voting_starts": "2016-05-11T22:16:32.191Z", "voting_ends": "2016-05-16T22:16:32.191Z", "suggested_by": 73, "league": 7, "upvotes": [43, 74, 85], "downvotes": [68, 73, 82, 96]}}, {"model": "sh_app.suggestion", "pk": 70, "fields": {"name": "hirable counterstroke cicatrizations\n", "description": "kind, the former less. Thus there is a reference here to an external\nstandard, for if the terms 'great' and 'small' were used absolutely, a\nmountain would never be called small or a grain large. Again", "is_accepted": false, "voting_starts": "2016-05-11T22:16:32.198Z", "voting_ends": "2016-05-18T22:16:32.198Z", "suggested_by": 56, "league": 7, "upvotes": [30, 56, 74], "downvotes": [53, 85]}}, {"model": "sh_app.suggestion", "pk": 71, "fields": {"name": "wanner magnetron termites\n", "description": "ot be present in subjects. The characteristics\n'terrestrial' and 'two-footed' are predicated of the species 'man',\nbut not present in it. For they are not in man. Moreover, the\ndefinition of the diffe", "is_accepted": false, "voting_starts": "2016-05-06T22:16:32.204Z", "voting_ends": "2016-05-11T22:16:32.204Z", "suggested_by": 84, "league": 8, "upvotes": [39, 68, 71, 78, 84], "downvotes": [25, 40, 44, 87]}}, {"model": "sh_app.suggestion", "pk": 72, "fields": {"name": "bunted tetroxides carol\n", "description": " have been\naffected.\n\n  Thus such conditions are called affections, not qualities.\n\n  In like manner there are affective qualities and affections of the\nsoul. That temper with which a man is born and ", "is_accepted": false, "voting_starts": "2016-05-11T22:16:32.210Z", "voting_ends": "2016-05-12T22:16:32.210Z", "suggested_by": 39, "league": 8, "upvotes": [40, 71], "downvotes": [27, 33, 84, 87]}}, {"model": "sh_app.suggestion", "pk": 73, "fields": {"name": "panpsychistic rebozo corrasions\n", "description": "n of degree. No term such as\n'double' admits of this modification. All relatives have correlatives:\nby the term 'slave' we mean the slave of a master, by the term\n'master', the master of a slave; by '", "is_accepted": false, "voting_starts": "2016-05-05T22:16:32.215Z", "voting_ends": "2016-05-13T22:16:32.215Z", "suggested_by": 78, "league": 8, "upvotes": [40, 71], "downvotes": [25, 44, 68, 78, 84]}}, {"model": "sh_app.suggestion", "pk": 74, "fields": {"name": "mydriatic presumer gigantomachy\n", "description": "ained by\nreference to the other; sight is not sight of blindness, nor is any\nother preposition used to indicate the relation. Similarly blindness\nis not said to be blindness of sight, but rather, priv", "is_accepted": false, "voting_starts": "2016-05-04T22:16:32.221Z", "voting_ends": "2016-05-11T22:16:32.221Z", "suggested_by": 27, "league": 8, "upvotes": [25, 27, 33], "downvotes": [68, 71]}}, {"model": "sh_app.suggestion", "pk": 75, "fields": {"name": "self-governing purists fetch\n", "description": "so far as it is some one's property, not in so far as it\nis wood. It is plain, then, that in the cases mentioned substance is\nnot relative. But with regard to some secondary substances there is\na diff", "is_accepted": false, "voting_starts": "2016-05-11T22:16:32.227Z", "voting_ends": "2016-05-12T22:16:32.227Z", "suggested_by": 40, "league": 8, "upvotes": [25, 27, 44, 71, 87], "downvotes": [33, 40, 68, 78, 84]}}, {"model": "sh_app.suggestion", "pk": 76, "fields": {"name": "twisty eubacterium branchiopod\n", "description": " white, it is necessary determinately that one of\nthe two contraries, not one or the other, should be present in the\nsubject; for fire cannot be cold, or snow black. Thus, it is not the\ncase here that", "is_accepted": false, "voting_starts": "2016-05-11T22:16:32.232Z", "voting_ends": "2016-05-20T22:16:32.232Z", "suggested_by": 87, "league": 8, "upvotes": [27, 33, 39, 44, 68, 84, 87], "downvotes": [71]}}, {"model": "sh_app.suggestion", "pk": 77, "fields": {"name": "octosyllabic anarchists trusty\n", "description": "n. But\nthe contrary of an evil is sometimes a good, sometimes an evil. For\ndefect, which is an evil, has excess for its contrary, this also being\nan evil, and the mean. which is a good, is equally the", "is_accepted": false, "voting_starts": "2016-05-03T22:16:32.238Z", "voting_ends": "2016-05-08T22:16:32.238Z", "suggested_by": 25, "league": 8, "upvotes": [39, 78, 87], "downvotes": [27, 44, 68, 71]}}, {"model": "sh_app.suggestion", "pk": 78, "fields": {"name": "shrimpy panting shover\n", "description": "e' have no contrary, nor indeed has any such term.\n\n  It also appears that relatives can admit of variation of degree. For\n'like' and 'unlike', 'equal' and 'unequal', have the modifications\n'more' and", "is_accepted": false, "voting_starts": "2016-05-09T22:16:32.244Z", "voting_ends": "2016-05-18T22:16:32.244Z", "suggested_by": 84, "league": 8, "upvotes": [71, 78], "downvotes": [68, 84, 87]}}, {"model": "sh_app.suggestion", "pk": 79, "fields": {"name": "unconfederated hornblende rousers\n", "description": "s, even though a name exists for the\nquality, that which takes its character from the quality has a name\nthat is not a derivative. For instance, the upright man takes his\ncharacter from the possession", "is_accepted": false, "voting_starts": "2016-05-13T22:16:32.250Z", "voting_ends": "2016-05-20T22:16:32.250Z", "suggested_by": 87, "league": 8, "upvotes": [25, 27, 33, 40, 68, 84, 87], "downvotes": [39, 44, 78]}}, {"model": "sh_app.suggestion", "pk": 80, "fields": {"name": "chivalric calorimetry untenability\n", "description": "t of all that remains, when we\nexclude primary substances, we concede to species and genera alone the\nname 'secondary substance', for these alone of all the predicates\nconvey a knowledge of primary su", "is_accepted": false, "voting_starts": "2016-05-11T22:16:32.255Z", "voting_ends": "2016-05-17T22:16:32.255Z", "suggested_by": 71, "league": 8, "upvotes": [27, 68, 84], "downvotes": [39, 40, 44, 78]}}, {"model": "sh_app.suggestion", "pk": 81, "fields": {"name": "therian gammas expostulation\n", "description": "ot the music of something.\n\n  Thus individual branches of knowledge are not relative. And it is\nbecause we possess these individual branches of knowledge that we\nare said to be such and such. It is th", "is_accepted": false, "voting_starts": "2016-05-12T22:16:32.261Z", "voting_ends": "2016-05-15T22:16:32.261Z", "suggested_by": 35, "league": 9, "upvotes": [24, 72, 73], "downvotes": [41, 51, 60, 61]}}, {"model": "sh_app.suggestion", "pk": 82, "fields": {"name": "freehold nibbling slatternliness\n", "description": "me, it is impossible that those possessed of it\nshould have a name that is derivative. For instance, the name given to\nthe runner or boxer, who is so called in virtue of an inborn capacity,\nis not der", "is_accepted": false, "voting_starts": "2016-05-08T22:16:32.267Z", "voting_ends": "2016-05-11T22:16:32.267Z", "suggested_by": 61, "league": 9, "upvotes": [3, 41, 51, 99], "downvotes": [24, 35, 61, 72, 73]}}, {"model": "sh_app.suggestion", "pk": 83, "fields": {"name": "triphibious resurgence perpetuators\n", "description": "ll be differentiae also of the subject.\n\n                                 4\n\n  Expressions which are in no way composite signify substance,\nquantity, quality, relation, place, time, position, state, a", "is_accepted": false, "voting_starts": "2016-05-03T22:16:32.274Z", "voting_ends": "2016-05-05T22:16:32.274Z", "suggested_by": 99, "league": 9, "upvotes": [72], "downvotes": [24, 34, 35, 51, 99]}}, {"model": "sh_app.suggestion", "pk": 84, "fields": {"name": "last doormats feoffer\n", "description": "ediate between good and\nbad is that which is neither the one nor the other.\n\n  Some intermediate qualities have names, such as grey and sallow\nand all the other colours that come between white and bla", "is_accepted": false, "voting_starts": "2016-05-12T22:16:32.280Z", "voting_ends": "2016-05-22T22:16:32.280Z", "suggested_by": 41, "league": 9, "upvotes": [24, 34, 41, 51, 61, 73], "downvotes": [3, 99]}}, {"model": "sh_app.suggestion", "pk": 85, "fields": {"name": "correlated Hebraiser lumpfishes\n", "description": " present, or of which they are predicated, must\nnecessarily contain either the one or the other of them, have no\nintermediate, but those in the case of which no such necessity\nobtains, always have an ", "is_accepted": false, "voting_starts": "2016-05-11T22:16:32.286Z", "voting_ends": "2016-05-20T22:16:32.286Z", "suggested_by": 72, "league": 9, "upvotes": [34, 60, 61, 72, 73, 99], "downvotes": [41, 51]}}, {"model": "sh_app.suggestion", "pk": 86, "fields": {"name": "pilgarlicky pentastich radarscope\n", "description": "urable is said to have a natural priority. In\ncommon parlance men speak of those whom they honour and love as\n'coming first' with them. This sense of the word is perhaps the most\nfar-fetched.\n\n  Such,", "is_accepted": false, "voting_starts": "2016-05-11T22:16:32.292Z", "voting_ends": "2016-05-14T22:16:32.292Z", "suggested_by": 60, "league": 9, "upvotes": [51, 73], "downvotes": [34, 35, 99]}}, {"model": "sh_app.suggestion", "pk": 87, "fields": {"name": "pacifist divinity mohels\n", "description": "nd the same thing\nmay exhibit a quality in a greater degree than it did before: if a\nthing is white, it may become whiter.\n\n  Though this is generally the case, there are exceptions. For if we\nshould ", "is_accepted": false, "voting_starts": "2016-05-07T22:16:32.298Z", "voting_ends": "2016-05-08T22:16:32.298Z", "suggested_by": 34, "league": 9, "upvotes": [3, 41, 60, 61], "downvotes": [24, 51, 73, 99]}}, {"model": "sh_app.suggestion", "pk": 88, "fields": {"name": "Achaean yellowback phlogopite\n", "description": "t that people vary in the degree in which they possess\nthese qualities, and that this is the case with grammatical learning\nand all those qualities which are classed as dispositions. However\nthat may ", "is_accepted": false, "voting_starts": "2016-05-08T22:16:32.304Z", "voting_ends": "2016-05-15T22:16:32.304Z", "suggested_by": 35, "league": 9, "upvotes": [60, 61, 72], "downvotes": [3, 34, 35, 41, 51]}}, {"model": "sh_app.suggestion", "pk": 89, "fields": {"name": "petroleous rhabdomyoma mappings\n", "description": "d boxers or runners, or healthy or sickly: in fact it\nincludes all those terms which refer to inborn capacity or incapacity.\nSuch things are not predicated of a person in virtue of his\ndisposition, bu", "is_accepted": false, "voting_starts": "2016-05-06T22:16:32.310Z", "voting_ends": "2016-05-10T22:16:32.310Z", "suggested_by": 24, "league": 9, "upvotes": [3, 34, 51], "downvotes": [24, 35, 61, 72, 73]}}, {"model": "sh_app.suggestion", "pk": 90, "fields": {"name": "oxygenated how-d'ye-do colonization\n", "description": "e found\nto have disappeared.\n\n  For suppose the correlative of 'the slave' should be said to be 'the\nman', or the correlative of 'the wing\"the bird'; if the attribute\n'master' be withdrawn from' the m", "is_accepted": false, "voting_starts": "2016-05-07T22:16:32.316Z", "voting_ends": "2016-05-12T22:16:32.316Z", "suggested_by": 60, "league": 9, "upvotes": [24, 35, 60, 61, 72], "downvotes": [3, 34, 41, 51, 73]}}, {"model": "auth.permission", "pk": 1, "fields": {"name": "Can add log entry", "content_type": 1, "codename": "add_logentry"}}, {"model": "auth.permission", "pk": 2, "fields": {"name": "Can change log entry", "content_type": 1, "codename": "change_logentry"}}, {"model": "auth.permission", "pk": 3, "fields": {"name": "Can delete log entry", "content_type": 1, "codename": "delete_logentry"}}, {"model": "auth.permission", "pk": 4, "fields": {"name": "Can add permission", "content_type": 2, "codename": "add_permission"}}, {"model": "auth.permission", "pk": 5, "fields": {"name": "Can change permission", "content_type": 2, "codename": "change_permission"}}, {"model": "auth.permission", "pk": 6, "fields": {"name": "Can delete permission", "content_type": 2, "codename": "delete_permission"}}, {"model": "auth.permission", "pk": 7, "fields": {"name": "Can add group", "content_type": 3, "codename": "add_group"}}, {"model": "auth.permission", "pk": 8, "fields": {"name": "Can change group", "content_type": 3, "codename": "change_group"}}, {"model": "auth.permission", "pk": 9, "fields": {"name": "Can delete group", "content_type": 3, "codename": "delete_group"}}, {"model": "auth.permission", "pk": 10, "fields": {"name": "Can add user", "content_type": 4, "codename": "add_user"}}, {"model": "auth.permission", "pk": 11, "fields": {"name": "Can change user", "content_type": 4, "codename": "change_user"}}, {"model": "auth.permission", "pk": 12, "fields": {"name": "Can delete user", "content_type": 4, "codename": "delete_user"}}, {"model": "auth.permission", "pk": 13, "fields": {"name": "Can add content type", "content_type": 5, "codename": "add_contenttype"}}, {"model": "auth.permission", "pk": 14, "fields": {"name": "Can change content type", "content_type": 5, "codename": "change_contenttype"}}, {"model": "auth.permission", "pk": 15, "fields": {"name": "Can delete content type", "content_type": 5, "codename": "delete_contenttype"}}, {"model": "auth.permission", "pk": 16, "fields": {"name": "Can add session", "content_type": 6, "codename": "add_session"}}, {"model": "auth.permission", "pk": 17, "fields": {"name": "Can change session", "content_type": 6, "codename": "change_session"}}, {"model": "auth.permission", "pk": 18, "fields": {"name": "Can delete session", "content_type": 6, "codename": "delete_session"}}, {"model": "auth.permission", "pk": 19, "fields": {"name": "Can add SH_User", "content_type": 7, "codename": "add_sh_user"}}, {"model": "auth.permission", "pk": 20, "fields": {"name": "Can change SH_User", "content_type": 7, "codename": "change_sh_user"}}, {"model": "auth.permission", "pk": 21, "fields": {"name": "Can delete SH_User", "content_type": 7, "codename": "delete_sh_user"}}, {"model": "auth.permission", "pk": 22, "fields": {"name": "Can add league", "content_type": 8, "codename": "add_league"}}, {"model": "auth.permission", "pk": 23, "fields": {"name": "Can change league", "content_type": 8, "codename": "change_league"}}, {"model": "auth.permission", "pk": 24, "fields": {"name": "Can delete league", "content_type": 8, "codename": "delete_league"}}, {"model": "auth.permission", "pk": 25, "fields": {"name": "Can add huddle", "content_type": 9, "codename": "add_huddle"}}, {"model": "auth.permission", "pk": 26, "fields": {"name": "Can change huddle", "content_type": 9, "codename": "change_huddle"}}, {"model": "auth.permission", "pk": 27, "fields": {"name": "Can delete huddle", "content_type": 9, "codename": "delete_huddle"}}, {"model": "auth.permission", "pk": 28, "fields": {"name": "Can add suggestion", "content_type": 10, "codename": "add_suggestion"}}, {"model": "auth.permission", "pk": 29, "fields": {"name": "Can change suggestion", "content_type": 10, "codename": "change_suggestion"}}, {"model": "auth.permission", "pk": 30, "fields": {"name": "Can delete suggestion", "content_type": 10, "codename": "delete_suggestion"}}, {"model": "auth.user", "pk": 1, "fields": {"password": "pbkdf2_sha256$24000$vWpAUT1k0wES$feeUzFFcReeCiIZfIufMlQVuRg/DqtgLkQrXK9DUgkM=", "last_login": null, "is_superuser": false, "username": "metaphysic_knockwursts", "first_name": "metaphysic", "last_name": "knockwursts", "email": "gen123@gmail.com", "is_staff": false, "is_active": true, "date_joined": "2016-05-13T22:16:25.790Z", "groups": [], "user_permissions": []}}, {"model": "auth.user", "pk": 2, "fields": {"password": "pbkdf2_sha256$24000$NYaeefGOgnC7$QLovfUg91TZdmq+6H42P6CsJwgTHAlkRw+/kJaSTTRU=", "last_login": null, "is_superuser": false, "username": "thank-you_kaiaks", "first_name": "thank-you", "last_name": "kaiaks", "email": "gen123@gmail.com", "is_staff": false, "is_active": true, "date_joined": "2016-05-13T22:16:25.925Z", "groups": [], "user_permissions": []}}, {"model": "auth.user", "pk": 3, "fields": {"password": "pbkdf2_sha256$24000$OADUDd3Euohr$YbzUAH0D8EWlXvta0yEZnqizihKp4YtRvUfuGUvL48E=", "last_login": null, "is_superuser": false, "username": "lathiest_decennaries", "first_name": "lathiest", "last_name": "decennaries", "email": "gen123@gmail.com", "is_staff": false, "is_active": true, "date_joined": "2016-05-13T22:16:25.969Z", "groups": [], "user_permissions": []}}, {"model": "auth.user", "pk": 4, "fields": {"password": "pbkdf2_sha256$24000$Jt8YHb7UvPG7$4JD3tNu7g4/cZ5OP3T99OgniRNIhpD/Zlgi98cPv38o=", "last_login": null, "is_superuser": false, "username": "monophyletic_nongs", "first_name": "monophyletic", "last_name": "nongs", "email": "gen123@gmail.com", "is_staff": false, "is_active": true, "date_joined": "2016-05-13T22:16:26.013Z", "groups": [], "user_permissions": []}}, {"model": "auth.user", "pk": 5, "fields": {"password": "pbkdf2_sha256$24000$L9C1uJrgRnNn$d0GYPjG26ZCnbE+L2ALsa+WZ2tyEV95uOSwb0Bvh7ws=", "last_login": null, "is_superuser": false, "username": "gorgonian_celibacy", "first_name": "gorgonian", "last_name": "celibacy", "email": "gen123@gmail.com", "is_staff": false, "is_active": true, "date_joined": "2016-05-13T22:16:26.058Z", "groups": [], "user_permissions": []}}, {"model": "auth.user", "pk": 6, "fields": {"password": "pbkdf2_sha256$24000$uXldEwuN0vFS$NopdB8a3AcgPC3J1VKwHiFwAT4lCZjxnWZ5K09OzA3Q=", "last_login": null, "is_superuser": false, "username": "affective_recapitulations", "first_name": "affective", "last_name": "recapitulations", "email": "gen123@gmail.com", "is_staff": false, "is_active": true, "date_joined": "2016-05-13T22:16:26.102Z", "groups": [], "user_permissions": []}}, {"model": "auth.user", "pk": 7, "fields": {"password": "pbkdf2_sha256$24000$eRdRG3ETnxVB$bR9fxqUkc6uc1dn5wIvIlXdmdmVn7m0dhYZKHfusF0Q=", "last_login": null, "is_superuser": false, "username": "laryngeal_subeditorial", "first_name": "laryngeal", "last_name": "subeditorial", "email": "gen123@gmail.com", "is_staff": false, "is_active": true, "date_joined": "2016-05-13T22:16:26.146Z", "groups": [], "user_permissions": []}}, {"model": "auth.user", "pk": 8, "fields": {"password": "pbkdf2_sha256$24000$QHhf2kukaKbG$KMiCni5k5wa+K/iSl4aWTqgSsM0Q+iaq0xNQRD5yKJg=", "last_login": null, "is_superuser": false, "username": "floodlit_aperients", "first_name": "floodlit", "last_name": "aperients", "email": "gen123@gmail.com", "is_staff": false, "is_active": true, "date_joined": "2016-05-13T22:16:26.190Z", "groups": [], "user_permissions": []}}, {"model": "auth.user", "pk": 9, "fields": {"password": "pbkdf2_sha256$24000$6nZJoNzAVD1j$CxrA0FzT2aShhYpnau1Pt4iZQC3imk+COnCRWQHjppo=", "last_login": null, "is_superuser": false, "username": "skin_spathe", "first_name": "skin", "last_name": "spathe", "email": "gen123@gmail.com", "is_staff": false, "is_active": true, "date_joined": "2016-05-13T22:16:26.286Z", "groups": [], "user_permissions": []}}, {"model": "auth.user", "pk": 10, "fields": {"password": "pbkdf2_sha256$24000$LBqbiJ8bxcSG$sJQWW1sU4mjTamlRkDlGUmuGmLW4bU3Jc5I8fQifzdU=", "last_login": null, "is_superuser": false, "username": "skeptic_pastorships", "first_name": "skeptic", "last_name": "pastorships", "email": "gen123@gmail.com", "is_staff": false, "is_active": true, "date_joined": "2016-05-13T22:16:26.331Z", "groups": [], "user_permissions": []}}, {"model": "auth.user", "pk": 11, "fields": {"password": "pbkdf2_sha256$24000$cshKY72QI8ag$UTKJ6YkwVSnfRzMRzRtPZaqOs+R+8QXKqPcDfzoIZYs=", "last_login": null, "is_superuser": false, "username": "foldaway_tunnel", "first_name": "foldaway", "last_name": "tunnel", "email": "gen123@gmail.com", "is_staff": false, "is_active": true, "date_joined": "2016-05-13T22:16:26.374Z", "groups": [], "user_permissions": []}}, {"model": "auth.user", "pk": 12, "fields": {"password": "pbkdf2_sha256$24000$dAC1Cs7SqMYi$IZy+S/z9JnHP6O1F5mra2SQpBDBbl4qOXIShKgsqt78=", "last_login": null, "is_superuser": false, "username": "unreflecting_aggregate", "first_name": "unreflecting", "last_name": "aggregate", "email": "gen123@gmail.com", "is_staff": false, "is_active": true, "date_joined": "2016-05-13T22:16:26.416Z", "groups": [], "user_permissions": []}}, {"model": "auth.user", "pk": 13, "fields": {"password": "pbkdf2_sha256$24000$GyrTeLcp6EEz$/h5Hw7TGlvTLWJ+iMdlGrkrhXLrS7+70cWaZlFPZQ6M=", "last_login": null, "is_superuser": false, "username": "titular_iridectomies", "first_name": "titular", "last_name": "iridectomies", "email": "gen123@gmail.com", "is_staff": false, "is_active": true, "date_joined": "2016-05-13T22:16:26.458Z", "groups": [], "user_permissions": []}}, {"model": "auth.user", "pk": 14, "fields": {"password": "pbkdf2_sha256$24000$UX3pR8bYVoTu$J/Xt4ujz0aBdOrsUuqg0nstDvxKV+bnDZyxGyRMb8MM=", "last_login": null, "is_superuser": false, "username": "dialectical_clod", "first_name": "dialectical", "last_name": "clod", "email": "gen123@gmail.com", "is_staff": false, "is_active": true, "date_joined": "2016-05-13T22:16:26.501Z", "groups": [], "user_permissions": []}}, {"model": "auth.user", "pk": 15, "fields": {"password": "pbkdf2_sha256$24000$W0cZE8bnLROn$zu78EOatW+ZyJmm2Ijt8d0ig5LQKs+Vzbt/Gi15QkFs=", "last_login": null, "is_superuser": false, "username": "mop-headed_divines", "first_name": "mop-headed", "last_name": "divines", "email": "gen123@gmail.com", "is_staff": false, "is_active": true, "date_joined": "2016-05-13T22:16:26.545Z", "groups": [], "user_permissions": []}}, {"model": "auth.user", "pk": 16, "fields": {"password": "pbkdf2_sha256$24000$Jn303izf0WVK$G3XlkxzoClbtXfQ48/nCVkd/Aioj04yA2XWQc+9bbzU=", "last_login": null, "is_superuser": false, "username": "unmingled_ducker", "first_name": "unmingled", "last_name": "ducker", "email": "gen123@gmail.com", "is_staff": false, "is_active": true, "date_joined": "2016-05-13T22:16:26.588Z", "groups": [], "user_permissions": []}}, {"model": "auth.user", "pk": 17, "fields": {"password": "pbkdf2_sha256$24000$yM0cAWV90je4$3Xv18nYfDau0peSlt9NkulqNE76mnE6dlQQ7JfjcdZs=", "last_login": null, "is_superuser": false, "username": "quaky_crith", "first_name": "quaky", "last_name": "crith", "email": "gen123@gmail.com", "is_staff": false, "is_active": true, "date_joined": "2016-05-13T22:16:26.630Z", "groups": [], "user_permissions": []}}, {"model": "auth.user", "pk": 18, "fields": {"password": "pbkdf2_sha256$24000$x5mT0qOeRifO$9ntlBmvRa6eQo7EM0/y/ntnEhX8A5vzJco/nJOekcao=", "last_login": null, "is_superuser": false, "username": "allopatric_sondages", "first_name": "allopatric", "last_name": "sondages", "email": "gen123@gmail.com", "is_staff": false, "is_active": true, "date_joined": "2016-05-13T22:16:26.673Z", "groups": [], "user_permissions": []}}, {"model": "auth.user", "pk": 19, "fields": {"password": "pbkdf2_sha256$24000$LDL5BO87z5QN$CbGfEzdiIbl9iCxBLT7659fZdbc7lI0/N4YFt6S3u0Q=", "last_login": null, "is_superuser": false, "username": "paired_narcoleptic", "first_name": "paired", "last_name": "narcoleptic", "email": "gen123@gmail.com", "is_staff": false, "is_active": true, "date_joined": "2016-05-13T22:16:26.716Z", "groups": [], "user_permissions": []}}, {"model": "auth.user", "pk": 20, "fields": {"password": "pbkdf2_sha256$24000$ISH013sJSC6o$xZGjN/CWIihjBM7RydHsLIAvx9rPpEAkMcrdEDj+HIk=", "last_login": null, "is_superuser": false, "username": "photochemical_otherness", "first_name": "photochemical", "last_name": "otherness", "email": "gen123@gmail.com", "is_staff": false, "is_active": true, "date_joined": "2016-05-13T22:16:26.758Z", "groups": [], "user_permissions": []}}, {"model": "auth.user", "pk": 21, "fields": {"password": "pbkdf2_sha256$24000$aCW6ygtGxbuQ$s5KfiGV8KnVBeJVOYLPpgaR5QX3Inimu9+kdrZiI4ak=", "last_login": null, "is_superuser": false, "username": "astir_inculcations", "first_name": "astir", "last_name": "inculcations", "email": "gen123@gmail.com", "is_staff": false, "is_active": true, "date_joined": "2016-05-13T22:16:26.800Z", "groups": [], "user_permissions": []}}, {"model": "auth.user", "pk": 22, "fields": {"password": "pbkdf2_sha256$24000$CTjAF6BSHvao$yaBveHJi+L/ORVWQl0b6hWxF4Hyil0WIXNhAc78F6/M=", "last_login": null, "is_superuser": false, "username": "puny_Heraclitus", "first_name": "puny", "last_name": "Heraclitus", "email": "gen123@gmail.com", "is_staff": false, "is_active": true, "date_joined": "2016-05-13T22:16:26.844Z", "groups": [], "user_permissions": []}}, {"model": "auth.user", "pk": 23, "fields": {"password": "pbkdf2_sha256$24000$GGzuMp77WItc$Y8QRok51yzUFHKCiSCbXsHEVhrJhFjLM9wX0s1yOCzo=", "last_login": null, "is_superuser": false, "username": "first-generation_lyophilizatio", "first_name": "first-generation", "last_name": "lyophilization", "email": "gen123@gmail.com", "is_staff": false, "is_active": true, "date_joined": "2016-05-13T22:16:26.887Z", "groups": [], "user_permissions": []}}, {"model": "auth.user", "pk": 24, "fields": {"password": "pbkdf2_sha256$24000$KXJca1Omq7cC$JjQ/i2F8u7Rokt4epBp6Lk2GbV7vrMxo0HtQ+8RGBKc=", "last_login": null, "is_superuser": false, "username": "Bhutan_endozoa", "first_name": "Bhutan", "last_name": "endozoa", "email": "gen123@gmail.com", "is_staff": false, "is_active": true, "date_joined": "2016-05-13T22:16:26.930Z", "groups": [], "user_permissions": []}}, {"model": "auth.user", "pk": 25, "fields": {"password": "pbkdf2_sha256$24000$BSkEUH90PKHp$Uv7Goqb7M8WKOmnaOzyefRYDQUcu9HUjiU+KFjB76P0=", "last_login": null, "is_superuser": false, "username": "acceptive_utterer", "first_name": "acceptive", "last_name": "utterer", "email": "gen123@gmail.com", "is_staff": false, "is_active": true, "date_joined": "2016-05-13T22:16:26.973Z", "groups": [], "user_permissions": []}}, {"model": "auth.user", "pk": 26, "fields": {"password": "pbkdf2_sha256$24000$i9x4rLz7zy1z$1s9B4djODs7AdJt23fXVpqKhHSlr55d8dOGQ0hW6a04=", "last_login": null, "is_superuser": false, "username": "coppiced_gormandisers", "first_name": "coppiced", "last_name": "gormandisers", "email": "gen123@gmail.com", "is_staff": false, "is_active": true, "date_joined": "2016-05-13T22:16:27.016Z", "groups": [], "user_permissions": []}}, {"model": "auth.user", "pk": 27, "fields": {"password": "pbkdf2_sha256$24000$yjG1pS69zdWY$/hcK31g+927xAE9WOEgsih65zzVV27J7QmZDsu/hlBw=", "last_login": null, "is_superuser": false, "username": "entertained_isles", "first_name": "entertained", "last_name": "isles", "email": "gen123@gmail.com", "is_staff": false, "is_active": true, "date_joined": "2016-05-13T22:16:27.059Z", "groups": [], "user_permissions": []}}, {"model": "auth.user", "pk": 28, "fields": {"password": "pbkdf2_sha256$24000$yQUXe6kvQ7Yl$CrWMCATTffj/jgqYQz0THyD3ZxV7Oj7vZTbYKXg0R/4=", "last_login": null, "is_superuser": false, "username": "burly_ejections", "first_name": "burly", "last_name": "ejections", "email": "gen123@gmail.com", "is_staff": false, "is_active": true, "date_joined": "2016-05-13T22:16:27.101Z", "groups": [], "user_permissions": []}}, {"model": "auth.user", "pk": 29, "fields": {"password": "pbkdf2_sha256$24000$b77TTp54CTYU$R2fp3EEl16piHzz/FjOObPEQT6wcyfPKk4i1EQRMWnA=", "last_login": null, "is_superuser": false, "username": "disappointed_requitements", "first_name": "disappointed", "last_name": "requitements", "email": "gen123@gmail.com", "is_staff": false, "is_active": true, "date_joined": "2016-05-13T22:16:27.143Z", "groups": [], "user_permissions": []}}, {"model": "auth.user", "pk": 30, "fields": {"password": "pbkdf2_sha256$24000$OKaKl3Tkhpam$AUo/wC3nMJjka2Km7OZg3+kuS3FXtLAzmA3GhWf7bgY=", "last_login": null, "is_superuser": false, "username": "weedy_pintle", "first_name": "weedy", "last_name": "pintle", "email": "gen123@gmail.com", "is_staff": false, "is_active": true, "date_joined": "2016-05-13T22:16:27.186Z", "groups": [], "user_permissions": []}}, {"model": "auth.user", "pk": 31, "fields": {"password": "pbkdf2_sha256$24000$dsMK8OhjD3Y1$D1gsyag62cE5sIQW6WYpwZC3Sbb2se+0X6nv0TDJnhU=", "last_login": null, "is_superuser": false, "username": "tangled_cohoes", "first_name": "tangled", "last_name": "cohoes", "email": "gen123@gmail.com", "is_staff": false, "is_active": true, "date_joined": "2016-05-13T22:16:27.376Z", "groups": [], "user_permissions": []}}, {"model": "auth.user", "pk": 32, "fields": {"password": "pbkdf2_sha256$24000$gRsLAYo0IUOL$JqLI8NmMhTU9iAgdqmEPWt6JzPSDfBjwWG7TgyXGies=", "last_login": null, "is_superuser": false, "username": "unassigned_spermophyte", "first_name": "unassigned", "last_name": "spermophyte", "email": "gen123@gmail.com", "is_staff": false, "is_active": true, "date_joined": "2016-05-13T22:16:27.420Z", "groups": [], "user_permissions": []}}, {"model": "auth.user", "pk": 33, "fields": {"password": "pbkdf2_sha256$24000$EnwTnhoKWFEW$sjKmogLZbLIKzxarZomdl6+TTirp4lmsx1XGCz00ggM=", "last_login": null, "is_superuser": false, "username": "inseminated_synthesizers", "first_name": "inseminated", "last_name": "synthesizers", "email": "gen123@gmail.com", "is_staff": false, "is_active": true, "date_joined": "2016-05-13T22:16:27.464Z", "groups": [], "user_permissions": []}}, {"model": "auth.user", "pk": 34, "fields": {"password": "pbkdf2_sha256$24000$vgz8eXSI9W6z$YikqBP6glif8T/vHsSV0tIn1mdhKjLs6a/Vu8I888SE=", "last_login": null, "is_superuser": false, "username": "blameful_flatwares", "first_name": "blameful", "last_name": "flatwares", "email": "gen123@gmail.com", "is_staff": false, "is_active": true, "date_joined": "2016-05-13T22:16:27.508Z", "groups": [], "user_permissions": []}}, {"model": "auth.user", "pk": 35, "fields": {"password": "pbkdf2_sha256$24000$FOg5tNlGrYB5$SNY4H4U80VeTs8xMCK1JL5PRdf90F0tmnkeI0AAhUOI=", "last_login": null, "is_superuser": false, "username": "floodlit_soliloquisers", "first_name": "floodlit", "last_name": "soliloquisers", "email": "gen123@gmail.com", "is_staff": false, "is_active": true, "date_joined": "2016-05-13T22:16:27.550Z", "groups": [], "user_permissions": []}}, {"model": "auth.user", "pk": 36, "fields": {"password": "pbkdf2_sha256$24000$wopgLVfGe98G$5KAlN4yfE7VMqKS8+uyZg2rgwyXm7afP8DPnAxjir18=", "last_login": null, "is_superuser": false, "username": "muddy_shammy", "first_name": "muddy", "last_name": "shammy", "email": "gen123@gmail.com", "is_staff": false, "is_active": true, "date_joined": "2016-05-13T22:16:27.593Z", "groups": [], "user_permissions": []}}, {"model": "auth.user", "pk": 37, "fields": {"password": "pbkdf2_sha256$24000$xU8ywm3IuNGu$ws+s+V8tQukrFZocNvn2rpfrBOz1kyk3cIsjTWHchHY=", "last_login": null, "is_superuser": false, "username": "dispensational_abdomens", "first_name": "dispensational", "last_name": "abdomens", "email": "gen123@gmail.com", "is_staff": false, "is_active": true, "date_joined": "2016-05-13T22:16:27.635Z", "groups": [], "user_permissions": []}}, {"model": "auth.user", "pk": 38, "fields": {"password": "pbkdf2_sha256$24000$OTsYlhdVuYNK$/7veXxvgEYzk81YImhtrTQH26xdkjtJeQSN4outPe7Q=", "last_login": null, "is_superuser": false, "username": "appropriated_tremies", "first_name": "appropriated", "last_name": "tremies", "email": "gen123@gmail.com", "is_staff": false, "is_active": true, "date_joined": "2016-05-13T22:16:27.678Z", "groups": [], "user_permissions": []}}, {"model": "auth.user", "pk": 39, "fields": {"password": "pbkdf2_sha256$24000$Wm2h81D1dZln$a8qONzo2rssdj+sL27ZnOx8K7kvCXeqlwShz8JydrMo=", "last_login": null, "is_superuser": false, "username": "thorny_oiks", "first_name": "thorny", "last_name": "oiks", "email": "gen123@gmail.com", "is_staff": false, "is_active": true, "date_joined": "2016-05-13T22:16:27.720Z", "groups": [], "user_permissions": []}}, {"model": "auth.user", "pk": 40, "fields": {"password": "pbkdf2_sha256$24000$pjeR2tpbTAZR$bxg9QZpdnxOkiXdB5pXW9wh2xswyMjRsPqdlGidAsWg=", "last_login": null, "is_superuser": false, "username": "down_grinner", "first_name": "down", "last_name": "grinner", "email": "gen123@gmail.com", "is_staff": false, "is_active": true, "date_joined": "2016-05-13T22:16:27.762Z", "groups": [], "user_permissions": []}}, {"model": "auth.user", "pk": 41, "fields": {"password": "pbkdf2_sha256$24000$b8icktXL4fcQ$U2cELok9TpN8fHQAzl/5e2oXS1GZ2QsB3oFFMpb8clk=", "last_login": null, "is_superuser": false, "username": "positivistic_tarsals", "first_name": "positivistic", "last_name": "tarsals", "email": "gen123@gmail.com", "is_staff": false, "is_active": true, "date_joined": "2016-05-13T22:16:27.807Z", "groups": [], "user_permissions": []}}, {"model": "auth.user", "pk": 42, "fields": {"password": "pbkdf2_sha256$24000$bqg9YVPnH3S7$FKNwETmAbtGjZxLqXc8gzLzYoZIoxb3smN15GWt/Z40=", "last_login": null, "is_superuser": false, "username": "shackled_superbugs", "first_name": "shackled", "last_name": "superbugs", "email": "gen123@gmail.com", "is_staff": false, "is_active": true, "date_joined": "2016-05-13T22:16:27.861Z", "groups": [], "user_permissions": []}}, {"model": "auth.user", "pk": 43, "fields": {"password": "pbkdf2_sha256$24000$rvchsndoj2L0$ai9A/kePtLkYJPFt3q6k4z8b/KwX/DOTsXep0VpGMJ0=", "last_login": null, "is_superuser": false, "username": "central-fire_Turkmen", "first_name": "central-fire", "last_name": "Turkmen", "email": "gen123@gmail.com", "is_staff": false, "is_active": true, "date_joined": "2016-05-13T22:16:27.913Z", "groups": [], "user_permissions": []}}, {"model": "auth.user", "pk": 44, "fields": {"password": "pbkdf2_sha256$24000$pEVWS4pzQI5Q$vBJfOllvQOyeD3vYoIPu1Fp5uDaFmio7ej5xjpLUbws=", "last_login": null, "is_superuser": false, "username": "unimpeachable_boozing", "first_name": "unimpeachable", "last_name": "boozing", "email": "gen123@gmail.com", "is_staff": false, "is_active": true, "date_joined": "2016-05-13T22:16:27.971Z", "groups": [], "user_permissions": []}}, {"model": "auth.user", "pk": 45, "fields": {"password": "pbkdf2_sha256$24000$ufobaJncXX8M$1+0iEvKcTUD4o7Lv4LEFd7/HJSMG6KzwSeKioYtmR5s=", "last_login": null, "is_superuser": false, "username": "mechanized_whortleberry", "first_name": "mechanized", "last_name": "whortleberry", "email": "gen123@gmail.com", "is_staff": false, "is_active": true, "date_joined": "2016-05-13T22:16:28.025Z", "groups": [], "user_permissions": []}}, {"model": "auth.user", "pk": 46, "fields": {"password": "pbkdf2_sha256$24000$77ovEQHiGWgX$wU4JWkHpUPpdKHID35J66Ez3lmjUHVHMkghPW7JuAWI=", "last_login": null, "is_superuser": false, "username": "raffish_nominations", "first_name": "raffish", "last_name": "nominations", "email": "gen123@gmail.com", "is_staff": false, "is_active": true, "date_joined": "2016-05-13T22:16:28.075Z", "groups": [], "user_permissions": []}}, {"model": "auth.user", "pk": 47, "fields": {"password": "pbkdf2_sha256$24000$r8vZhZGyoLWd$ihKG66rStyTtRTiqnBiql0q+1Ya/mUbwjsZsCtMY654=", "last_login": null, "is_superuser": false, "username": "bountiful_conceptacle", "first_name": "bountiful", "last_name": "conceptacle", "email": "gen123@gmail.com", "is_staff": false, "is_active": true, "date_joined": "2016-05-13T22:16:28.128Z", "groups": [], "user_permissions": []}}, {"model": "auth.user", "pk": 48, "fields": {"password": "pbkdf2_sha256$24000$O8hoX6DlqW99$S8DzkmMqG1PzHYtu9PV7kObMpQUeJy3UytiR7JOw8ro=", "last_login": null, "is_superuser": false, "username": "waney_ambrosia", "first_name": "waney", "last_name": "ambrosia", "email": "gen123@gmail.com", "is_staff": false, "is_active": true, "date_joined": "2016-05-13T22:16:28.171Z", "groups": [], "user_permissions": []}}, {"model": "auth.user", "pk": 49, "fields": {"password": "pbkdf2_sha256$24000$whvKi7imsy2h$1QsCtuipw2Xvl80mekk64pels3MP/+GYauOV5cRGLiw=", "last_login": null, "is_superuser": false, "username": "self-raising_correlate", "first_name": "self-raising", "last_name": "correlate", "email": "gen123@gmail.com", "is_staff": false, "is_active": true, "date_joined": "2016-05-13T22:16:28.213Z", "groups": [], "user_permissions": []}}, {"model": "auth.user", "pk": 50, "fields": {"password": "pbkdf2_sha256$24000$3x9RavudJrdS$5r1wpqlAXRbDTWHHDLndRrfKvu55DDwpJI+LzSnsR8I=", "last_login": null, "is_superuser": false, "username": "unsubduable_patrimony", "first_name": "unsubduable", "last_name": "patrimony", "email": "gen123@gmail.com", "is_staff": false, "is_active": true, "date_joined": "2016-05-13T22:16:28.256Z", "groups": [], "user_permissions": []}}, {"model": "auth.user", "pk": 51, "fields": {"password": "pbkdf2_sha256$24000$ud1xk5ZbE9Oi$oUoab2xhExkQH3Rb/NWVg/3Y48FyTwpQJTr9vmH7ewE=", "last_login": null, "is_superuser": false, "username": "sitting_guernseys", "first_name": "sitting", "last_name": "guernseys", "email": "gen123@gmail.com", "is_staff": false, "is_active": true, "date_joined": "2016-05-13T22:16:28.300Z", "groups": [], "user_permissions": []}}, {"model": "auth.user", "pk": 52, "fields": {"password": "pbkdf2_sha256$24000$2kYQloqlRMnW$Pc6Wf/U3HD9YxIB8iFktp4/oa5SdK6GFgU6yi0nDvk0=", "last_login": null, "is_superuser": false, "username": "deistical_genipap", "first_name": "deistical", "last_name": "genipap", "email": "gen123@gmail.com", "is_staff": false, "is_active": true, "date_joined": "2016-05-13T22:16:28.343Z", "groups": [], "user_permissions": []}}, {"model": "auth.user", "pk": 53, "fields": {"password": "pbkdf2_sha256$24000$dSz3Zl8FLNcY$mw6MMbWWNangIsGJb6Hp+jVSiL5f30rOx+ijxmcMwjw=", "last_login": null, "is_superuser": false, "username": "self-born_vermiculations", "first_name": "self-born", "last_name": "vermiculations", "email": "gen123@gmail.com", "is_staff": false, "is_active": true, "date_joined": "2016-05-13T22:16:28.385Z", "groups": [], "user_permissions": []}}, {"model": "auth.user", "pk": 54, "fields": {"password": "pbkdf2_sha256$24000$CSqDMJ5UQQr9$29oclP8+chNr6pNM16mKpO+wmV6Zal3tOY9taSxbm5Y=", "last_login": null, "is_superuser": false, "username": "aggregately_smokos", "first_name": "aggregately", "last_name": "smokos", "email": "gen123@gmail.com", "is_staff": false, "is_active": true, "date_joined": "2016-05-13T22:16:28.429Z", "groups": [], "user_permissions": []}}, {"model": "auth.user", "pk": 55, "fields": {"password": "pbkdf2_sha256$24000$uVIKgvqSqL5q$n7/fdhHmoZ5AxuPOnEh+NDZPXt49VFD5mJjTDgDiB1w=", "last_login": null, "is_superuser": false, "username": "double-reed_patriciate", "first_name": "double-reed", "last_name": "patriciate", "email": "gen123@gmail.com", "is_staff": false, "is_active": true, "date_joined": "2016-05-13T22:16:28.471Z", "groups": [], "user_permissions": []}}, {"model": "auth.user", "pk": 56, "fields": {"password": "pbkdf2_sha256$24000$wkjVex9P6313$XSIghm3U1dB6fcKohBpTR33ZUrserfH/1/s6kBwZ8G8=", "last_login": null, "is_superuser": false, "username": "virescent_dromedary", "first_name": "virescent", "last_name": "dromedary", "email": "gen123@gmail.com", "is_staff": false, "is_active": true, "date_joined": "2016-05-13T22:16:28.513Z", "groups": [], "user_permissions": []}}, {"model": "auth.user", "pk": 57, "fields": {"password": "pbkdf2_sha256$24000$juNiL6mlaxke$46k0a64Em01KYlZNXTLHZVvV997LqkRFt1EKVRE89Ws=", "last_login": null, "is_superuser": false, "username": "henotheistic_escapements", "first_name": "henotheistic", "last_name": "escapements", "email": "gen123@gmail.com", "is_staff": false, "is_active": true, "date_joined": "2016-05-13T22:16:28.556Z", "groups": [], "user_permissions": []}}, {"model": "auth.user", "pk": 58, "fields": {"password": "pbkdf2_sha256$24000$ghAdeI6Pi2lF$1IefIZMYw9rdDCH3vfkilMG0dwnGjhbs3bmOHhU6cL8=", "last_login": null, "is_superuser": false, "username": "conceded_shirrings", "first_name": "conceded", "last_name": "shirrings", "email": "gen123@gmail.com", "is_staff": false, "is_active": true, "date_joined": "2016-05-13T22:16:28.599Z", "groups": [], "user_permissions": []}}, {"model": "auth.user", "pk": 59, "fields": {"password": "pbkdf2_sha256$24000$ajislb3F14tQ$dClSGDtEWixra0lr6PQkj1LJggo58ta2jHRy24rF7+Y=", "last_login": null, "is_superuser": false, "username": "loth_fleurettes", "first_name": "loth", "last_name": "fleurettes", "email": "gen123@gmail.com", "is_staff": false, "is_active": true, "date_joined": "2016-05-13T22:16:28.645Z", "groups": [], "user_permissions": []}}, {"model": "auth.user", "pk": 60, "fields": {"password": "pbkdf2_sha256$24000$OHPFHPySS0iC$Cu7TWHQMb7NFcoxE5+5IfSKyyUzSfn0mynyBaxOuyaU=", "last_login": null, "is_superuser": false, "username": "understanding_tergiversation", "first_name": "understanding", "last_name": "tergiversation", "email": "gen123@gmail.com", "is_staff": false, "is_active": true, "date_joined": "2016-05-13T22:16:28.780Z", "groups": [], "user_permissions": []}}, {"model": "auth.user", "pk": 61, "fields": {"password": "pbkdf2_sha256$24000$GrKKxk15kWfo$/twsVVkZcSQYZ0OEn1Bo7bQt2jf3kKOKuSbYQDasC0M=", "last_login": null, "is_superuser": false, "username": "inoffensive_rhumba", "first_name": "inoffensive", "last_name": "rhumba", "email": "gen123@gmail.com", "is_staff": false, "is_active": true, "date_joined": "2016-05-13T22:16:28.826Z", "groups": [], "user_permissions": []}}, {"model": "auth.user", "pk": 62, "fields": {"password": "pbkdf2_sha256$24000$kMYDu0DUFhTv$D2kShFt0JtIcqavHTEWkEVlYUjTbbue3n6nFCI5be3g=", "last_login": null, "is_superuser": false, "username": "conceptualistic_Honolulu", "first_name": "conceptualistic", "last_name": "Honolulu", "email": "gen123@gmail.com", "is_staff": false, "is_active": true, "date_joined": "2016-05-13T22:16:28.870Z", "groups": [], "user_permissions": []}}, {"model": "auth.user", "pk": 63, "fields": {"password": "pbkdf2_sha256$24000$e5H6qFImwbYj$siWilF4RsR5rtbYUubL0yPn6M4G+SiUPjEZzQtJhGzU=", "last_login": null, "is_superuser": false, "username": "proteolytic_jugglery", "first_name": "proteolytic", "last_name": "jugglery", "email": "gen123@gmail.com", "is_staff": false, "is_active": true, "date_joined": "2016-05-13T22:16:28.913Z", "groups": [], "user_permissions": []}}, {"model": "auth.user", "pk": 64, "fields": {"password": "pbkdf2_sha256$24000$pNZCvj8m1dmb$RIt0Nid4gxnsyolT7BqrxyMeShq2q4xE5ay6OHvqfCk=", "last_login": null, "is_superuser": false, "username": "center_tropaeolum", "first_name": "center", "last_name": "tropaeolum", "email": "gen123@gmail.com", "is_staff": false, "is_active": true, "date_joined": "2016-05-13T22:16:28.956Z", "groups": [], "user_permissions": []}}, {"model": "auth.user", "pk": 65, "fields": {"password": "pbkdf2_sha256$24000$Knkg5Hl3i50y$M2pfN1Aj6m/NVQjGoiKaveE50PIA+r0X3Rn9ZhKwB90=", "last_login": null, "is_superuser": false, "username": "derivational_asthma", "first_name": "derivational", "last_name": "asthma", "email": "gen123@gmail.com", "is_staff": false, "is_active": true, "date_joined": "2016-05-13T22:16:28.999Z", "groups": [], "user_permissions": []}}, {"model": "auth.user", "pk": 66, "fields": {"password": "pbkdf2_sha256$24000$NNBpm0f9ZOVQ$8+1Hg0hDyw+hITaWd3i3fa7DZZwWHlKGGQwkM+MDMhc=", "last_login": null, "is_superuser": false, "username": "toe_smriti", "first_name": "toe", "last_name": "smriti", "email": "gen123@gmail.com", "is_staff": false, "is_active": true, "date_joined": "2016-05-13T22:16:29.042Z", "groups": [], "user_permissions": []}}, {"model": "auth.user", "pk": 67, "fields": {"password": "pbkdf2_sha256$24000$o07pEuVsd9rf$WpMKLTnno6vFVVQbE8IsarsjygKM3sUkSduPDfL0Y6A=", "last_login": null, "is_superuser": false, "username": "benevolent_Gallicanism", "first_name": "benevolent", "last_name": "Gallicanism", "email": "gen123@gmail.com", "is_staff": false, "is_active": true, "date_joined": "2016-05-13T22:16:29.084Z", "groups": [], "user_permissions": []}}, {"model": "auth.user", "pk": 68, "fields": {"password": "pbkdf2_sha256$24000$cZY7EHwgyxQP$jpy7jE2u/0xz4SSw2u47WkE9D7WrN9oQ2KBn0Oe7EKA=", "last_login": null, "is_superuser": false, "username": "packed_barndoors", "first_name": "packed", "last_name": "barndoors", "email": "gen123@gmail.com", "is_staff": false, "is_active": true, "date_joined": "2016-05-13T22:16:29.126Z", "groups": [], "user_permissions": []}}, {"model": "auth.user", "pk": 69, "fields": {"password": "pbkdf2_sha256$24000$xHVEPocdgCBY$JeAWloOYzsSsx03jV5bamGazvY7EQ7pB0IptkSwl5l0=", "last_login": null, "is_superuser": false, "username": "starry-eyed_intricateness", "first_name": "starry-eyed", "last_name": "intricateness", "email": "gen123@gmail.com", "is_staff": false, "is_active": true, "date_joined": "2016-05-13T22:16:29.168Z", "groups": [], "user_permissions": []}}, {"model": "auth.user", "pk": 70, "fields": {"password": "pbkdf2_sha256$24000$qmblx3238Unq$wTzmHAqAXtxOSCom5AnXgXu3IC9LGPELMOcwgXOTIoU=", "last_login": null, "is_superuser": false, "username": "serotine_consecrations", "first_name": "serotine", "last_name": "consecrations", "email": "gen123@gmail.com", "is_staff": false, "is_active": true, "date_joined": "2016-05-13T22:16:29.210Z", "groups": [], "user_permissions": []}}, {"model": "auth.user", "pk": 71, "fields": {"password": "pbkdf2_sha256$24000$YzfhNXcLohqx$f+a1RC8+h/q8Be3d8LO3cp2Nomy6g7Yf4HGaJ+58ku0=", "last_login": null, "is_superuser": false, "username": "preparative_hoolies", "first_name": "preparative", "last_name": "hoolies", "email": "gen123@gmail.com", "is_staff": false, "is_active": true, "date_joined": "2016-05-13T22:16:29.253Z", "groups": [], "user_permissions": []}}, {"model": "auth.user", "pk": 72, "fields": {"password": "pbkdf2_sha256$24000$GYHvB24k4ODR$qRpYOyaKkXxaZPzZ/47CXFbCCoCQuHOgvslr5rM/+W8=", "last_login": null, "is_superuser": false, "username": "superintendent_anion", "first_name": "superintendent", "last_name": "anion", "email": "gen123@gmail.com", "is_staff": false, "is_active": true, "date_joined": "2016-05-13T22:16:29.295Z", "groups": [], "user_permissions": []}}, {"model": "auth.user", "pk": 73, "fields": {"password": "pbkdf2_sha256$24000$V2M7OKmtIyEM$vOPLHGmZA9GnRzy84mgcznJbxbh831dvKpSp2ZewGb4=", "last_login": null, "is_superuser": false, "username": "heliographic_ayre", "first_name": "heliographic", "last_name": "ayre", "email": "gen123@gmail.com", "is_staff": false, "is_active": true, "date_joined": "2016-05-13T22:16:29.338Z", "groups": [], "user_permissions": []}}, {"model": "auth.user", "pk": 74, "fields": {"password": "pbkdf2_sha256$24000$I6Tsy5zQ7GGE$UgbJe+OcNhldlCqId1Iwa2cf3dzRhjf0MCdtLrN0iP8=", "last_login": null, "is_superuser": false, "username": "ecumenic_braider", "first_name": "ecumenic", "last_name": "braider", "email": "gen123@gmail.com", "is_staff": false, "is_active": true, "date_joined": "2016-05-13T22:16:29.380Z", "groups": [], "user_permissions": []}}, {"model": "auth.user", "pk": 75, "fields": {"password": "pbkdf2_sha256$24000$stmy9Om6Vqo5$kNPI0M88V8O/Jl4YoWoTMZFuo96pcl2KQJtZB4r8xWw=", "last_login": null, "is_superuser": false, "username": "streaky_belemnites", "first_name": "streaky", "last_name": "belemnites", "email": "gen123@gmail.com", "is_staff": false, "is_active": true, "date_joined": "2016-05-13T22:16:29.423Z", "groups": [], "user_permissions": []}}, {"model": "auth.user", "pk": 76, "fields": {"password": "pbkdf2_sha256$24000$vmCRKPpLvrIJ$HGk90cOuwNlQqZxNpTjrVwYcRuhjgW3l0vgG0+gP+VE=", "last_login": null, "is_superuser": false, "username": "gorgonian_vicarships", "first_name": "gorgonian", "last_name": "vicarships", "email": "gen123@gmail.com", "is_staff": false, "is_active": true, "date_joined": "2016-05-13T22:16:29.466Z", "groups": [], "user_permissions": []}}, {"model": "auth.user", "pk": 77, "fields": {"password": "pbkdf2_sha256$24000$l6S7lJ31njSB$32+U3xy+VmJ+1cJZzNDHY2AxsfMN2F1PE9pe4iItfno=", "last_login": null, "is_superuser": false, "username": "washier_mementoes", "first_name": "washier", "last_name": "mementoes", "email": "gen123@gmail.com", "is_staff": false, "is_active": true, "date_joined": "2016-05-13T22:16:29.508Z", "groups": [], "user_permissions": []}}, {"model": "auth.user", "pk": 78, "fields": {"password": "pbkdf2_sha256$24000$hJAxneEb6cCP$MXgqhGFqt1cJnn4Srk/yeiTaoL49FUJJltLWgqKaoY0=", "last_login": null, "is_superuser": false, "username": "superstitious_skunks", "first_name": "superstitious", "last_name": "skunks", "email": "gen123@gmail.com", "is_staff": false, "is_active": true, "date_joined": "2016-05-13T22:16:29.552Z", "groups": [], "user_permissions": []}}, {"model": "auth.user", "pk": 79, "fields": {"password": "pbkdf2_sha256$24000$PK0goWLDip79$/VnhnbVxj4DgladFcizIcJ+7UFdZTMQ5kYuafYA7qus=", "last_login": null, "is_superuser": false, "username": "central_mergers", "first_name": "central", "last_name": "mergers", "email": "gen123@gmail.com", "is_staff": false, "is_active": true, "date_joined": "2016-05-13T22:16:29.595Z", "groups": [], "user_permissions": []}}, {"model": "auth.user", "pk": 80, "fields": {"password": "pbkdf2_sha256$24000$RJvPc5GvGh9q$tVfV3MO4zs+CHwzRz5v1dW0nCbrk2uBZ0jL7HcV9y3Q=", "last_login": null, "is_superuser": false, "username": "stubbly_Nehru", "first_name": "stubbly", "last_name": "Nehru", "email": "gen123@gmail.com", "is_staff": false, "is_active": true, "date_joined": "2016-05-13T22:16:29.636Z", "groups": [], "user_permissions": []}}, {"model": "auth.user", "pk": 81, "fields": {"password": "pbkdf2_sha256$24000$qDvApKZs1VqL$X9NyO13pzMjUGkmHRaUx72Z4T4WUtlaQnjKJdSRTaa8=", "last_login": null, "is_superuser": false, "username": "basaltic_myography", "first_name": "basaltic", "last_name": "myography", "email": "gen123@gmail.com", "is_staff": false, "is_active": true, "date_joined": "2016-05-13T22:16:29.679Z", "groups": [], "user_permissions": []}}, {"model": "auth.user", "pk": 82, "fields": {"password": "pbkdf2_sha256$24000$sSJqh6mVtYVa$R7Xf6OWqUm8dDw6i2d+wP/q6CIwkfYhmSd2udfYi5vs=", "last_login": null, "is_superuser": false, "username": "anthropogenic_arrear", "first_name": "anthropogenic", "last_name": "arrear", "email": "gen123@gmail.com", "is_staff": false, "is_active": true, "date_joined": "2016-05-13T22:16:29.721Z", "groups": [], "user_permissions": []}}, {"model": "auth.user", "pk": 83, "fields": {"password": "pbkdf2_sha256$24000$GCESonrcqyF5$P9Zt7mamQwpcM9lFPL6JPGI7Ha1T059qBQrmG3RE3Q8=", "last_login": null, "is_superuser": false, "username": "sometime_cabalists", "first_name": "sometime", "last_name": "cabalists", "email": "gen123@gmail.com", "is_staff": false, "is_active": true, "date_joined": "2016-05-13T22:16:29.764Z", "groups": [], "user_permissions": []}}, {"model": "auth.user", "pk": 84, "fields": {"password": "pbkdf2_sha256$24000$ATH7ivvHb0mt$9urMOY9iFhmckWlrkdqaOxKsMx41e8l/Z485qXhlUwo=", "last_login": null, "is_superuser": false, "username": "unfunded_bobs", "first_name": "unfunded", "last_name": "bobs", "email": "gen123@gmail.com", "is_staff": false, "is_active": true, "date_joined": "2016-05-13T22:16:29.885Z", "groups": [], "user_permissions": []}}, {"model": "auth.user", "pk": 85, "fields": {"password": "pbkdf2_sha256$24000$3rSKs8FI7H7Y$lkG/yB/AyGTwGeKg0L2MAYRB66sCE81bY6zMWnV8v/8=", "last_login": null, "is_superuser": false, "username": "tenebrious_shore", "first_name": "tenebrious", "last_name": "shore", "email": "gen123@gmail.com", "is_staff": false, "is_active": true, "date_joined": "2016-05-13T22:16:29.932Z", "groups": [], "user_permissions": []}}, {"model": "auth.user", "pk": 86, "fields": {"password": "pbkdf2_sha256$24000$8N47uZsZGyBB$6rDYUWpHlk0dxjajx9moHiD9JpnOJ4WkRR3KsfkWeBo=", "last_login": null, "is_superuser": false, "username": "panoramic_protestation", "first_name": "panoramic", "last_name": "protestation", "email": "gen123@gmail.com", "is_staff": false, "is_active": true, "date_joined": "2016-05-13T22:16:29.975Z", "groups": [], "user_permissions": []}}, {"model": "auth.user", "pk": 87, "fields": {"password": "pbkdf2_sha256$24000$RuXYTnWsSZNt$+iyZIp0lX7Sr5ju3Z2IQUFrfTSEZ0Inqgc6J/BLsUOE=", "last_login": null, "is_superuser": false, "username": "Micronesian_syllogisms", "first_name": "Micronesian", "last_name": "syllogisms", "email": "gen123@gmail.com", "is_staff": false, "is_active": true, "date_joined": "2016-05-13T22:16:30.018Z", "groups": [], "user_permissions": []}}, {"model": "auth.user", "pk": 88, "fields": {"password": "pbkdf2_sha256$24000$0nRizi20tNTt$h/DatvnI1HYD3c7pqSMtbqvD/ugX6NY1K7aJJd0QMYo=", "last_login": null, "is_superuser": false, "username": "thermionic_personality", "first_name": "thermionic", "last_name": "personality", "email": "gen123@gmail.com", "is_staff": false, "is_active": true, "date_joined": "2016-05-13T22:16:30.061Z", "groups": [], "user_permissions": []}}, {"model": "auth.user", "pk": 89, "fields": {"password": "pbkdf2_sha256$24000$AAQ0c9TBidB9$TKQPsR2dSlWwIyK83RD6n6KdNqAOlRVZqgcFiMuV4ZI=", "last_login": null, "is_superuser": false, "username": "varicolored_canastas", "first_name": "varicolored", "last_name": "canastas", "email": "gen123@gmail.com", "is_staff": false, "is_active": true, "date_joined": "2016-05-13T22:16:30.103Z", "groups": [], "user_permissions": []}}, {"model": "auth.user", "pk": 90, "fields": {"password": "pbkdf2_sha256$24000$coOdpPW00BcO$/J7Hh6/J0NI3WqHvP7SUcDM200clzsFF6bCkTcM5/h8=", "last_login": null, "is_superuser": false, "username": "unoffended_copings", "first_name": "unoffended", "last_name": "copings", "email": "gen123@gmail.com", "is_staff": false, "is_active": true, "date_joined": "2016-05-13T22:16:30.146Z", "groups": [], "user_permissions": []}}, {"model": "auth.user", "pk": 91, "fields": {"password": "pbkdf2_sha256$24000$z78pXq3vXYs5$gXgV0hM/eiW+c3IWq9G1T+ZcKROJN6h9GbMbsl0Gpjw=", "last_login": null, "is_superuser": false, "username": "cedarn_boreholes", "first_name": "cedarn", "last_name": "boreholes", "email": "gen123@gmail.com", "is_staff": false, "is_active": true, "date_joined": "2016-05-13T22:16:30.188Z", "groups": [], "user_permissions": []}}, {"model": "auth.user", "pk": 92, "fields": {"password": "pbkdf2_sha256$24000$p0Q1trtAeT7d$u74edVoE/btVdMFgRP1cMPWFwExQczDKDLew+yU6YnY=", "last_login": null, "is_superuser": false, "username": "domanial_monorail", "first_name": "domanial", "last_name": "monorail", "email": "gen123@gmail.com", "is_staff": false, "is_active": true, "date_joined": "2016-05-13T22:16:30.231Z", "groups": [], "user_permissions": []}}, {"model": "auth.user", "pk": 93, "fields": {"password": "pbkdf2_sha256$24000$nH5TPuf3bouH$pZ+m9nKkEd7AZsgxFV4uVUNeAzKMd02kB18TGZtILeU=", "last_login": null, "is_superuser": false, "username": "tomentose_whipworm", "first_name": "tomentose", "last_name": "whipworm", "email": "gen123@gmail.com", "is_staff": false, "is_active": true, "date_joined": "2016-05-13T22:16:30.273Z", "groups": [], "user_permissions": []}}, {"model": "auth.user", "pk": 94, "fields": {"password": "pbkdf2_sha256$24000$Ke0u9Mrz8cHL$8ug7wMvAAD5UG4IhsmZRyCT4i+Ns6WWrg4EjRS++wHs=", "last_login": null, "is_superuser": false, "username": "thankful_thanes", "first_name": "thankful", "last_name": "thanes", "email": "gen123@gmail.com", "is_staff": false, "is_active": true, "date_joined": "2016-05-13T22:16:30.316Z", "groups": [], "user_permissions": []}}, {"model": "auth.user", "pk": 95, "fields": {"password": "pbkdf2_sha256$24000$5Hbpln9aYQ9y$FjPgOEs/+xTXNNfURGiwPYh6F8ucQa0tg2yGqHO1LDQ=", "last_login": null, "is_superuser": false, "username": "rock-ribbed_bookcases", "first_name": "rock-ribbed", "last_name": "bookcases", "email": "gen123@gmail.com", "is_staff": false, "is_active": true, "date_joined": "2016-05-13T22:16:30.359Z", "groups": [], "user_permissions": []}}, {"model": "auth.user", "pk": 96, "fields": {"password": "pbkdf2_sha256$24000$uwG9RKSJeTtt$aP7u5nSE0xzsknkvPtrzByoeBJx7z6p99GblSkQVty8=", "last_login": null, "is_superuser": false, "username": "affixed_blackwood", "first_name": "affixed", "last_name": "blackwood", "email": "gen123@gmail.com", "is_staff": false, "is_active": true, "date_joined": "2016-05-13T22:16:30.401Z", "groups": [], "user_permissions": []}}, {"model": "auth.user", "pk": 97, "fields": {"password": "pbkdf2_sha256$24000$bVIeKZCtoJsM$sdvFipGiZgifyaGUvAJ45NP2P4XvKgqpsDjCONr3YXg=", "last_login": null, "is_superuser": false, "username": "trochoidal_foghorn", "first_name": "trochoidal", "last_name": "foghorn", "email": "gen123@gmail.com", "is_staff": false, "is_active": true, "date_joined": "2016-05-13T22:16:30.444Z", "groups": [], "user_permissions": []}}, {"model": "auth.user", "pk": 98, "fields": {"password": "pbkdf2_sha256$24000$Q0KAM4h462uW$zJiHl4QDupBQcQzzFbTNLGAixDuFTw7bmJtaZVSmZhQ=", "last_login": null, "is_superuser": false, "username": "silvan_dowry", "first_name": "silvan", "last_name": "dowry", "email": "gen123@gmail.com", "is_staff": false, "is_active": true, "date_joined": "2016-05-13T22:16:30.487Z", "groups": [], "user_permissions": []}}, {"model": "auth.user", "pk": 99, "fields": {"password": "pbkdf2_sha256$24000$xbzR2DnxWWrf$SiQP2fbUl6GJXZXb82JEGhhGP/+bVwp0NT29EasYsu4=", "last_login": "2016-05-13T22:31:29.041Z", "is_superuser": false, "username": "grudging_coincidences", "first_name": "grudging", "last_name": "coincidences", "email": "gen123@gmail.com", "is_staff": false, "is_active": true, "date_joined": "2016-05-13T22:16:30.529Z", "groups": [], "user_permissions": []}}, {"model": "auth.user", "pk": 100, "fields": {"password": "pbkdf2_sha256$24000$Y2xrf4J3RdXD$aLoRL9TvJVzU1tL8DzDRcfGoYt8LXLnmaUuPXHqGmj0=", "last_login": "2016-05-13T22:31:00.597Z", "is_superuser": true, "username": "admin", "first_name": "", "last_name": "", "email": "admin@gmail.com", "is_staff": true, "is_active": true, "date_joined": "2016-05-13T22:30:30.914Z", "groups": [], "user_permissions": []}}, {"model": "sh_app.sh_user", "pk": 1, "fields": {"user": 1, "first_name": "metaphysic", "last_name": "knockwursts"}}, {"model": "sh_app.sh_user", "pk": 2, "fields": {"user": 2, "first_name": "thank-you", "last_name": "kaiaks"}}, {"model": "sh_app.sh_user", "pk": 3, "fields": {"user": 3, "first_name": "lathiest", "last_name": "decennaries"}}, {"model": "sh_app.sh_user", "pk": 4, "fields": {"user": 4, "first_name": "monophyletic", "last_name": "nongs"}}, {"model": "sh_app.sh_user", "pk": 5, "fields": {"user": 5, "first_name": "gorgonian", "last_name": "celibacy"}}, {"model": "sh_app.sh_user", "pk": 6, "fields": {"user": 6, "first_name": "affective", "last_name": "recapitulations"}}, {"model": "sh_app.sh_user", "pk": 7, "fields": {"user": 7, "first_name": "laryngeal", "last_name": "subeditorial"}}, {"model": "sh_app.sh_user", "pk": 8, "fields": {"user": 8, "first_name": "floodlit", "last_name": "aperients"}}, {"model": "sh_app.sh_user", "pk": 9, "fields": {"user": 9, "first_name": "skin", "last_name": "spathe"}}, {"model": "sh_app.sh_user", "pk": 10, "fields": {"user": 10, "first_name": "skeptic", "last_name": "pastorships"}}, {"model": "sh_app.sh_user", "pk": 11, "fields": {"user": 11, "first_name": "foldaway", "last_name": "tunnel"}}, {"model": "sh_app.sh_user", "pk": 12, "fields": {"user": 12, "first_name": "unreflecting", "last_name": "aggregate"}}, {"model": "sh_app.sh_user", "pk": 13, "fields": {"user": 13, "first_name": "titular", "last_name": "iridectomies"}}, {"model": "sh_app.sh_user", "pk": 14, "fields": {"user": 14, "first_name": "dialectical", "last_name": "clod"}}, {"model": "sh_app.sh_user", "pk": 15, "fields": {"user": 15, "first_name": "mop-headed", "last_name": "divines"}}, {"model": "sh_app.sh_user", "pk": 16, "fields": {"user": 16, "first_name": "unmingled", "last_name": "ducker"}}, {"model": "sh_app.sh_user", "pk": 17, "fields": {"user": 17, "first_name": "quaky", "last_name": "crith"}}, {"model": "sh_app.sh_user", "pk": 18, "fields": {"user": 18, "first_name": "allopatric", "last_name": "sondages"}}, {"model": "sh_app.sh_user", "pk": 19, "fields": {"user": 19, "first_name": "paired", "last_name": "narcoleptic"}}, {"model": "sh_app.sh_user", "pk": 20, "fields": {"user": 20, "first_name": "photochemical", "last_name": "otherness"}}, {"model": "sh_app.sh_user", "pk": 21, "fields": {"user": 21, "first_name": "astir", "last_name": "inculcations"}}, {"model": "sh_app.sh_user", "pk": 22, "fields": {"user": 22, "first_name": "puny", "last_name": "Heraclitus"}}, {"model": "sh_app.sh_user", "pk": 23, "fields": {"user": 23, "first_name": "first-generation", "last_name": "lyophilization"}}, {"model": "sh_app.sh_user", "pk": 24, "fields": {"user": 24, "first_name": "Bhutan", "last_name": "endozoa"}}, {"model": "sh_app.sh_user", "pk": 25, "fields": {"user": 25, "first_name": "acceptive", "last_name": "utterer"}}, {"model": "sh_app.sh_user", "pk": 26, "fields": {"user": 26, "first_name": "coppiced", "last_name": "gormandisers"}}, {"model": "sh_app.sh_user", "pk": 27, "fields": {"user": 27, "first_name": "entertained", "last_name": "isles"}}, {"model": "sh_app.sh_user", "pk": 28, "fields": {"user": 28, "first_name": "burly", "last_name": "ejections"}}, {"model": "sh_app.sh_user", "pk": 29, "fields": {"user": 29, "first_name": "disappointed", "last_name": "requitements"}}, {"model": "sh_app.sh_user", "pk": 30, "fields": {"user": 30, "first_name": "weedy", "last_name": "pintle"}}, {"model": "sh_app.sh_user", "pk": 31, "fields": {"user": 31, "first_name": "tangled", "last_name": "cohoes"}}, {"model": "sh_app.sh_user", "pk": 32, "fields": {"user": 32, "first_name": "unassigned", "last_name": "spermophyte"}}, {"model": "sh_app.sh_user", "pk": 33, "fields": {"user": 33, "first_name": "inseminated", "last_name": "synthesizers"}}, {"model": "sh_app.sh_user", "pk": 34, "fields": {"user": 34, "first_name": "blameful", "last_name": "flatwares"}}, {"model": "sh_app.sh_user", "pk": 35, "fields": {"user": 35, "first_name": "floodlit", "last_name": "soliloquisers"}}, {"model": "sh_app.sh_user", "pk": 36, "fields": {"user": 36, "first_name": "muddy", "last_name": "shammy"}}, {"model": "sh_app.sh_user", "pk": 37, "fields": {"user": 37, "first_name": "dispensational", "last_name": "abdomens"}}, {"model": "sh_app.sh_user", "pk": 38, "fields": {"user": 38, "first_name": "appropriated", "last_name": "tremies"}}, {"model": "sh_app.sh_user", "pk": 39, "fields": {"user": 39, "first_name": "thorny", "last_name": "oiks"}}, {"model": "sh_app.sh_user", "pk": 40, "fields": {"user": 40, "first_name": "down", "last_name": "grinner"}}, {"model": "sh_app.sh_user", "pk": 41, "fields": {"user": 41, "first_name": "positivistic", "last_name": "tarsals"}}, {"model": "sh_app.sh_user", "pk": 42, "fields": {"user": 42, "first_name": "shackled", "last_name": "superbugs"}}, {"model": "sh_app.sh_user", "pk": 43, "fields": {"user": 43, "first_name": "central-fire", "last_name": "Turkmen"}}, {"model": "sh_app.sh_user", "pk": 44, "fields": {"user": 44, "first_name": "unimpeachable", "last_name": "boozing"}}, {"model": "sh_app.sh_user", "pk": 45, "fields": {"user": 45, "first_name": "mechanized", "last_name": "whortleberry"}}, {"model": "sh_app.sh_user", "pk": 46, "fields": {"user": 46, "first_name": "raffish", "last_name": "nominations"}}, {"model": "sh_app.sh_user", "pk": 47, "fields": {"user": 47, "first_name": "bountiful", "last_name": "conceptacle"}}, {"model": "sh_app.sh_user", "pk": 48, "fields": {"user": 48, "first_name": "waney", "last_name": "ambrosia"}}, {"model": "sh_app.sh_user", "pk": 49, "fields": {"user": 49, "first_name": "self-raising", "last_name": "correlate"}}, {"model": "sh_app.sh_user", "pk": 50, "fields": {"user": 50, "first_name": "unsubduable", "last_name": "patrimony"}}, {"model": "sh_app.sh_user", "pk": 51, "fields": {"user": 51, "first_name": "sitting", "last_name": "guernseys"}}, {"model": "sh_app.sh_user", "pk": 52, "fields": {"user": 52, "first_name": "deistical", "last_name": "genipap"}}, {"model": "sh_app.sh_user", "pk": 53, "fields": {"user": 53, "first_name": "self-born", "last_name": "vermiculations"}}, {"model": "sh_app.sh_user", "pk": 54, "fields": {"user": 54, "first_name": "aggregately", "last_name": "smokos"}}, {"model": "sh_app.sh_user", "pk": 55, "fields": {"user": 55, "first_name": "double-reed", "last_name": "patriciate"}}, {"model": "sh_app.sh_user", "pk": 56, "fields": {"user": 56, "first_name": "virescent", "last_name": "dromedary"}}, {"model": "sh_app.sh_user", "pk": 57, "fields": {"user": 57, "first_name": "henotheistic", "last_name": "escapements"}}, {"model": "sh_app.sh_user", "pk": 58, "fields": {"user": 58, "first_name": "conceded", "last_name": "shirrings"}}, {"model": "sh_app.sh_user", "pk": 59, "fields": {"user": 59, "first_name": "loth", "last_name": "fleurettes"}}, {"model": "sh_app.sh_user", "pk": 60, "fields": {"user": 60, "first_name": "understanding", "last_name": "tergiversation"}}, {"model": "sh_app.sh_user", "pk": 61, "fields": {"user": 61, "first_name": "inoffensive", "last_name": "rhumba"}}, {"model": "sh_app.sh_user", "pk": 62, "fields": {"user": 62, "first_name": "conceptualistic", "last_name": "Honolulu"}}, {"model": "sh_app.sh_user", "pk": 63, "fields": {"user": 63, "first_name": "proteolytic", "last_name": "jugglery"}}, {"model": "sh_app.sh_user", "pk": 64, "fields": {"user": 64, "first_name": "center", "last_name": "tropaeolum"}}, {"model": "sh_app.sh_user", "pk": 65, "fields": {"user": 65, "first_name": "derivational", "last_name": "asthma"}}, {"model": "sh_app.sh_user", "pk": 66, "fields": {"user": 66, "first_name": "toe", "last_name": "smriti"}}, {"model": "sh_app.sh_user", "pk": 67, "fields": {"user": 67, "first_name": "benevolent", "last_name": "Gallicanism"}}, {"model": "sh_app.sh_user", "pk": 68, "fields": {"user": 68, "first_name": "packed", "last_name": "barndoors"}}, {"model": "sh_app.sh_user", "pk": 69, "fields": {"user": 69, "first_name": "starry-eyed", "last_name": "intricateness"}}, {"model": "sh_app.sh_user", "pk": 70, "fields": {"user": 70, "first_name": "serotine", "last_name": "consecrations"}}, {"model": "sh_app.sh_user", "pk": 71, "fields": {"user": 71, "first_name": "preparative", "last_name": "hoolies"}}, {"model": "sh_app.sh_user", "pk": 72, "fields": {"user": 72, "first_name": "superintendent", "last_name": "anion"}}, {"model": "sh_app.sh_user", "pk": 73, "fields": {"user": 73, "first_name": "heliographic", "last_name": "ayre"}}, {"model": "sh_app.sh_user", "pk": 74, "fields": {"user": 74, "first_name": "ecumenic", "last_name": "braider"}}, {"model": "sh_app.sh_user", "pk": 75, "fields": {"user": 75, "first_name": "streaky", "last_name": "belemnites"}}, {"model": "sh_app.sh_user", "pk": 76, "fields": {"user": 76, "first_name": "gorgonian", "last_name": "vicarships"}}, {"model": "sh_app.sh_user", "pk": 77, "fields": {"user": 77, "first_name": "washier", "last_name": "mementoes"}}, {"model": "sh_app.sh_user", "pk": 78, "fields": {"user": 78, "first_name": "superstitious", "last_name": "skunks"}}, {"model": "sh_app.sh_user", "pk": 79, "fields": {"user": 79, "first_name": "central", "last_name": "mergers"}}, {"model": "sh_app.sh_user", "pk": 80, "fields": {"user": 80, "first_name": "stubbly", "last_name": "Nehru"}}, {"model": "sh_app.sh_user", "pk": 81, "fields": {"user": 81, "first_name": "basaltic", "last_name": "myography"}}, {"model": "sh_app.sh_user", "pk": 82, "fields": {"user": 82, "first_name": "anthropogenic", "last_name": "arrear"}}, {"model": "sh_app.sh_user", "pk": 83, "fields": {"user": 83, "first_name": "sometime", "last_name": "cabalists"}}, {"model": "sh_app.sh_user", "pk": 84, "fields": {"user": 84, "first_name": "unfunded", "last_name": "bobs"}}, {"model": "sh_app.sh_user", "pk": 85, "fields": {"user": 85, "first_name": "tenebrious", "last_name": "shore"}}, {"model": "sh_app.sh_user", "pk": 86, "fields": {"user": 86, "first_name": "panoramic", "last_name": "protestation"}}, {"model": "sh_app.sh_user", "pk": 87, "fields": {"user": 87, "first_name": "Micronesian", "last_name": "syllogisms"}}, {"model": "sh_app.sh_user", "pk": 88, "fields": {"user": 88, "first_name": "thermionic", "last_name": "personality"}}, {"model": "sh_app.sh_user", "pk": 89, "fields": {"user": 89, "first_name": "varicolored", "last_name": "canastas"}}, {"model": "sh_app.sh_user", "pk": 90, "fields": {"user": 90, "first_name": "unoffended", "last_name": "copings"}}, {"model": "sh_app.sh_user", "pk": 91, "fields": {"user": 91, "first_name": "cedarn", "last_name": "boreholes"}}, {"model": "sh_app.sh_user", "pk": 92, "fields": {"user": 92, "first_name": "domanial", "last_name": "monorail"}}, {"model": "sh_app.sh_user", "pk": 93, "fields": {"user": 93, "first_name": "tomentose", "last_name": "whipworm"}}, {"model": "sh_app.sh_user", "pk": 94, "fields": {"user": 94, "first_name": "thankful", "last_name": "thanes"}}, {"model": "sh_app.sh_user", "pk": 95, "fields": {"user": 95, "first_name": "rock-ribbed", "last_name": "bookcases"}}, {"model": "sh_app.sh_user", "pk": 96, "fields": {"user": 96, "first_name": "affixed", "last_name": "blackwood"}}, {"model": "sh_app.sh_user", "pk": 97, "fields": {"user": 97, "first_name": "trochoidal", "last_name": "foghorn"}}, {"model": "sh_app.sh_user", "pk": 98, "fields": {"user": 98, "first_name": "silvan", "last_name": "dowry"}}, {"model": "sh_app.sh_user", "pk": 99, "fields": {"user": 99, "first_name": "grudging", "last_name": "coincidences"}}]