[{"model": "contenttypes.contenttype", "pk": 1, "fields": {"app_label": "admin", "model": "logentry"}}, {"model": "contenttypes.contenttype", "pk": 2, "fields": {"app_label": "auth", "model": "permission"}}, {"model": "contenttypes.contenttype", "pk": 3, "fields": {"app_label": "auth", "model": "group"}}, {"model": "contenttypes.contenttype", "pk": 4, "fields": {"app_label": "auth", "model": "user"}}, {"model": "contenttypes.contenttype", "pk": 5, "fields": {"app_label": "contenttypes", "model": "contenttype"}}, {"model": "contenttypes.contenttype", "pk": 6, "fields": {"app_label": "sessions", "model": "session"}}, {"model": "contenttypes.contenttype", "pk": 7, "fields": {"app_label": "sh_app", "model": "sh_user"}}, {"model": "contenttypes.contenttype", "pk": 8, "fields": {"app_label": "sh_app", "model": "league"}}, {"model": "contenttypes.contenttype", "pk": 9, "fields": {"app_label": "sh_app", "model": "huddle"}}, {"model": "contenttypes.contenttype", "pk": 10, "fields": {"app_label": "sh_app", "model": "suggestion"}}, {"model": "sessions.session", "pk": "p4b3aj3vq6mzsa5714lge8xtpmm2pi7g", "fields": {"session_data": "ZGFlOWJlZTgwOTYyZGI4MTA3NTBjOWY2ZTRmM2JhZmM5MmZiMzFhNjp7Il9hdXRoX3VzZXJfaGFzaCI6IjY0NTNmYzU4YzhjNWJmNGY4ZGE2M2Q2ZTQ3MWRhMmQ3MDBmMTE0MTYiLCJfYXV0aF91c2VyX2JhY2tlbmQiOiJkamFuZ28uY29udHJpYi5hdXRoLmJhY2tlbmRzLk1vZGVsQmFja2VuZCIsIl9hdXRoX3VzZXJfaWQiOiI5MyJ9", "expire_date": "2016-05-29T04:19:27.856Z"}}, {"model": "sh_app.league", "pk": 1, "fields": {"name": "Languishing braggers league", "description": "", "country": "PN", "city": "galliambics", "state": null, "date_created": "2016-05-15T04:17:47.219Z", "is_private": false, "head_official": 16, "officials": [16, 41, 84, 88], "members": [16, 81, 39, 29, 82, 63, 40, 6, 75, 23, 1, 10, 84, 41, 32, 62, 97, 46, 88, 3, 60, 9, 17, 44, 92, 19, 93]}}, {"model": "sh_app.league", "pk": 2, "fields": {"name": "Rhythmical disbarments league", "description": "", "country": "UM", "city": "tarbrush", "state": null, "date_created": "2016-05-15T04:17:47.260Z", "is_private": false, "head_official": 57, "officials": [12, 49, 57, 80], "members": [57, 74, 46, 1, 20, 49, 56, 26, 3, 94, 68, 14, 86, 12, 85, 54, 71, 51, 29, 9, 34, 47, 36, 80, 75, 19]}}, {"model": "sh_app.league", "pk": 3, "fields": {"name": "Opportunist plaid league", "description": "", "country": "ES", "city": "organon", "state": null, "date_created": "2016-05-15T04:17:47.295Z", "is_private": false, "head_official": 81, "officials": [50, 53, 61, 81], "members": [81, 76, 53, 95, 16, 74, 70, 75, 58, 64, 50, 91, 60, 32, 8, 61, 3, 65, 42, 14, 38, 33, 98, 37, 21, 27, 93]}}, {"model": "sh_app.league", "pk": 4, "fields": {"name": "Matrilinear injunctions league", "description": "", "country": "NU", "city": "cleansers", "state": null, "date_created": "2016-05-15T04:17:47.327Z", "is_private": false, "head_official": 55, "officials": [55, 67, 68, 89], "members": [55, 67, 98, 63, 40, 9, 83, 31, 80, 64, 26, 51, 44, 69, 76, 28, 6, 74, 89, 68, 22, 53, 65, 82, 13, 4]}}, {"model": "sh_app.league", "pk": 5, "fields": {"name": "Dignified crayer league", "description": "", "country": "YE", "city": "musky", "state": null, "date_created": "2016-05-15T04:17:47.358Z", "is_private": false, "head_official": 97, "officials": [3, 5, 94, 97], "members": [97, 84, 26, 72, 80, 3, 89, 29, 58, 85, 83, 44, 55, 90, 49, 5, 91, 56, 9, 95, 94, 88, 98, 51, 65, 70]}}, {"model": "sh_app.league", "pk": 6, "fields": {"name": "Bananas corgi league", "description": "", "country": "TN", "city": "sexpots", "state": null, "date_created": "2016-05-15T04:17:47.392Z", "is_private": false, "head_official": 20, "officials": [20, 28, 74, 91], "members": [20, 6, 91, 74, 29, 82, 86, 63, 4, 36, 85, 22, 17, 98, 7, 14, 57, 67, 50, 15, 41, 42, 24, 79, 28, 47]}}, {"model": "sh_app.league", "pk": 7, "fields": {"name": "Unsent mobilizer league", "description": "", "country": "CD", "city": "goos", "state": null, "date_created": "2016-05-15T04:17:47.425Z", "is_private": false, "head_official": 70, "officials": [24, 27, 70, 90], "members": [70, 91, 30, 90, 57, 25, 61, 77, 19, 94, 59, 33, 8, 54, 22, 65, 76, 42, 14, 41, 32, 27, 48, 88, 35, 24]}}, {"model": "sh_app.league", "pk": 8, "fields": {"name": "Acceptant dispensators league", "description": "", "country": "AW", "city": "succulent", "state": null, "date_created": "2016-05-15T04:17:47.452Z", "is_private": false, "head_official": 97, "officials": [3, 57, 72, 97], "members": [97, 44, 76, 27, 64, 43, 88, 62, 3, 52, 15, 56, 82, 54, 84, 12, 2, 42, 37, 58, 55, 72, 61, 9, 57, 59]}}, {"model": "sh_app.league", "pk": 9, "fields": {"name": "Vagile uncertainties league", "description": "", "country": "LV", "city": "taluks", "state": null, "date_created": "2016-05-15T04:17:47.482Z", "is_private": false, "head_official": 55, "officials": [19, 38, 50, 55], "members": [55, 19, 50, 56, 10, 17, 61, 7, 18, 46, 9, 2, 39, 22, 38, 76, 64, 27, 91, 3, 15, 47, 70, 68, 98, 6]}}, {"model": "sh_app.huddle", "pk": 1, "fields": {"name": "Sloppy realization huddle", "address": "453 phonasthenia Street", "date": "2016-06-01T04:17:55.434Z", "description": "r colours, are not\nsaid to be affective qualities in this sense, but -because they\nthemselves are the results of an affection. It is plain that many\nchanges of ", "league": 1, "experts": [16, 84, 88], "attendants": [3, 10, 75]}}, {"model": "sh_app.huddle", "pk": 2, "fields": {"name": "Latinate pen-and-ink huddle", "address": "704 assignments Avenue", "date": "2016-05-25T04:17:55.449Z", "description": "ame from the aforesaid attitudes.\n\n  It is possible for relatives to have contraries. Thus virtue has a\ncontrary, vice, these both being relatives; knowledge, t", "league": 1, "experts": [16, 41, 88], "attendants": [1, 9]}}, {"model": "sh_app.huddle", "pk": 3, "fields": {"name": "Thistly quillons huddle", "address": "614 pouf Avenue", "date": "2016-05-13T04:17:55.462Z", "description": "g\ncontrary qualities, the modification taking place through a change\nin the substance itself.\n\n  Let these remarks suffice on the subject of substance.\n\n       ", "league": 1, "experts": [16, 41, 88], "attendants": [84]}}, {"model": "sh_app.huddle", "pk": 4, "fields": {"name": "Israeli contravention huddle", "address": "988 crow's-nest Road", "date": "2016-04-25T04:17:55.477Z", "description": " mind, but is not predicable of\nany subject; or again, a certain whiteness may be present in the\nbody (for colour requires a material basis), yet it is never\npr", "league": 1, "experts": [16, 41, 84], "attendants": [6, 32]}}, {"model": "sh_app.huddle", "pk": 5, "fields": {"name": "Unwatered probationership huddle", "address": "872 algesia Road", "date": "2016-05-12T04:17:55.492Z", "description": "a relative term. To\nlie, to stand, to be seated, are not themselves attitudes, but take\ntheir name from the aforesaid attitudes.\n\n  It is possible for relatives", "league": 1, "experts": [16, 41, 88], "attendants": [1, 44, 63]}}, {"model": "sh_app.huddle", "pk": 6, "fields": {"name": "Dowf paseo huddle", "address": "687 shogi Road", "date": "2016-05-31T04:17:55.506Z", "description": "such terms that positive or negative\nstatements arise. For every assertion must, as is admitted, be\neither true or false, whereas expressions which are not in a", "league": 1, "experts": [16, 41, 84], "attendants": [23]}}, {"model": "sh_app.huddle", "pk": 7, "fields": {"name": "Haematinic danseuses huddle", "address": "877 quid Road", "date": "2016-06-02T04:17:55.518Z", "description": "belong to the same species or genus. Disease and health\nrequire as their subject the body of an animal; white and black\nrequire a body, without further qualific", "league": 1, "experts": [16, 84, 88], "attendants": [40, 81]}}, {"model": "sh_app.huddle", "pk": 8, "fields": {"name": "Java sterculia huddle", "address": "854 reprehenders Street", "date": "2016-05-12T04:17:55.532Z", "description": "he case of contraries, nor in the case of\ncorrelatives, nor in the case of 'positives' and 'privatives', is it\nnecessary for one to be true and the other false.", "league": 1, "experts": [16, 41, 88], "attendants": [40, 92]}}, {"model": "sh_app.huddle", "pk": 9, "fields": {"name": "Sonant aliquot huddle", "address": "242 frankincense Street", "date": "2016-05-13T04:17:55.548Z", "description": " of\nsurface, for he would state the area which it covered. Thus the things\nalready mentioned, and these alone, are in their intrinsic nature\nquantities; nothing", "league": 1, "experts": [16, 41, 84], "attendants": [9, 44, 84, 97]}}, {"model": "sh_app.huddle", "pk": 10, "fields": {"name": "Auld dulles huddle", "address": "601 vinery Drive", "date": "2016-04-30T04:17:55.563Z", "description": "is is so, because nothing is farther from the\nextremities of the universe than the region at the centre. Indeed,\nit seems that in defining contraries of every k", "league": 1, "experts": [16, 84, 88], "attendants": [40, 60, 82, 97]}}, {"model": "sh_app.huddle", "pk": 11, "fields": {"name": "Strychnic gossipmonger huddle", "address": "729 preventatives Street", "date": "2016-05-22T04:17:55.574Z", "description": "le to bring forward any which possessed this\nmark. Thus, one and the same colour cannot be white and black. Nor can\nthe same one action be good and bad: this la", "league": 2, "experts": [49, 57, 80], "attendants": [26, 57]}}, {"model": "sh_app.huddle", "pk": 12, "fields": {"name": "Plotless maslin huddle", "address": "465 luges Street", "date": "2016-05-24T04:17:55.585Z", "description": "egory but that of quality, will\nbe applicable properly to injustice. So it is with all other\ncontraries falling under the category of quality.\n\n  Qualities admi", "league": 2, "experts": [49, 57, 80], "attendants": []}}, {"model": "sh_app.huddle", "pk": 13, "fields": {"name": "Dimmest indention huddle", "address": "920 haughtiness Avenue", "date": "2016-06-02T04:17:55.598Z", "description": "ntity for its\nparts have no common boundary. There is no common boundary at which\nthe syllables join, but each is separate and distinct from the rest.\n\n  A line", "league": 2, "experts": [12, 49, 57], "attendants": [20, 85]}}, {"model": "sh_app.huddle", "pk": 14, "fields": {"name": "Strifeful upgrade huddle", "address": "634 mishanters Road", "date": "2016-04-25T04:17:55.609Z", "description": "ssible to\ndislodge: in which case we should perhaps go so far as to call it a\nhabit.\n\n  It is evident that men incline to call those conditions habits which\nare", "league": 2, "experts": [49, 57, 80], "attendants": [47, 54]}}, {"model": "sh_app.huddle", "pk": 15, "fields": {"name": "Browny chitterling huddle", "address": "758 Cyrene Street", "date": "2016-05-28T04:17:55.622Z", "description": "ore beautiful, he\ncan no longer claim to know definitely that it is more beautiful\nthan something else which is less beautiful: for it might be that\nnothing was", "league": 2, "experts": [49, 57, 80], "attendants": [29]}}, {"model": "sh_app.huddle", "pk": 16, "fields": {"name": "Impenitent remissibility huddle", "address": "560 vexations Road", "date": "2016-05-15T04:17:55.635Z", "description": "the stated correlation existing between\nhim and the slave will remain the same, for it is of a master that a\nslave is said to be the slave. On the other hand, i", "league": 2, "experts": [49, 57, 80], "attendants": [14, 86, 94]}}, {"model": "sh_app.huddle", "pk": 17, "fields": {"name": "Dizzier mung huddle", "address": "334 vascularity Avenue", "date": "2016-05-05T04:17:55.646Z", "description": "case of space that quantity most plausibly appears to\nadmit of a contrary. For men define the term 'above' as the contrary\nof 'below', when it is the region at ", "league": 2, "experts": [49, 57, 80], "attendants": [49, 74]}}, {"model": "sh_app.huddle", "pk": 18, "fields": {"name": "Athetoid keener huddle", "address": "131 raceways Drive", "date": "2016-05-12T04:17:55.658Z", "description": " there is no such\npossibility, for neither wholes nor parts of primary substances are\nrelative. The individual man or ox is not defined with reference to\nsometh", "league": 2, "experts": [12, 49, 57], "attendants": [26, 71]}}, {"model": "sh_app.huddle", "pk": 19, "fields": {"name": "Crowded syllable huddle", "address": "60 swindle Drive", "date": "2016-06-03T04:17:55.669Z", "description": "g the genus 'plant'.\n\n  Moreover, primary substances are most properly called substances\nin virtue of the fact that they are the entities which underlie every.\n", "league": 2, "experts": [49, 57, 80], "attendants": [1]}}, {"model": "sh_app.huddle", "pk": 20, "fields": {"name": "Semicircular gyrus huddle", "address": "836 saccharimetry Street", "date": "2016-05-21T04:17:55.681Z", "description": "he rudder does not have\nthis reference to a boat qua boat, as there are boats which have no\nrudders. Thus we cannot use the terms reciprocally, for the word\n'bo", "league": 2, "experts": [12, 49, 80], "attendants": [1, 12, 29, 85]}}, {"model": "sh_app.huddle", "pk": 21, "fields": {"name": "Bicentenary motivity huddle", "address": "76 immunoglobulin Drive", "date": "2016-05-18T04:17:55.695Z", "description": " of place.\n\n  It is evident in all but one case that all these sorts of movement\nare distinct each from each. Generation is distinct from\ndestruction, increase ", "league": 3, "experts": [50, 53, 61], "attendants": []}}, {"model": "sh_app.huddle", "pk": 22, "fields": {"name": "Pushto improvisator huddle", "address": "495 cercaria Drive", "date": "2016-05-12T04:17:55.708Z", "description": " be\ncontrary to themselves. For it happens at times that the same thing is\nboth small and great. For the same thing may be small in comparison\nwith one thing, a", "league": 3, "experts": [50, 61, 81], "attendants": [8]}}, {"model": "sh_app.huddle", "pk": 23, "fields": {"name": "Areolate damaskeening huddle", "address": "252 parcel Road", "date": "2016-05-26T04:17:55.721Z", "description": "t. We do not call that toothless which has\nnot teeth, or that blind which has not sight, but rather that which\nhas not teeth or sight at the time when by nature", "league": 3, "experts": [50, 53, 61], "attendants": [37]}}, {"model": "sh_app.huddle", "pk": 24, "fields": {"name": "Beardless stroma huddle", "address": "233 sigma Avenue", "date": "2016-05-12T04:17:55.733Z", "description": "s unable to bring forward any which possessed this\nmark. Thus, one and the same colour cannot be white and black. Nor can\nthe same one action be good and bad: t", "league": 3, "experts": [53, 61, 81], "attendants": [42, 76, 91]}}, {"model": "sh_app.huddle", "pk": 25, "fields": {"name": "Botryoidal amortization huddle", "address": "711 duel Drive", "date": "2016-05-22T04:17:55.744Z", "description": " being\npresent in a subject. Thus a certain point of grammatical knowledge is\npresent in a subject.\n\n                                 3\n\n  When one thing is pre", "league": 3, "experts": [53, 61, 81], "attendants": [50]}}, {"model": "sh_app.huddle", "pk": 26, "fields": {"name": "Granular stealthiness huddle", "address": "435 reclaimers Street", "date": "2016-05-01T04:17:55.757Z", "description": "r we say that a house has many in it, and a theatre few,\nthough those in the theatre far outnumber those in the house. The\nterms 'two cubits long, \"three cubits", "league": 3, "experts": [50, 61, 81], "attendants": [8, 37]}}, {"model": "sh_app.huddle", "pk": 27, "fields": {"name": "Coliform devotion huddle", "address": "803 chiliasm Road", "date": "2016-05-25T04:17:55.768Z", "description": "articular instances. If a man knows definitely that such and such a\nthing is 'double', he will also forthwith know definitely that of\nwhich it is the double. Fo", "league": 3, "experts": [50, 61, 81], "attendants": [98]}}, {"model": "sh_app.huddle", "pk": 28, "fields": {"name": "Self-neglecting ineffability huddle", "address": "634 swastika Road", "date": "2016-04-25T04:17:55.782Z", "description": "here are six sorts of movement: generation, destruction,\nincrease, diminution, alteration, and change of place.\n\n  It is evident in all but one case that all th", "league": 3, "experts": [50, 53, 81], "attendants": [16, 53, 95]}}, {"model": "sh_app.huddle", "pk": 29, "fields": {"name": "Juridic brickfields huddle", "address": "497 nullifiers Drive", "date": "2016-06-04T04:17:55.793Z", "description": "iprocally connected with that in relation to which it is\ndefined, for the statement is not exact. Further, if one thing is said\nto be correlative with another, ", "league": 3, "experts": [50, 53, 61], "attendants": [61, 64, 65, 95]}}, {"model": "sh_app.huddle", "pk": 30, "fields": {"name": "Satellite lighterman huddle", "address": "195 kiang Street", "date": "2016-05-20T04:17:55.807Z", "description": "  Instances of discrete quantities are number and speech; of\ncontinuous, lines, surfaces, solids, and, besides these, time and\nplace.\n\n  In the case of the part", "league": 3, "experts": [50, 61, 81], "attendants": [3, 27, 33, 98]}}, {"model": "sh_app.huddle", "pk": 31, "fields": {"name": "Schmalzier croquet huddle", "address": "384 islet Avenue", "date": "2016-05-14T04:17:55.818Z", "description": "shame is not said to be a\nconstitutional blusher, nor is the man who becomes pale through fear\nsaid to be constitutionally pale. He is said rather to have been\n", "league": 4, "experts": [55, 68, 89], "attendants": [53]}}, {"model": "sh_app.huddle", "pk": 32, "fields": {"name": "Confirmative pearmains huddle", "address": "643 apophyges Street", "date": "2016-05-22T04:17:55.830Z", "description": "word, there is a fourth. That which is\nbetter and more honourable is said to have a natural priority. In\ncommon parlance men speak of those whom they honour and", "league": 4, "experts": [67, 68, 89], "attendants": [67, 68, 89]}}, {"model": "sh_app.huddle", "pk": 33, "fields": {"name": "Teenier bribes huddle", "address": "652 overrun Road", "date": "2016-05-07T04:17:55.844Z", "description": "n',\nbut not present in it. For they are not in man. Moreover, the\ndefinition of the differentia may be predicated of that of which the\ndifferentia itself is pre", "league": 4, "experts": [55, 67, 89], "attendants": [13, 40, 67, 68, 69, 76]}}, {"model": "sh_app.huddle", "pk": 34, "fields": {"name": "Ecclesiastical bleeps huddle", "address": "962 decencies Drive", "date": "2016-05-06T04:17:55.856Z", "description": " and such a\nthing is 'double', he will also forthwith know definitely that of\nwhich it is the double. For if there is nothing definite of which he\nknows it to b", "league": 4, "experts": [67, 68, 89], "attendants": [82]}}, {"model": "sh_app.huddle", "pk": 35, "fields": {"name": "Indigestive causeys huddle", "address": "939 craft Avenue", "date": "2016-05-07T04:17:55.868Z", "description": " to be classed as relative.\n\n  Again, whether we define them as quantitative or not, they have no\ncontraries: for how can there be a contrary of an attribute wh", "league": 4, "experts": [55, 67, 89], "attendants": [6, 53]}}, {"model": "sh_app.huddle", "pk": 36, "fields": {"name": "Irruptive leopards huddle", "address": "261 authenticity Street", "date": "2016-05-25T04:17:55.882Z", "description": "complexion of skin. For the same disposition of bodily elements, which\nin the former instance was momentarily present in the case of an\naccess of shame, might b", "league": 4, "experts": [55, 68, 89], "attendants": [76]}}, {"model": "sh_app.huddle", "pk": 37, "fields": {"name": "Trim irremediableness huddle", "address": "298 Edie Street", "date": "2016-04-30T04:17:55.896Z", "description": "e\nmatter of the proposition in one case is opposed to that in the other,\nhis sitting, that is to say, to his not sitting.\n\n  It is evident that 'positives' and ", "league": 4, "experts": [55, 68, 89], "attendants": [26]}}, {"model": "sh_app.huddle", "pk": 38, "fields": {"name": "Thwarting trisoctahedrons huddle", "address": "613 printmakers Road", "date": "2016-05-31T04:17:55.910Z", "description": "categories; for instance, granted that\njustice is the contrary of injustice and justice is a quality,\ninjustice will also be a quality: neither quantity, nor re", "league": 4, "experts": [67, 68, 89], "attendants": [26, 44, 64, 82, 98]}}, {"model": "sh_app.huddle", "pk": 39, "fields": {"name": "Screw-pine protonemas huddle", "address": "536 gammoner Road", "date": "2016-05-02T04:17:55.922Z", "description": " indeed any other category but that of quality, will\nbe applicable properly to injustice. So it is with all other\ncontraries falling under the category of quali", "league": 4, "experts": [55, 67, 68], "attendants": [63, 64, 74]}}, {"model": "sh_app.huddle", "pk": 40, "fields": {"name": "Unriveted paraphrases huddle", "address": "729 seascape Avenue", "date": "2016-05-14T04:17:55.935Z", "description": "true and the\nother false. For if Socrates exists, one will be true and the other\nfalse, but if he does not exist, both will be false; for neither\n'Socrates is i", "league": 4, "experts": [55, 68, 89], "attendants": [22, 28, 65]}}, {"model": "sh_app.huddle", "pk": 41, "fields": {"name": "Associable vermont huddle", "address": "910 cooperations Drive", "date": "2016-05-22T04:17:55.946Z", "description": " beautiful, he\ncan no longer claim to know definitely that it is more beautiful\nthan something else which is less beautiful: for it might be that\nnothing was le", "league": 5, "experts": [3, 94, 97], "attendants": [83, 88]}}, {"model": "sh_app.huddle", "pk": 42, "fields": {"name": "Dysgenic synapte huddle", "address": "646 sheen Drive", "date": "2016-05-19T04:17:55.957Z", "description": "roposition, of\nwhich either substance or a differentia forms the predicate, these are\npredicated univocally.\n\n  All substance appears to signify that which is i", "league": 5, "experts": [5, 94, 97], "attendants": [3, 85, 95]}}, {"model": "sh_app.huddle", "pk": 43, "fields": {"name": "Witchy cameroon huddle", "address": "442 mesembryanthemum Street", "date": "2016-05-23T04:17:55.969Z", "description": "s are genera,\nno one is more truly substance than another. We should not give a more\nappropriate account of the individual man by stating the species to\nwhich h", "league": 5, "experts": [5, 94, 97], "attendants": []}}, {"model": "sh_app.huddle", "pk": 44, "fields": {"name": "Conspecific vicarages huddle", "address": "762 zamarras Avenue", "date": "2016-05-19T04:17:55.979Z", "description": "is herein using a\nword of wider extension than he who uses the word 'man'.\n\n  Another mark of substance is that it has no contrary. What could\nbe the contrary o", "league": 5, "experts": [3, 5, 97], "attendants": [26, 29, 94]}}, {"model": "sh_app.huddle", "pk": 45, "fields": {"name": "Floppier amplitude huddle", "address": "546 separation Avenue", "date": "2016-04-26T04:17:55.992Z", "description": "ore state that those things are said to be possessed of\nsome specific quality which have a name derived from that of the\naforesaid quality, or which are in some", "league": 5, "experts": [3, 5, 94], "attendants": [44, 70, 83, 85, 95]}}, {"model": "sh_app.huddle", "pk": 46, "fields": {"name": "Iciest sigil huddle", "address": "650 sari Street", "date": "2016-05-06T04:17:56.003Z", "description": "sed, so as to give place to vice.\n\n  By a disposition, on the other hand, we mean a condition that is\neasily changed and quickly gives place to its opposite. Th", "league": 5, "experts": [3, 5, 94], "attendants": [85]}}, {"model": "sh_app.huddle", "pk": 47, "fields": {"name": "Nectariferous trusters huddle", "address": "923 sakis Avenue", "date": "2016-05-28T04:17:56.016Z", "description": "not applicable\nto both objects, they cannot be compared. Thus it is not all qualities\nwhich admit of variation of degree.\n\n  Whereas none of the characteristics", "league": 5, "experts": [5, 94, 97], "attendants": [5, 83, 84, 98]}}, {"model": "sh_app.huddle", "pk": 48, "fields": {"name": "Unsuperfluous rammers huddle", "address": "605 souple Road", "date": "2016-05-07T04:17:56.030Z", "description": "common boundary as the parts of the solid. Thus, not\nonly time, but space also, is a continuous quantity, for its parts\nhave a common boundary.\n\n  Quantities co", "league": 5, "experts": [3, 94, 97], "attendants": [72, 89]}}, {"model": "sh_app.huddle", "pk": 49, "fields": {"name": "Auscultatory convertors huddle", "address": "478 rectorial Street", "date": "2016-04-28T04:17:56.041Z", "description": "ispositions were\nrelative. In practically all such cases the genus is relative, the\nindividual not. Thus knowledge, as a genus, is explained by\nreference to som", "league": 5, "experts": [3, 5, 94], "attendants": [26, 51, 80]}}, {"model": "sh_app.huddle", "pk": 50, "fields": {"name": "Amphibrachic ratings huddle", "address": "99 consignment Drive", "date": "2016-04-28T04:17:56.055Z", "description": "have an intermediate. Thus disease and health are\nnaturally present in the body of an animal, and it is necessary that\neither the one or the other should be pre", "league": 5, "experts": [3, 5, 97], "attendants": [29, 91]}}, {"model": "sh_app.huddle", "pk": 51, "fields": {"name": "Reincarnate paillettes huddle", "address": "195 sour Drive", "date": "2016-05-27T04:17:56.068Z", "description": " but granted the being of the genus 'animal', it\ndoes not follow necessarily that there will be the species\n'water-animal'.\n\n  Those things, therefore, are said", "league": 6, "experts": [28, 74, 91], "attendants": [7, 20]}}, {"model": "sh_app.huddle", "pk": 52, "fields": {"name": "Afraid brunei huddle", "address": "922 Scarlett Street", "date": "2016-05-04T04:17:56.082Z", "description": "ny\nchanges of colour take place because of affections. When a man is\nashamed, he blushes; when he is afraid, he becomes pale, and so on. So\ntrue is this, that w", "league": 6, "experts": [20, 28, 91], "attendants": [41, 57]}}, {"model": "sh_app.huddle", "pk": 53, "fields": {"name": "Unexamined terzetto huddle", "address": "141 farandoles Road", "date": "2016-05-13T04:17:56.095Z", "description": "stances, the species\nis predicated of the individual, the genus both of the species and\nof the individual. Similarly the differentiae are predicated of the\nspec", "league": 6, "experts": [28, 74, 91], "attendants": []}}, {"model": "sh_app.huddle", "pk": 54, "fields": {"name": "Iconic battleground huddle", "address": "745 crenations Road", "date": "2016-06-03T04:17:56.109Z", "description": "e when sight is natural is not said either to be blind or to\nsee. Thus 'positives' and 'privatives' do not belong to that class\nof contraries which consists of ", "league": 6, "experts": [28, 74, 91], "attendants": [20, 74]}}, {"model": "sh_app.huddle", "pk": 55, "fields": {"name": "Earthliest hedging huddle", "address": "941 redoubt Street", "date": "2016-05-01T04:17:56.122Z", "description": "e or a plane.\n\n  Space and time also belong to this class of quantities. Time,\npast, present, and future, forms a continuous whole. Space,\nlikewise, is a contin", "league": 6, "experts": [20, 28, 91], "attendants": [29, 74, 98]}}, {"model": "sh_app.huddle", "pk": 56, "fields": {"name": "Matin quilling huddle", "address": "729 dit Street", "date": "2016-05-09T04:17:56.134Z", "description": "thing is explained with reference to something else does\nnot make it essentially relative.\n\n  From this it is plain that, if a man definitely apprehends a\nrelat", "league": 6, "experts": [20, 28, 74], "attendants": [15, 28, 82, 85]}}, {"model": "sh_app.huddle", "pk": 57, "fields": {"name": "Inopportune disposer huddle", "address": "570 schemers Drive", "date": "2016-05-06T04:17:56.148Z", "description": " form the\npredicate of the species 'man': for 'man' is terrestrial.\n\n  The fact that the parts of substances appear to be present in the\nwhole, as in a subject,", "league": 6, "experts": [20, 28, 74], "attendants": [7, 17, 63, 86]}}, {"model": "sh_app.huddle", "pk": 58, "fields": {"name": "Unapprehended afflux huddle", "address": "447 anaerobes Avenue", "date": "2016-05-16T04:17:56.162Z", "description": "ifferentiae also of the subject.\n\n                                 4\n\n  Expressions which are in no way composite signify substance,\nquantity, quality, relation", "league": 6, "experts": [28, 74, 91], "attendants": [6, 42, 47, 50]}}, {"model": "sh_app.huddle", "pk": 59, "fields": {"name": "Profaned repugnances huddle", "address": "792 genocides Road", "date": "2016-05-19T04:17:56.173Z", "description": "  It is evident that men incline to call those conditions habits which\nare of a more or less permanent type and difficult to displace; for\nthose who are not ret", "league": 6, "experts": [28, 74, 91], "attendants": [29, 57, 85, 86]}}, {"model": "sh_app.huddle", "pk": 60, "fields": {"name": "Unsearched archdiocese huddle", "address": "813 psychologist Drive", "date": "2016-04-27T04:17:56.184Z", "description": "cannot be reversed. If there is the species 'water-animal', there will\nbe the genus 'animal', but granted the being of the genus 'animal', it\ndoes not follow ne", "league": 6, "experts": [28, 74, 91], "attendants": [22, 29, 67, 79]}}, {"model": "sh_app.huddle", "pk": 61, "fields": {"name": "Cracker-barrel rallying huddle", "address": "469 mounds Road", "date": "2016-05-09T04:17:56.198Z", "description": "fficult to remove, or\naltogether permanent, are called qualities, for in virtue of them\nmen are said to be such and such.\n\n  Those, however, which arise from ca", "league": 7, "experts": [24, 27, 90], "attendants": [19, 65, 88]}}, {"model": "sh_app.huddle", "pk": 62, "fields": {"name": "Do-nothing pontoon huddle", "address": "965 rollmop Road", "date": "2016-04-27T04:17:56.213Z", "description": "es not admit of variation of degree.\n\n  The most distinctive mark of substance appears to be that, while\nremaining numerically one and the same, it is capable o", "league": 7, "experts": [27, 70, 90], "attendants": [19, 22, 54, 70]}}, {"model": "sh_app.huddle", "pk": 63, "fields": {"name": "Virtuoso mercer huddle", "address": "239 tropes Road", "date": "2016-05-19T04:17:56.228Z", "description": "r degree than another.\nSimilarly with regard to number: what is 'three' is not more truly\nthree than what is 'five' is five; nor is one set of three more\ntruly ", "league": 7, "experts": [24, 27, 70], "attendants": [24, 32, 48]}}, {"model": "sh_app.huddle", "pk": 64, "fields": {"name": "Superabundant esuriences huddle", "address": "458 unconformity Avenue", "date": "2016-05-21T04:17:56.239Z", "description": "; for just as blindness is opposed to sight,\nso is being blind opposed to having sight.\n\n  That which is affirmed or denied is not itself affirmation or\ndenial.", "league": 7, "experts": [24, 27, 90], "attendants": [8]}}, {"model": "sh_app.huddle", "pk": 65, "fields": {"name": "Diffident probables huddle", "address": "892 loggings Road", "date": "2016-05-31T04:17:56.253Z", "description": "Similarly the differentiae are predicated of the\nspecies and of the individuals. Moreover, the definition of the\nspecies and that of the genus are applicable to", "league": 7, "experts": [27, 70, 90], "attendants": [22]}}, {"model": "sh_app.huddle", "pk": 66, "fields": {"name": "Unapproached torchlights huddle", "address": "104 keddah Avenue", "date": "2016-05-30T04:17:56.268Z", "description": "d rather to have been\naffected.\n\n  Thus such conditions are called affections, not qualities.\n\n  In like manner there are affective qualities and affections of ", "league": 7, "experts": [24, 70, 90], "attendants": [8, 25, 32, 48, 88]}}, {"model": "sh_app.huddle", "pk": 67, "fields": {"name": "Uphill diopside huddle", "address": "50 semesters Street", "date": "2016-06-02T04:17:56.280Z", "description": "iminution of\nincrease, rest in a place, of change of place. As for this last,\nchange in the reverse direction would seem to be most truly its\ncontrary; thus mot", "league": 7, "experts": [24, 27, 70], "attendants": [19, 22]}}, {"model": "sh_app.huddle", "pk": 68, "fields": {"name": "Inharmonic consolers huddle", "address": "652 Neogene Street", "date": "2016-05-28T04:17:56.292Z", "description": "nd so on. But\nthe contrary of an evil is sometimes a good, sometimes an evil. For\ndefect, which is an evil, has excess for its contrary, this also being\nan evil", "league": 7, "experts": [27, 70, 90], "attendants": [14, 41, 48]}}, {"model": "sh_app.huddle", "pk": 69, "fields": {"name": "Choral bobbysock huddle", "address": "242 Platyhelminthes Road", "date": "2016-04-27T04:17:56.304Z", "description": "ce, for it is the double of something else that\nis meant. So it is with everything else of this kind. There are,\nmoreover, other relatives, e.g. habit, disposit", "league": 7, "experts": [27, 70, 90], "attendants": [61, 91]}}, {"model": "sh_app.huddle", "pk": 70, "fields": {"name": "Steric orthopedist huddle", "address": "106 drub Street", "date": "2016-05-19T04:17:56.318Z", "description": "something. Again, that which is called similar must be similar to\nsomething else, and all other such attributes have this external\nreference. It is to be noted ", "league": 7, "experts": [24, 70, 90], "attendants": [14]}}, {"model": "sh_app.huddle", "pk": 71, "fields": {"name": "Enslaved inhabiter huddle", "address": "193 azaleas Drive", "date": "2016-04-27T04:17:56.333Z", "description": "ative, there would be a reciprocity of relation between it and\nthat with which it was correlative. But this is not the case. Sight is\nnot called the sight of bl", "league": 8, "experts": [3, 72, 97], "attendants": [9, 55, 61]}}, {"model": "sh_app.huddle", "pk": 72, "fields": {"name": "Soporiferous landowner huddle", "address": "768 gyroscopes Drive", "date": "2016-05-25T04:17:56.345Z", "description": "s:\nby the term 'slave' we mean the slave of a master, by the term\n'master', the master of a slave; by 'double', the double of its\nhall; by 'half', the half of i", "league": 8, "experts": [3, 57, 72], "attendants": [58]}}, {"model": "sh_app.huddle", "pk": 73, "fields": {"name": "Quadratic chams huddle", "address": "520 episiotomy Avenue", "date": "2016-05-18T04:17:56.357Z", "description": "cases the genus is relative, the\nindividual not. Thus knowledge, as a genus, is explained by\nreference to something else, for we mean a knowledge of something. ", "league": 8, "experts": [3, 57, 97], "attendants": [59]}}, {"model": "sh_app.huddle", "pk": 74, "fields": {"name": "Noteless zymometer huddle", "address": "840 Katowice Road", "date": "2016-05-19T04:17:56.371Z", "description": "other way dependent on it.\n\n  One quality may be the contrary of another; thus justice is the\ncontrary of injustice, whiteness of blackness, and so on. The\nthin", "league": 8, "experts": [57, 72, 97], "attendants": [58, 84, 97]}}, {"model": "sh_app.huddle", "pk": 75, "fields": {"name": "Meaning catheters huddle", "address": "674 booze-ups Road", "date": "2016-05-31T04:17:56.382Z", "description": "ject. Yet in some cases there is nothing to prevent such being\npresent in a subject. Thus a certain point of grammatical knowledge is\npresent in a subject.\n\n   ", "league": 8, "experts": [3, 72, 97], "attendants": [37, 84]}}, {"model": "sh_app.huddle", "pk": 76, "fields": {"name": "Agley villanelles huddle", "address": "79 wiles Drive", "date": "2016-05-02T04:17:56.397Z", "description": "which it is\npresent, for a body is called white: the definition, however, of the\ncolour white' is never predicable of the body.\n\n  Everything except primary sub", "league": 8, "experts": [3, 57, 72], "attendants": [61]}}, {"model": "sh_app.huddle", "pk": 77, "fields": {"name": "Self-approving meter huddle", "address": "996 adulteresses Drive", "date": "2016-05-08T04:17:56.412Z", "description": "instance was momentarily present in the case of an\naccess of shame, might be a result of a man's natural temperament,\nso as to produce the corresponding colouri", "league": 8, "experts": [3, 57, 97], "attendants": [37, 43]}}, {"model": "sh_app.huddle", "pk": 78, "fields": {"name": "Broken-backed tonality huddle", "address": "304 catechist Drive", "date": "2016-05-24T04:17:56.424Z", "description": " explained. If we\ndefine a rudder as necessarily having reference to a boat, our\ndefinition will not be appropriate, for the rudder does not have\nthis reference", "league": 8, "experts": [3, 57, 97], "attendants": [9, 44, 61]}}, {"model": "sh_app.huddle", "pk": 79, "fields": {"name": "Denser ceylonese huddle", "address": "899 moper Avenue", "date": "2016-05-25T04:17:56.437Z", "description": "ill\nbe the genus 'animal', but granted the being of the genus 'animal', it\ndoes not follow necessarily that there will be the species\n'water-animal'.\n\n  Those t", "league": 8, "experts": [3, 72, 97], "attendants": [27, 55, 58, 62]}}, {"model": "sh_app.huddle", "pk": 80, "fields": {"name": "Tiresome muley huddle", "address": "72 spoiling Street", "date": "2016-05-20T04:17:56.451Z", "description": "mstances. What has been said of statements applies\nalso to opinions. Thus, in respect of the manner in which the thing\ntakes place, it is the peculiar mark of s", "league": 8, "experts": [57, 72, 97], "attendants": [59]}}, {"model": "sh_app.huddle", "pk": 81, "fields": {"name": "Ectozoic campodeid huddle", "address": "160 faintness Avenue", "date": "2016-05-13T04:17:56.464Z", "description": "nately that one of\nthe two contraries, not one or the other, should be present in the\nsubject; for fire cannot be cold, or snow black. Thus, it is not the\ncase ", "league": 9, "experts": [19, 50, 55], "attendants": [27, 55, 76]}}, {"model": "sh_app.huddle", "pk": 82, "fields": {"name": "Sectoral maeterlinck huddle", "address": "827 Wilkins Avenue", "date": "2016-05-20T04:17:56.480Z", "description": "e of\nantithesis in both cases; for just as blindness is opposed to sight,\nso is being blind opposed to having sight.\n\n  That which is affirmed or denied is not ", "league": 9, "experts": [19, 50, 55], "attendants": [17, 19, 70]}}, {"model": "sh_app.huddle", "pk": 83, "fields": {"name": "Subapostolic suiting huddle", "address": "963 elderberry Street", "date": "2016-05-12T04:17:56.493Z", "description": "redicated of that of which the\ndifferentia itself is predicated. For instance, if the\ncharacteristic 'terrestrial' is predicated of the species 'man', the\ndefin", "league": 9, "experts": [19, 50, 55], "attendants": [7, 64, 70, 76]}}, {"model": "sh_app.huddle", "pk": 84, "fields": {"name": "Unreflected weather huddle", "address": "519 defrosters Drive", "date": "2016-05-24T04:17:56.505Z", "description": " be\ninterdependent. Let me state what I mean more clearly. Even in the\ncase of acknowledged correlatives, and where names exist for each,\nthere will be no inter", "league": 9, "experts": [19, 38, 50], "attendants": [27, 91, 98]}}, {"model": "sh_app.huddle", "pk": 85, "fields": {"name": "Peridotic girdlers huddle", "address": "705 triennium Drive", "date": "2016-05-27T04:17:56.517Z", "description": "nt in body at all. Thus everything except primary substances is\neither predicated of primary substances, or is present in them, and if\nthese last did not exist,", "league": 9, "experts": [19, 50, 55], "attendants": [68, 70, 47, 91, 38, 9, 18]}}, {"model": "sh_app.huddle", "pk": 86, "fields": {"name": "Admiring homoeopathist huddle", "address": "472 asclepiases Drive", "date": "2016-05-14T04:17:56.529Z", "description": "some specific quality which have a name derived from that of the\naforesaid quality, or which are in some other way dependent on it.\n\n  One quality may be the co", "league": 9, "experts": [19, 38, 50], "attendants": [56, 76, 91]}}, {"model": "sh_app.huddle", "pk": 87, "fields": {"name": "Equalised truro huddle", "address": "203 cummerbunds Road", "date": "2016-04-30T04:17:56.542Z", "description": "black. These two types of opposition are therefore\ndistinct. Those contraries which are such that the subjects in which\nthey are naturally present, or of which ", "league": 9, "experts": [19, 38, 55], "attendants": [46]}}, {"model": "sh_app.huddle", "pk": 88, "fields": {"name": "Piercing towpath huddle", "address": "447 shaddock Road", "date": "2016-05-22T04:17:56.553Z", "description": "Again, that which is called similar must be similar to\nsomething else, and all other such attributes have this external\nreference. It is to be noted that lying ", "league": 9, "experts": [38, 50, 55], "attendants": [27, 91]}}, {"model": "sh_app.huddle", "pk": 89, "fields": {"name": "Cumberless popularisation huddle", "address": "526 owlets Street", "date": "2016-06-04T04:17:56.564Z", "description": "One particular disposition\nor one particular quality, such as whiteness, is by no means\ncompared with another in terms of equality and inequality but rather\nin ", "league": 9, "experts": [19, 38, 55], "attendants": [6, 76]}}, {"model": "sh_app.huddle", "pk": 90, "fields": {"name": "Chuffy laxativeness huddle", "address": "622 laxness Street", "date": "2016-05-12T04:17:56.576Z", "description": "oth these contraries could not exist\nat once: for if that Socrates was well was a fact, then that\nSocrates was ill could not possibly be one.\n\n  It is plain tha", "league": 9, "experts": [19, 50, 55], "attendants": [7, 10, 15]}}, {"model": "sh_app.suggestion", "pk": 1, "fields": {"name": "Elmiest sols cavels\n suggestion", "description": "ity. I mean such\nconditions as insanity, irascibility, and so on: for people are said\nto be mad or irascible in virtue of these. Similarly those abnormal\npsychic states which are not inborn, but arise", "is_accepted": true, "is_archived": false, "voting_starts": "2016-05-10T04:17:48.365Z", "voting_ends": "2016-05-12T04:17:48.365Z", "suggested_by": 6, "league": 1, "upvotes": [19, 92, 44, 17, 9, 60, 3, 88, 46, 97, 62, 32, 41, 84, 10, 1, 23, 75, 6, 40, 63, 82, 29, 39, 81, 16], "downvotes": [19, 92, 44, 60, 46, 32, 41, 23, 40, 63, 82]}}, {"model": "sh_app.suggestion", "pk": 2, "fields": {"name": "Thallic elegance doyens\n suggestion", "description": "re is a double, there\nis also a half, and if there is a half, there is also a double,\nwhile at the same time neither is the cause of the being of the other.\n\n  Again, those species which are distingui", "is_accepted": false, "is_archived": false, "voting_starts": "2016-05-05T04:17:48.504Z", "voting_ends": "2016-05-10T04:17:48.504Z", "suggested_by": 60, "league": 1, "upvotes": [92, 60, 88, 32, 10, 75, 40, 29, 81], "downvotes": [44, 9, 3, 46, 1, 23, 6, 82, 16]}}, {"model": "sh_app.suggestion", "pk": 3, "fields": {"name": "Weak diuresis behaviour\n suggestion", "description": "stance is;\nthe words 'man', 'animal', are predicable of more than one subject.\n\n  Yet species and genus do not merely indicate quality, like the\nterm 'white'; 'white' indicates quality and nothing fur", "is_accepted": false, "is_archived": false, "voting_starts": "2016-05-07T04:17:48.509Z", "voting_ends": "2016-05-12T04:17:48.509Z", "suggested_by": 88, "league": 1, "upvotes": [92, 9, 88, 62, 32, 41, 10, 82], "downvotes": [19, 44, 60, 3, 46, 97, 84, 23, 75, 40, 63, 39, 81, 16]}}, {"model": "sh_app.suggestion", "pk": 4, "fields": {"name": "Creole endocrinologists schnorrers\n suggestion", "description": "\ngreater or less degree. Thus action and affection also admit of\nvariation of degree. So much, then, is stated with regard to these\ncategories.\n\n  We spoke, moreover, of the category of position when ", "is_accepted": true, "is_archived": false, "voting_starts": "2016-05-05T04:17:48.514Z", "voting_ends": "2016-05-12T04:17:48.514Z", "suggested_by": 23, "league": 1, "upvotes": [19, 92, 44, 17, 9, 60, 3, 88, 46, 97, 62, 32, 41, 84, 10, 1, 23, 75, 6, 40, 63, 82, 29, 39, 81, 16], "downvotes": [19, 9, 10, 1, 23, 75, 6, 40, 63, 82, 39]}}, {"model": "sh_app.suggestion", "pk": 5, "fields": {"name": "Bonded workhouse crystallography\n suggestion", "description": "instance of the use of the\nword 'opposite' with reference to correlatives is afforded by the\nexpressions 'double' and 'half'; with reference to contraries by 'bad'\nand 'good'. Opposites in the sense o", "is_accepted": false, "is_archived": false, "voting_starts": "2016-05-10T04:17:48.650Z", "voting_ends": "2016-05-18T04:17:48.650Z", "suggested_by": 39, "league": 1, "upvotes": [92, 9, 88, 62, 32, 23, 75, 63, 81, 16], "downvotes": [39, 40, 41, 44, 46, 82]}}, {"model": "sh_app.suggestion", "pk": 6, "fields": {"name": "Joltier fustian thumbnails\n suggestion", "description": "operly called substances\nin virtue of the fact that they are the entities which underlie every.\nelse, and that everything else is either predicated of them or present\nin them. Now the same relation wh", "is_accepted": false, "is_archived": false, "voting_starts": "2016-05-09T04:17:48.655Z", "voting_ends": "2016-05-19T04:17:48.655Z", "suggested_by": 46, "league": 1, "upvotes": [17, 9, 60, 46, 97, 62, 32, 41, 84, 1], "downvotes": [19, 92, 44, 88, 6, 40, 82, 29, 39, 16]}}, {"model": "sh_app.suggestion", "pk": 7, "fields": {"name": "Unappetizing disvalues snacks\n suggestion", "description": "e both the name and the definition answering to the name in common.\nA man and an ox are both 'animal', and these are univocally so\nnamed, inasmuch as not only the name, but also the definition, is\nthe", "is_accepted": false, "is_archived": false, "voting_starts": "2016-05-08T04:17:48.661Z", "voting_ends": "2016-05-17T04:17:48.661Z", "suggested_by": 1, "league": 1, "upvotes": [44, 60, 46, 84, 10, 63, 82, 16], "downvotes": [92, 62, 41, 1, 23, 75, 6, 40]}}, {"model": "sh_app.suggestion", "pk": 8, "fields": {"name": "Giddiest marrowfat deuteranopes\n suggestion", "description": "ch they possess them; for one man is said to be better\nversed in grammar, or more healthy or just, than another, and so on.\n\n  The qualities expressed by the terms 'triangular' and 'quadrangular'\ndo n", "is_accepted": false, "is_archived": false, "voting_starts": "2016-05-11T04:17:48.666Z", "voting_ends": "2016-05-13T04:17:48.666Z", "suggested_by": 6, "league": 1, "upvotes": [92, 44, 9, 60, 62, 41, 75, 81], "downvotes": [19, 17, 3, 46, 97, 84, 1, 40]}}, {"model": "sh_app.suggestion", "pk": 9, "fields": {"name": "Corkier greek mbabane\n suggestion", "description": "dard. It is, therefore, plain that\nthese are to be classed as relative.\n\n  Again, whether we define them as quantitative or not, they have no\ncontraries: for how can there be a contrary of an attribut", "is_accepted": true, "is_archived": false, "voting_starts": "2016-05-12T04:17:48.671Z", "voting_ends": "2016-05-14T04:17:48.671Z", "suggested_by": 41, "league": 1, "upvotes": [19, 92, 44, 17, 9, 60, 3, 88, 46, 97, 62, 32, 41, 84, 10, 1, 23, 75, 6, 40, 63, 82, 29, 39, 81, 16], "downvotes": [6, 10, 23, 44, 62, 88, 92]}}, {"model": "sh_app.suggestion", "pk": 10, "fields": {"name": "Lythraceous roguishness bigwig\n suggestion", "description": "on is true, but even if the subject\nexists, it is not always the fact that one is true and the other\nfalse. For 'Socrates has sight' is the opposite of 'Socrates is blind'\nin the sense of the word 'op", "is_accepted": false, "is_archived": false, "voting_starts": "2016-05-11T04:17:48.812Z", "voting_ends": "2016-05-21T04:17:48.812Z", "suggested_by": 46, "league": 2, "upvotes": [36, 34, 9, 51, 85, 12, 94, 46], "downvotes": [19, 80, 29, 86, 68, 56, 49, 57]}}, {"model": "sh_app.suggestion", "pk": 11, "fields": {"name": "Unreverent microbalance sissoos\n suggestion", "description": " or less degree than of another. This is also\nthe case with reference to justice. Moreover, one and the same thing\nmay exhibit a quality in a greater degree than it did before: if a\nthing is white, it", "is_accepted": false, "is_archived": false, "voting_starts": "2016-05-10T04:17:48.817Z", "voting_ends": "2016-05-19T04:17:48.817Z", "suggested_by": 36, "league": 2, "upvotes": [75, 80, 47, 34, 9, 51, 54, 85, 86, 14, 57], "downvotes": [19, 36, 12, 68, 26, 56, 20, 46]}}, {"model": "sh_app.suggestion", "pk": 12, "fields": {"name": "Timocratical organum blouse\n suggestion", "description": ", then\n'small' or 'great' is the contrary of itself. But this is\nimpossible. The term 'great', therefore, is not the contrary of the\nterm 'small', nor 'much' of 'little'. And even though a man should\n", "is_accepted": false, "is_archived": false, "voting_starts": "2016-05-14T04:17:48.829Z", "voting_ends": "2016-05-19T04:17:48.829Z", "suggested_by": 46, "league": 2, "upvotes": [47, 34, 9, 86, 68, 3, 26, 56], "downvotes": [80, 36, 54, 85, 14, 94, 20, 57]}}, {"model": "sh_app.suggestion", "pk": 13, "fields": {"name": "Transportable homosexual drudge\n suggestion", "description": "\nrelative. The individual man or ox is not defined with reference to\nsomething external. Similarly with the parts: a particular hand or\nhead is not defined as a particular hand or head of a particular", "is_accepted": false, "is_archived": false, "voting_starts": "2016-05-13T04:17:48.833Z", "voting_ends": "2016-05-22T04:17:48.833Z", "suggested_by": 57, "league": 2, "upvotes": [19, 36, 56, 57, 75, 94], "downvotes": [12, 14, 26, 47, 49, 80, 86]}}, {"model": "sh_app.suggestion", "pk": 14, "fields": {"name": "Pentagonal bursa terminations\n suggestion", "description": "if everything turns white,\nthere will be white, but no black. Again, since the fact that Socrates\nis ill is the contrary of the fact that Socrates is well, and two\ncontrary conditions cannot both obta", "is_accepted": false, "is_archived": false, "voting_starts": "2016-05-11T04:17:48.841Z", "voting_ends": "2016-05-19T04:17:48.841Z", "suggested_by": 3, "league": 2, "upvotes": [9, 29, 51, 71, 12, 68, 94, 20, 57], "downvotes": [19, 75, 34, 54, 86, 56, 49, 1]}}, {"model": "sh_app.suggestion", "pk": 15, "fields": {"name": "Tourist incisions plentitudes\n suggestion", "description": "e what I mean more clearly. Even in the\ncase of acknowledged correlatives, and where names exist for each,\nthere will be no interdependence if one of the two is denoted, not\nby that name which express", "is_accepted": false, "is_archived": false, "voting_starts": "2016-05-13T04:17:48.846Z", "voting_ends": "2016-05-22T04:17:48.846Z", "suggested_by": 51, "league": 2, "upvotes": [9, 86, 14, 94, 26, 56, 20, 46], "downvotes": [80, 29, 71, 85, 12, 68, 49, 1, 74, 57]}}, {"model": "sh_app.suggestion", "pk": 16, "fields": {"name": "Freebie saprobe beauties\n suggestion", "description": "over, the\ndefinition of the differentia may be predicated of that of which the\ndifferentia itself is predicated. For instance, if the\ncharacteristic 'terrestrial' is predicated of the species 'man', t", "is_accepted": false, "is_archived": false, "voting_starts": "2016-05-15T04:17:48.852Z", "voting_ends": "2016-05-23T04:17:48.852Z", "suggested_by": 80, "league": 2, "upvotes": [19, 36, 34, 29, 12, 68, 26, 56, 74], "downvotes": [80, 47, 9, 51, 54, 85, 86, 94, 49, 20, 57]}}, {"model": "sh_app.suggestion", "pk": 17, "fields": {"name": "Wariest zips assimilationist\n suggestion", "description": "n' in the way of perception. For\nsweetness has the power of affecting the sense of taste; heat, that of\ntouch; and so it is with the rest of these qualities.\n\n  Whiteness and blackness, however, and t", "is_accepted": false, "is_archived": false, "voting_starts": "2016-05-15T04:17:48.858Z", "voting_ends": "2016-05-16T04:17:48.858Z", "suggested_by": 86, "league": 2, "upvotes": [19, 75, 47, 51, 71, 54, 85, 86, 68, 94, 49, 20, 57], "downvotes": [3, 9, 12, 14, 34]}}, {"model": "sh_app.suggestion", "pk": 18, "fields": {"name": "Synclinal schopenhauer gad\n suggestion", "description": "e way, of primary substances,\nno one is more truly substance than another; an individual man is\nnot more truly substance than an individual ox.\n\n  It is, then, with good reason that of all that remain", "is_accepted": false, "is_archived": false, "voting_starts": "2016-05-15T04:17:48.868Z", "voting_ends": "2016-05-22T04:17:48.868Z", "suggested_by": 91, "league": 3, "upvotes": [3, 14, 21, 38, 50, 95], "downvotes": [27, 33, 42, 53, 58, 61, 74]}}, {"model": "sh_app.suggestion", "pk": 19, "fields": {"name": "Jingoistic superstitions chokeberry\n suggestion", "description": "ge, even when\nacquired only in a moderate degree, is, it is agreed, abiding in its\ncharacter and difficult to displace, unless some great mental upheaval\ntakes place, through disease or any such cause", "is_accepted": false, "is_archived": false, "voting_starts": "2016-05-05T04:17:48.874Z", "voting_ends": "2016-05-13T04:17:48.874Z", "suggested_by": 58, "league": 3, "upvotes": [37, 38, 65, 3, 8, 91, 74, 95, 53, 76], "downvotes": [27, 33, 14, 42, 61, 32, 60, 64, 70, 81]}}, {"model": "sh_app.suggestion", "pk": 20, "fields": {"name": "Ferriferous parkin hawsepipe\n suggestion", "description": "under that of\nplace; 'yesterday', 'last year', under that of time. 'Lying',\n'sitting', are terms indicating position, 'shod', 'armed', state;\n'to lance', 'to cauterize', action; 'to be lanced', 'to be", "is_accepted": false, "is_archived": false, "voting_starts": "2016-05-13T04:17:48.879Z", "voting_ends": "2016-05-17T04:17:48.879Z", "suggested_by": 60, "league": 3, "upvotes": [33, 38, 14, 65, 61, 8, 32, 50, 74, 53, 76], "downvotes": [27, 42, 58, 64, 81]}}, {"model": "sh_app.suggestion", "pk": 21, "fields": {"name": "Thrombotic noria miniskirts\n suggestion", "description": "of the other.\n\n  Again, those species which are distinguished one from another and\nopposed one to another within the same genus are said to be\n'simultaneous' in nature. I mean those species which are\n", "is_accepted": false, "is_archived": false, "voting_starts": "2016-05-13T04:17:48.887Z", "voting_ends": "2016-05-17T04:17:48.887Z", "suggested_by": 21, "league": 3, "upvotes": [21, 33, 42, 65, 61, 32, 91, 75, 53, 76, 81], "downvotes": [8, 14, 16, 38, 50, 60, 64]}}, {"model": "sh_app.suggestion", "pk": 22, "fields": {"name": "Blotty curvet squireens\n suggestion", "description": "If we call an individual man 'skilled in grammar', the predicate\nis applicable also to the species and to the genus to which he\nbelongs. This law holds good in all cases.\n\n  It is a common characteris", "is_accepted": false, "is_archived": false, "voting_starts": "2016-05-05T04:17:48.892Z", "voting_ends": "2016-05-14T04:17:48.892Z", "suggested_by": 64, "league": 3, "upvotes": [27, 3, 8, 64, 70, 16, 95, 53], "downvotes": [98, 14, 32, 60, 91, 50, 75, 81]}}, {"model": "sh_app.suggestion", "pk": 23, "fields": {"name": "Syndesmotic folksiness stealthiness\n suggestion", "description": "se qualities are affected in any way. Honey is\nnot called sweet because it is affected in a specific way, nor is this\nwhat is meant in any other instance. Similarly heat and cold are\ncalled affective ", "is_accepted": false, "is_archived": false, "voting_starts": "2016-05-05T04:17:48.897Z", "voting_ends": "2016-05-06T04:17:48.897Z", "suggested_by": 76, "league": 3, "upvotes": [27, 21, 37, 65, 61, 32, 16, 95, 76], "downvotes": [8, 14, 53, 74, 81, 91, 98]}}, {"model": "sh_app.suggestion", "pk": 24, "fields": {"name": "Epidermic underlay ernst\n suggestion", "description": "ter is greater than others of its\nkind, the former less. Thus there is a reference here to an external\nstandard, for if the terms 'great' and 'small' were used absolutely, a\nmountain would never be ca", "is_accepted": false, "is_archived": false, "voting_starts": "2016-05-15T04:17:48.903Z", "voting_ends": "2016-05-21T04:17:48.903Z", "suggested_by": 38, "league": 3, "upvotes": [37, 98, 38, 32, 60, 91, 58, 76, 81], "downvotes": [33, 65, 3, 61, 75, 70, 74, 16]}}, {"model": "sh_app.suggestion", "pk": 25, "fields": {"name": "Foliose slavic cogency\n suggestion", "description": "nus, being more nearly related to primary substance. For if\nany one should render an account of what a primary substance is, he\nwould render a more instructive account, and one more proper to the\nsubj", "is_accepted": false, "is_archived": false, "voting_starts": "2016-05-11T04:17:48.908Z", "voting_ends": "2016-05-21T04:17:48.908Z", "suggested_by": 42, "league": 3, "upvotes": [27, 32, 37, 60, 61, 76], "downvotes": [21, 98, 38, 42, 65, 3, 8, 50, 64, 58, 75, 74, 95]}}, {"model": "sh_app.suggestion", "pk": 26, "fields": {"name": "Impartible anchovies bernice\n suggestion", "description": "pendent, since, if there is a double, there\nis also a half, and if there is a half, there is also a double,\nwhile at the same time neither is the cause of the being of the other.\n\n  Again, those speci", "is_accepted": false, "is_archived": false, "voting_starts": "2016-05-07T04:17:48.913Z", "voting_ends": "2016-05-13T04:17:48.913Z", "suggested_by": 70, "league": 3, "upvotes": [33, 38, 42, 61, 91], "downvotes": [16, 37, 50, 53, 58, 76, 81]}}, {"model": "sh_app.suggestion", "pk": 27, "fields": {"name": "Hydrotropic inaugurator sestet\n suggestion", "description": "plane.\n\n  Space and time also belong to this class of quantities. Time,\npast, present, and future, forms a continuous whole. Space,\nlikewise, is a continuous quantity; for the parts of a solid occupy\n", "is_accepted": true, "is_archived": false, "voting_starts": "2016-05-11T04:17:48.919Z", "voting_ends": "2016-05-13T04:17:48.919Z", "suggested_by": 61, "league": 3, "upvotes": [27, 21, 37, 98, 33, 38, 14, 42, 65, 3, 61, 8, 32, 60, 91, 50, 64, 58, 75, 70, 74, 16, 95, 53, 76, 81], "downvotes": [16, 21, 64, 70, 91, 95]}}, {"model": "sh_app.suggestion", "pk": 28, "fields": {"name": "Impassible indults ragouts\n suggestion", "description": "aving sight.\n\n  That which is affirmed or denied is not itself affirmation or\ndenial. By 'affirmation' we mean an affirmative proposition, by\n'denial' a negative. Now, those facts which form the matte", "is_accepted": false, "is_archived": false, "voting_starts": "2016-05-06T04:17:49.045Z", "voting_ends": "2016-05-15T04:17:49.045Z", "suggested_by": 55, "league": 4, "upvotes": [13, 82, 65, 22, 28, 76, 69, 51, 64, 9, 40, 63], "downvotes": [4, 44, 80, 89, 98]}}, {"model": "sh_app.suggestion", "pk": 29, "fields": {"name": "Inventible bioluminescence snippings\n suggestion", "description": "(i) Pairs of opposites which fall under the category of relation are\nexplained by a reference of the one to the other, the reference\nbeing indicated by the preposition 'of' or by some other\nprepositio", "is_accepted": false, "is_archived": false, "voting_starts": "2016-05-06T04:17:49.052Z", "voting_ends": "2016-05-10T04:17:49.052Z", "suggested_by": 98, "league": 4, "upvotes": [4, 65, 89, 6, 51, 26, 83], "downvotes": [13, 82, 22, 80, 31, 40, 63, 98, 67, 55]}}, {"model": "sh_app.suggestion", "pk": 30, "fields": {"name": "Nonclassified assignat osmeterium\n suggestion", "description": "ce is classed as a disposition; it\nhas a name, and is called 'boxing' or 'wrestling' as the case may\nbe, and the name given to those disposed in this way is derived from\nthat of the science. Sometimes", "is_accepted": false, "is_archived": false, "voting_starts": "2016-05-09T04:17:49.060Z", "voting_ends": "2016-05-19T04:17:49.060Z", "suggested_by": 44, "league": 4, "upvotes": [53, 89, 74, 26, 31, 83, 40], "downvotes": [4, 13, 22, 68, 28, 51, 64, 80, 9, 63, 98, 67]}}, {"model": "sh_app.suggestion", "pk": 31, "fields": {"name": "Flighted syndics repetends\n suggestion", "description": "ch propositions have for their subject either\nthe individual or the species. It is true that, inasmuch as primary\nsubstance is not predicable of anything, it can never form the\npredicate of any propos", "is_accepted": false, "is_archived": false, "voting_starts": "2016-05-14T04:17:49.066Z", "voting_ends": "2016-05-23T04:17:49.066Z", "suggested_by": 55, "league": 4, "upvotes": [55, 67, 68, 69], "downvotes": [65, 74, 6, 76, 26, 64, 9, 40, 63]}}, {"model": "sh_app.suggestion", "pk": 32, "fields": {"name": "Fastigiate satie parataxis\n suggestion", "description": " the contrary of itself. But this is\nimpossible. The term 'great', therefore, is not the contrary of the\nterm 'small', nor 'much' of 'little'. And even though a man should\ncall these terms not relativ", "is_accepted": false, "is_archived": false, "voting_starts": "2016-05-12T04:17:49.072Z", "voting_ends": "2016-05-16T04:17:49.072Z", "suggested_by": 80, "league": 4, "upvotes": [4, 65, 53, 22, 76, 80, 63], "downvotes": [82, 68, 89, 74, 44, 26, 31, 9, 98, 55]}}, {"model": "sh_app.suggestion", "pk": 33, "fields": {"name": "Squatty lanthanides amosite\n suggestion", "description": "ll those terms which refer to inborn capacity or incapacity.\nSuch things are not predicated of a person in virtue of his\ndisposition, but in virtue of his inborn capacity or incapacity to\ndo something", "is_accepted": true, "is_archived": false, "voting_starts": "2016-05-14T04:17:49.077Z", "voting_ends": "2016-05-15T04:17:49.077Z", "suggested_by": 69, "league": 4, "upvotes": [4, 13, 82, 65, 53, 22, 68, 89, 74, 6, 28, 76, 69, 44, 51, 26, 64, 80, 31, 83, 9, 40, 63, 98, 67, 55], "downvotes": [31, 44, 51, 64, 68, 98]}}, {"model": "sh_app.suggestion", "pk": 34, "fields": {"name": "Succeeding cataleptic praetorship\n suggestion", "description": "t the same time both sick and healthy, nothing is at the\nsame time both white and black. Nor is there anything which is\nqualified in contrary ways at one and the same time.\n\n  Moreover, if these were ", "is_accepted": false, "is_archived": false, "voting_starts": "2016-05-12T04:17:49.209Z", "voting_ends": "2016-05-20T04:17:49.209Z", "suggested_by": 53, "league": 4, "upvotes": [6, 26, 31, 53, 65, 74], "downvotes": [4, 13, 89, 28, 51, 64, 83, 9, 40, 63, 55]}}, {"model": "sh_app.suggestion", "pk": 35, "fields": {"name": "Midship penna pernod\n suggestion", "description": "vidual in a greater\ndegree, while the latter is too general. Again, the man who gives an\naccount of the nature of an individual tree will give a more\ninstructive account by mentioning the species 'tre", "is_accepted": false, "is_archived": false, "voting_starts": "2016-05-07T04:17:49.215Z", "voting_ends": "2016-05-16T04:17:49.215Z", "suggested_by": 74, "league": 4, "upvotes": [89, 74, 6, 28, 69, 51, 26, 9, 40], "downvotes": [53, 76, 98]}}, {"model": "sh_app.suggestion", "pk": 36, "fields": {"name": "Iodic twitting malapert\n suggestion", "description": "ne and the same moment. For\nthough substance is capable of admitting contrary qualities, yet no\none is at the same time both sick and healthy, nothing is at the\nsame time both white and black. Nor is ", "is_accepted": false, "is_archived": false, "voting_starts": "2016-05-15T04:17:49.220Z", "voting_ends": "2016-05-22T04:17:49.220Z", "suggested_by": 31, "league": 4, "upvotes": [82, 22, 28, 76, 69, 44, 51, 64, 80], "downvotes": [4, 13, 65, 74, 6, 98, 67, 55]}}, {"model": "sh_app.suggestion", "pk": 37, "fields": {"name": "Unperceivable radiologists deliverance\n suggestion", "description": "ilarity. Thus it is the distinctive mark of quantity\nthat it can be called equal and unequal.\n\n                                 7\n\n  Those things are called relative, which, being either said to be\nof", "is_accepted": false, "is_archived": false, "voting_starts": "2016-05-09T04:17:49.225Z", "voting_ends": "2016-05-19T04:17:49.225Z", "suggested_by": 4, "league": 4, "upvotes": [82, 53, 68, 69, 26, 64, 63, 67], "downvotes": [13, 44, 51, 55, 74, 98]}}, {"model": "sh_app.suggestion", "pk": 38, "fields": {"name": "Lurching eryngium dullard\n suggestion", "description": "d affections, not qualities. Suppose that a man\nis irritable when vexed: he is not even spoken of as a bad-tempered\nman, when in such circumstances he loses his temper somewhat, but\nrather is said to ", "is_accepted": true, "is_archived": false, "voting_starts": "2016-05-10T04:17:49.230Z", "voting_ends": "2016-05-13T04:17:49.230Z", "suggested_by": 97, "league": 5, "upvotes": [70, 65, 51, 98, 88, 94, 95, 9, 56, 91, 5, 49, 90, 55, 44, 83, 85, 58, 29, 89, 3, 80, 72, 26, 84, 97], "downvotes": [29, 49, 55, 91]}}, {"model": "sh_app.suggestion", "pk": 39, "fields": {"name": "Dirigible sedan great-aunt\n suggestion", "description": "r and such elements, out of which the animal is itself composed,\nexist before the animal is an animal at all, and before perception.\nThus it would seem that the perceptible exists before perception.\n\n", "is_accepted": true, "is_archived": false, "voting_starts": "2016-05-08T04:17:49.360Z", "voting_ends": "2016-05-13T04:17:49.360Z", "suggested_by": 83, "league": 5, "upvotes": [70, 65, 51, 98, 88, 94, 95, 9, 56, 91, 5, 49, 90, 55, 44, 83, 85, 58, 29, 89, 3, 80, 72, 26, 84, 97], "downvotes": [70, 51, 98, 56, 5, 49, 55, 58, 89, 3, 72]}}, {"model": "sh_app.suggestion", "pk": 40, "fields": {"name": "Telescopic kandahar alamein\n suggestion", "description": "standing and sitting are\nparticular attitudes, but attitude is itself a relative term. To\nlie, to stand, to be seated, are not themselves attitudes, but take\ntheir name from the aforesaid attitudes.\n\n", "is_accepted": false, "is_archived": false, "voting_starts": "2016-05-11T04:17:49.497Z", "voting_ends": "2016-05-18T04:17:49.497Z", "suggested_by": 95, "league": 5, "upvotes": [70, 51, 88, 94, 5, 55, 83, 85, 29, 3], "downvotes": [98, 49, 90, 58, 89, 72, 26, 97]}}, {"model": "sh_app.suggestion", "pk": 41, "fields": {"name": "Dandyish gadroons hetmanate\n suggestion", "description": "opposed to that in the other,\nhis sitting, that is to say, to his not sitting.\n\n  It is evident that 'positives' and 'privatives' are not opposed each\nto each in the same sense as relatives. The one i", "is_accepted": false, "is_archived": false, "voting_starts": "2016-05-15T04:17:49.504Z", "voting_ends": "2016-05-24T04:17:49.504Z", "suggested_by": 85, "league": 5, "upvotes": [9, 49, 55, 83, 89, 80, 26, 97], "downvotes": [29, 65, 85, 88, 91, 94, 98]}}, {"model": "sh_app.suggestion", "pk": 42, "fields": {"name": "Bulging jon motions\n suggestion", "description": "omes black, and that which was bad good, by a\nprocess of change; and in the same way in all other cases it is by\nchanging that substances are capable of admitting contrary\nqualities. But statements an", "is_accepted": false, "is_archived": false, "voting_starts": "2016-05-15T04:17:49.510Z", "voting_ends": "2016-05-22T04:17:49.510Z", "suggested_by": 90, "league": 5, "upvotes": [26, 44, 88, 95, 98], "downvotes": [70, 56, 49, 55, 85, 58, 89, 3, 80]}}, {"model": "sh_app.suggestion", "pk": 43, "fields": {"name": "Shiftiest weaklings instrumentalist\n suggestion", "description": "aid to be affected. Such conditions are therefore termed,\nnot qualities, but affections.\n\n  The fourth sort of quality is figure and the shape that belongs to a\nthing; and besides this, straightness a", "is_accepted": true, "is_archived": false, "voting_starts": "2016-05-05T04:17:49.515Z", "voting_ends": "2016-05-13T04:17:49.515Z", "suggested_by": 83, "league": 5, "upvotes": [70, 65, 51, 98, 88, 94, 95, 9, 56, 91, 5, 49, 90, 55, 44, 83, 85, 58, 29, 89, 3, 80, 72, 26, 84, 97], "downvotes": [65, 98, 95, 56, 5, 49, 90, 44, 85, 89, 3, 84]}}, {"model": "sh_app.suggestion", "pk": 44, "fields": {"name": "Desiccate provers embrasures\n suggestion", "description": "e, if the\ncharacteristic 'terrestrial' is predicated of the species 'man', the\ndefinition also of that characteristic may be used to form the\npredicate of the species 'man': for 'man' is terrestrial.\n", "is_accepted": false, "is_archived": false, "voting_starts": "2016-05-06T04:17:49.659Z", "voting_ends": "2016-05-08T04:17:49.659Z", "suggested_by": 90, "league": 5, "upvotes": [65, 51, 94, 56, 90, 83, 89, 80, 72, 26], "downvotes": [44, 49, 55, 58, 84, 88, 98]}}, {"model": "sh_app.suggestion", "pk": 45, "fields": {"name": "Subungual influents infectors\n suggestion", "description": "  There are six sorts of movement: generation, destruction,\nincrease, diminution, alteration, and change of place.\n\n  It is evident in all but one case that all these sorts of movement\nare distinct ea", "is_accepted": false, "is_archived": false, "voting_starts": "2016-05-11T04:17:49.665Z", "voting_ends": "2016-05-17T04:17:49.665Z", "suggested_by": 65, "league": 5, "upvotes": [51, 9, 91, 5, 49, 90, 55, 58, 3, 72, 26, 84], "downvotes": [56, 65, 80, 83, 85, 88, 98]}}, {"model": "sh_app.suggestion", "pk": 46, "fields": {"name": "Caudal tawdriness villas\n suggestion", "description": "sition 'of' or some other preposition being used to indicate\nthe relation. Thus, one mountain is called great in comparison with\nson with another; for the mountain claims this attribute by comparison\n", "is_accepted": false, "is_archived": false, "voting_starts": "2016-05-07T04:17:49.670Z", "voting_ends": "2016-05-09T04:17:49.670Z", "suggested_by": 90, "league": 5, "upvotes": [70, 98, 94, 9, 56, 91, 49, 55, 83, 29, 26, 84, 97], "downvotes": [51, 88, 5, 44, 85, 58, 3, 80]}}, {"model": "sh_app.suggestion", "pk": 47, "fields": {"name": "Loose parnell pauperism\n suggestion", "description": "\nThough, however, the definition is never predicable, there is\nnothing in certain cases to prevent the name being used. For instance,\n'white' being present in a body is predicated of that in which it ", "is_accepted": false, "is_archived": false, "voting_starts": "2016-05-08T04:17:49.676Z", "voting_ends": "2016-05-18T04:17:49.676Z", "suggested_by": 88, "league": 5, "upvotes": [88, 94, 9, 56, 55, 44, 83, 58, 89, 72, 26], "downvotes": [29, 65, 80, 84, 91, 95, 98]}}, {"model": "sh_app.suggestion", "pk": 48, "fields": {"name": "Undifferentiated burka comfreys\n suggestion", "description": "to an external\nstandard, for if the terms 'great' and 'small' were used absolutely, a\nmountain would never be called small or a grain large. Again, we say\nthat there are many people in a village, and ", "is_accepted": false, "is_archived": false, "voting_starts": "2016-05-11T04:17:49.682Z", "voting_ends": "2016-05-13T04:17:49.682Z", "suggested_by": 20, "league": 6, "upvotes": [28, 15, 67, 57, 36, 63, 29, 91, 6], "downvotes": [7, 22, 41, 50, 74, 79, 98]}}, {"model": "sh_app.suggestion", "pk": 49, "fields": {"name": "Favourite leicestershire thrustings\n suggestion", "description": "autiful. It is, therefore, evident that if a man\napprehends some relative thing definitely, he necessarily knows that\nalso definitely to which it is related.\n\n  Now the head, the hand, and such things", "is_accepted": false, "is_archived": false, "voting_starts": "2016-05-09T04:17:49.687Z", "voting_ends": "2016-05-16T04:17:49.687Z", "suggested_by": 15, "league": 6, "upvotes": [79, 41, 85, 36, 63, 86, 74, 20], "downvotes": [24, 42, 15, 50, 67, 57, 14, 98, 22, 4, 91]}}, {"model": "sh_app.suggestion", "pk": 50, "fields": {"name": "Condonable sculpins gadgets\n suggestion", "description": "ion to the\nrule. The same statement, it is agreed, can be both true and false.\nFor if the statement 'he is sitting' is true, yet, when the person\nin question has risen, the same statement will be fals", "is_accepted": false, "is_archived": false, "voting_starts": "2016-05-14T04:17:49.692Z", "voting_ends": "2016-05-16T04:17:49.692Z", "suggested_by": 79, "league": 6, "upvotes": [24, 41, 15, 14, 98, 22, 85, 29, 6], "downvotes": [4, 20, 63, 67, 82]}}, {"model": "sh_app.suggestion", "pk": 51, "fields": {"name": "Beguiled tetryl ibex\n suggestion", "description": "knowledge or a virtue.\nThen, again, it has reference to quantity, as, for instance, in the\ncase of a man's height; for he is said to 'have' a height of three\nor four cubits. It is used, moreover, with", "is_accepted": false, "is_archived": false, "voting_starts": "2016-05-15T04:17:49.697Z", "voting_ends": "2016-05-20T04:17:49.697Z", "suggested_by": 67, "league": 6, "upvotes": [28, 24, 41, 15, 67, 14, 17, 74, 91], "downvotes": [42, 50, 57, 98, 22, 85, 36, 4, 63, 86, 6, 20]}}, {"model": "sh_app.suggestion", "pk": 52, "fields": {"name": "Surpliced resorption metatarsal\n suggestion", "description": " the animal is annihilated, it follows that\nperception also is annihilated, but perceptibles such as body, heat,\nsweetness, bitterness, and so on, will remain.\n\n  Again, perception is generated at the", "is_accepted": true, "is_archived": false, "voting_starts": "2016-05-05T04:17:49.703Z", "voting_ends": "2016-05-06T04:17:49.703Z", "suggested_by": 82, "league": 6, "upvotes": [47, 28, 79, 24, 42, 41, 15, 50, 67, 57, 14, 7, 98, 17, 22, 85, 36, 4, 63, 86, 82, 29, 74, 91, 6, 20], "downvotes": [47, 79, 41, 15, 50, 98, 85, 4, 29, 74]}}, {"model": "sh_app.suggestion", "pk": 53, "fields": {"name": "Squishiest lexeme hamilton\n suggestion", "description": "\n\n  The term 'affective quality' is not used as indicating that those\nthings which admit these qualities are affected in any way. Honey is\nnot called sweet because it is affected in a specific way, no", "is_accepted": false, "is_archived": false, "voting_starts": "2016-05-13T04:17:49.839Z", "voting_ends": "2016-05-16T04:17:49.839Z", "suggested_by": 86, "league": 6, "upvotes": [15, 50, 57, 14, 7, 85, 63], "downvotes": [47, 28, 24, 42, 67, 98, 22, 36, 82, 29, 74, 91, 6, 20]}}, {"model": "sh_app.suggestion", "pk": 54, "fields": {"name": "Desiccate disco cenogenesis\n suggestion", "description": "ore clearly. Even in the\ncase of acknowledged correlatives, and where names exist for each,\nthere will be no interdependence if one of the two is denoted, not\nby that name which expresses the correlat", "is_accepted": false, "is_archived": false, "voting_starts": "2016-05-06T04:17:49.844Z", "voting_ends": "2016-05-11T04:17:49.844Z", "suggested_by": 63, "league": 6, "upvotes": [79, 41, 50, 67, 22, 85, 36, 29, 74], "downvotes": [47, 28, 17, 86, 82, 91, 6, 20]}}, {"model": "sh_app.suggestion", "pk": 55, "fields": {"name": "Subsumable coemptions bunchiness\n suggestion", "description": "t could be predicated, it\ncould not be predicated of the species 'man' at all. Again, colour\nis present in body, therefore in individual bodies, for if there\nwere no individual body in which it was pr", "is_accepted": false, "is_archived": false, "voting_starts": "2016-05-09T04:17:49.849Z", "voting_ends": "2016-05-15T04:17:49.849Z", "suggested_by": 79, "league": 6, "upvotes": [79, 24, 42, 41, 15, 67, 57, 7, 82, 74, 6], "downvotes": [47, 50, 17, 22, 4, 63, 29, 91]}}, {"model": "sh_app.suggestion", "pk": 56, "fields": {"name": "Seismoscopic eras transforms\n suggestion", "description": " If a man states that\na wing is necessarily relative to a bird, the connexion between\nthese two will not be reciprocal, for it will not be possible to say\nthat a bird is a bird by reason of its wings.", "is_accepted": false, "is_archived": false, "voting_starts": "2016-05-11T04:17:49.855Z", "voting_ends": "2016-05-21T04:17:49.855Z", "suggested_by": 86, "league": 6, "upvotes": [42, 15, 57, 98, 17, 36, 4], "downvotes": [20, 28, 41, 47, 67, 74, 79]}}, {"model": "sh_app.suggestion", "pk": 57, "fields": {"name": "Stotious skipjacks terabyte\n suggestion", "description": "ose which have no intermediate. On\nthe other hand, they do not belong either to that class which consists\nof contraries which have an intermediate. For under certain conditions\nit is necessary that ei", "is_accepted": false, "is_archived": false, "voting_starts": "2016-05-13T04:17:49.861Z", "voting_ends": "2016-05-15T04:17:49.861Z", "suggested_by": 6, "league": 6, "upvotes": [47, 79, 15, 57, 17, 63, 74, 91, 6], "downvotes": [14, 20, 29, 41, 42, 67]}}, {"model": "sh_app.suggestion", "pk": 58, "fields": {"name": "Trilingual subtopias wallower\n suggestion", "description": " this modification occurs in the case of\nsomething else. The truth or falsity of a statement depends on\nfacts, and not on any power on the part of the statement itself of\nadmitting contrary qualities.", "is_accepted": false, "is_archived": false, "voting_starts": "2016-05-11T04:17:49.866Z", "voting_ends": "2016-05-15T04:17:49.866Z", "suggested_by": 70, "league": 7, "upvotes": [35, 27, 32, 76, 94, 61, 57, 30, 70], "downvotes": [88, 48, 41, 14, 65, 54, 8, 59, 19, 77, 90]}}, {"model": "sh_app.suggestion", "pk": 59, "fields": {"name": "Translucid evolute urchin\n suggestion", "description": "is predicated of\nthe predicate will be predicated also of the subject. Similarly, the\ndefinition of the differentiae will be applicable to the species and\nto the individuals. But it was stated above t", "is_accepted": false, "is_archived": false, "voting_starts": "2016-05-14T04:17:49.871Z", "voting_ends": "2016-05-16T04:17:49.871Z", "suggested_by": 41, "league": 7, "upvotes": [24, 32, 14, 76, 65, 54, 94, 77, 25, 30, 91], "downvotes": [22, 27, 57, 61]}}, {"model": "sh_app.suggestion", "pk": 60, "fields": {"name": "Contingent mylodons glacialists\n suggestion", "description": " 'animal'; the species of knowledge\nare not distinguished by the same differentiae. One species of\nknowledge does not differ from another in being 'two-footed'.\n\n  But where one genus is subordinate t", "is_accepted": false, "is_archived": false, "voting_starts": "2016-05-05T04:17:49.877Z", "voting_ends": "2016-05-10T04:17:49.877Z", "suggested_by": 30, "league": 7, "upvotes": [24, 48, 27, 41, 22, 33, 25, 30], "downvotes": [35, 88, 14, 42, 76, 65, 59, 61, 57, 91]}}, {"model": "sh_app.suggestion", "pk": 61, "fields": {"name": "Impeccant despite rake-off\n suggestion", "description": " that it is more beautiful than something which is less\nbeautiful, for this would be supposition, not knowledge. For if he\ndoes not know definitely that than which it is more beautiful, he\ncan no long", "is_accepted": false, "is_archived": false, "voting_starts": "2016-05-06T04:17:49.882Z", "voting_ends": "2016-05-16T04:17:49.882Z", "suggested_by": 19, "league": 7, "upvotes": [24, 88, 32, 41, 42, 65, 8, 19, 25, 57, 70], "downvotes": [35, 48, 27, 76, 22, 54, 59, 94, 30, 91]}}, {"model": "sh_app.suggestion", "pk": 62, "fields": {"name": "Carbuncled navettes chlorambucil\n suggestion", "description": " cases it is by\nchanging that substances are capable of admitting contrary\nqualities. But statements and opinions themselves remain unaltered\nin all respects: it is by the alteration in the facts of t", "is_accepted": false, "is_archived": false, "voting_starts": "2016-05-13T04:17:49.887Z", "voting_ends": "2016-05-14T04:17:49.887Z", "suggested_by": 90, "league": 7, "upvotes": [35, 88, 48, 32, 14, 76, 65, 22, 94, 61, 25, 30, 70], "downvotes": [19, 33, 41, 57, 90]}}, {"model": "sh_app.suggestion", "pk": 63, "fields": {"name": "Cruel paederast pharmaceutics\n suggestion", "description": "ct that Socrates is well, and two\ncontrary conditions cannot both obtain in one and the same\nindividual at the same time, both these contraries could not exist\nat once: for if that Socrates was well w", "is_accepted": false, "is_archived": false, "voting_starts": "2016-05-14T04:17:49.895Z", "voting_ends": "2016-05-16T04:17:49.895Z", "suggested_by": 14, "league": 7, "upvotes": [48, 27, 54, 94, 19, 77, 57, 90, 30, 91, 70], "downvotes": [35, 32, 41, 42, 22, 8, 33, 59]}}, {"model": "sh_app.suggestion", "pk": 64, "fields": {"name": "Fiducial sadat porphyria\n suggestion", "description": "ense 'one' is\n'prior' to 'two'. For if 'two' exists, it follows directly that\n'one' must exist, but if 'one' exists, it does not follow\nnecessarily that 'two' exists: thus the sequence subsisting cann", "is_accepted": false, "is_archived": false, "voting_starts": "2016-05-07T04:17:49.901Z", "voting_ends": "2016-05-12T04:17:49.901Z", "suggested_by": 19, "league": 7, "upvotes": [24, 35, 88, 42, 65, 22, 33, 94, 19, 25, 30, 70], "downvotes": [8, 14, 54, 57, 59, 90]}}, {"model": "sh_app.suggestion", "pk": 65, "fields": {"name": "Combinatorial symbolist waggle\n suggestion", "description": "t\nspecies and genus determine the quality with reference to a substance:\nthey signify substance qualitatively differentiated. The determinate\nqualification covers a larger field in the case of the gen", "is_accepted": false, "is_archived": false, "voting_starts": "2016-05-06T04:17:49.908Z", "voting_ends": "2016-05-08T04:17:49.908Z", "suggested_by": 57, "league": 7, "upvotes": [35, 27, 41, 42, 22, 33, 77, 90], "downvotes": [24, 48, 54, 94, 19, 25, 57, 91]}}, {"model": "sh_app.suggestion", "pk": 66, "fields": {"name": "Epicycloidal slanderers rovings\n suggestion", "description": "ess\nbeautiful, for this would be supposition, not knowledge. For if he\ndoes not know definitely that than which it is more beautiful, he\ncan no longer claim to know definitely that it is more beautifu", "is_accepted": false, "is_archived": false, "voting_starts": "2016-05-10T04:17:49.914Z", "voting_ends": "2016-05-16T04:17:49.914Z", "suggested_by": 94, "league": 7, "upvotes": [32, 41, 42, 54, 77, 91], "downvotes": [24, 35, 88, 27, 14, 76, 65, 22, 8, 33, 59, 19, 57]}}, {"model": "sh_app.suggestion", "pk": 67, "fields": {"name": "Scripted mcgonagall understock\n suggestion", "description": "characteristic may be used to form the\npredicate of the species 'man': for 'man' is terrestrial.\n\n  The fact that the parts of substances appear to be present in the\nwhole, as in a subject, should not", "is_accepted": false, "is_archived": false, "voting_starts": "2016-05-05T04:17:49.919Z", "voting_ends": "2016-05-06T04:17:49.919Z", "suggested_by": 19, "league": 7, "upvotes": [35, 32, 41, 65, 54, 77, 70], "downvotes": [27, 14, 42, 33, 59, 19, 25, 90, 30, 91]}}, {"model": "sh_app.suggestion", "pk": 68, "fields": {"name": "Unabsolved satinwoods soporific\n suggestion", "description": "e and justice is a quality,\ninjustice will also be a quality: neither quantity, nor relation,\nnor place, nor indeed any other category but that of quality, will\nbe applicable properly to injustice. So", "is_accepted": false, "is_archived": false, "voting_starts": "2016-05-05T04:17:49.924Z", "voting_ends": "2016-05-13T04:17:49.924Z", "suggested_by": 2, "league": 8, "upvotes": [57, 9, 55, 58, 37, 2, 56, 15, 43, 27], "downvotes": [61, 42, 84, 54, 82, 3, 88, 64, 76, 44, 97]}}, {"model": "sh_app.suggestion", "pk": 69, "fields": {"name": "Fusionism ultramontanist sonny\n suggestion", "description": "k of all relatives;\n'double' and 'triple' have no contrary, nor indeed has any such term.\n\n  It also appears that relatives can admit of variation of degree. For\n'like' and 'unlike', 'equal' and 'uneq", "is_accepted": false, "is_archived": false, "voting_starts": "2016-05-07T04:17:49.929Z", "voting_ends": "2016-05-15T04:17:49.929Z", "suggested_by": 57, "league": 8, "upvotes": [57, 72, 55, 42, 2, 84, 52, 88, 43, 64, 27, 76, 44], "downvotes": [3, 9, 12, 37, 54, 59, 97]}}, {"model": "sh_app.suggestion", "pk": 70, "fields": {"name": "Crustiest psephologist elves\n suggestion", "description": "also to opinions. Thus, in respect of the manner in which the thing\ntakes place, it is the peculiar mark of substance that it should be\ncapable of admitting contrary qualities; for it is by itself\ncha", "is_accepted": true, "is_archived": false, "voting_starts": "2016-05-13T04:17:49.934Z", "voting_ends": "2016-05-15T04:17:49.934Z", "suggested_by": 97, "league": 8, "upvotes": [59, 57, 9, 61, 72, 55, 58, 37, 42, 2, 12, 84, 54, 82, 56, 15, 52, 3, 62, 88, 43, 64, 27, 76, 44, 97], "downvotes": [57, 9, 61, 58, 54, 52, 62, 43, 76, 97]}}, {"model": "sh_app.suggestion", "pk": 71, "fields": {"name": "Lathiest camelopard asquith\n suggestion", "description": "ne set of three more\ntruly three than another set. Again, one period of time is not said to\nbe more truly time than another. Nor is there any other kind of\nquantity, of all that have been mentioned, w", "is_accepted": false, "is_archived": false, "voting_starts": "2016-05-07T04:17:50.077Z", "voting_ends": "2016-05-12T04:17:50.077Z", "suggested_by": 43, "league": 8, "upvotes": [2, 44, 54, 55, 62, 82], "downvotes": [57, 9, 12, 84, 56, 15, 52, 88]}}, {"model": "sh_app.suggestion", "pk": 72, "fields": {"name": "Lank takahe prosthetists\n suggestion", "description": "or if the animal is annihilated, it follows that\nperception also is annihilated, but perceptibles such as body, heat,\nsweetness, bitterness, and so on, will remain.\n\n  Again, perception is generated a", "is_accepted": true, "is_archived": false, "voting_starts": "2016-05-10T04:17:50.083Z", "voting_ends": "2016-05-13T04:17:50.083Z", "suggested_by": 61, "league": 8, "upvotes": [59, 57, 9, 61, 72, 55, 58, 37, 42, 2, 12, 84, 54, 82, 56, 15, 52, 3, 62, 88, 43, 64, 27, 76, 44, 97], "downvotes": [59, 57, 9, 55, 58, 37, 12, 15, 52, 62, 64]}}, {"model": "sh_app.suggestion", "pk": 73, "fields": {"name": "Saut third milch\n suggestion", "description": "at 'positives' and\n'privatives' are not opposed each to each in either of the senses in\nwhich contraries are opposed.\n\n  Again, in the case of contraries, it is possible that there should\nbe changes f", "is_accepted": false, "is_archived": false, "voting_starts": "2016-05-11T04:17:50.222Z", "voting_ends": "2016-05-20T04:17:50.222Z", "suggested_by": 54, "league": 8, "upvotes": [42, 12, 54, 56, 52, 62, 88, 43, 97], "downvotes": [59, 57, 9, 72, 55, 84, 82, 15, 76]}}, {"model": "sh_app.suggestion", "pk": 74, "fields": {"name": "Recordable superelevations commerce\n suggestion", "description": "idual man or ox is not defined with reference to\nsomething external. Similarly with the parts: a particular hand or\nhead is not defined as a particular hand or head of a particular\nperson, but as the ", "is_accepted": false, "is_archived": false, "voting_starts": "2016-05-11T04:17:50.228Z", "voting_ends": "2016-05-18T04:17:50.228Z", "suggested_by": 2, "league": 8, "upvotes": [59, 57, 9, 37, 42, 12, 52, 62, 64, 76], "downvotes": [15, 44, 55, 61, 82, 97]}}, {"model": "sh_app.suggestion", "pk": 75, "fields": {"name": "Mooned pirandello trisaccharides\n suggestion", "description": "ir should be present, and that in a\ndeterminate sense. It is, therefore, plain that 'positives' and\n'privatives' are not opposed each to each in either of the senses in\nwhich contraries are opposed.\n\n", "is_accepted": false, "is_archived": false, "voting_starts": "2016-05-14T04:17:50.234Z", "voting_ends": "2016-05-22T04:17:50.234Z", "suggested_by": 76, "league": 8, "upvotes": [59, 9, 61, 55, 54, 52, 62, 27, 44, 97], "downvotes": [2, 3, 76]}}, {"model": "sh_app.suggestion", "pk": 76, "fields": {"name": "Approximal wollies heroines\n suggestion", "description": "the being of each of which involves that of the\nother, while at the same time neither is the cause of the other's\nbeing. This is the case with regard to the double and the half, for\nthese are reciproc", "is_accepted": false, "is_archived": false, "voting_starts": "2016-05-10T04:17:50.241Z", "voting_ends": "2016-05-12T04:17:50.241Z", "suggested_by": 64, "league": 8, "upvotes": [59, 9, 61, 56, 3, 88, 43, 27, 76, 97], "downvotes": [72, 55, 58, 37, 12, 54, 82, 62]}}, {"model": "sh_app.suggestion", "pk": 77, "fields": {"name": "Profligate autonomist diopside\n suggestion", "description": "se both being relatives; knowledge, too, has a\ncontrary, ignorance. But this is not the mark of all relatives;\n'double' and 'triple' have no contrary, nor indeed has any such term.\n\n  It also appears ", "is_accepted": false, "is_archived": false, "voting_starts": "2016-05-13T04:17:50.247Z", "voting_ends": "2016-05-22T04:17:50.247Z", "suggested_by": 56, "league": 8, "upvotes": [9, 72, 58, 84, 56, 3, 43, 27, 76], "downvotes": [59, 55, 42, 2, 54, 82, 64, 44, 97]}}, {"model": "sh_app.suggestion", "pk": 78, "fields": {"name": "Chilopod donetsk picoseconds\n suggestion", "description": "y' when, though they have a\ncommon name, the definition corresponding with the name differs for\neach. Thus, a real man and a figure in a picture can both lay claim to\nthe name 'animal'; yet these are ", "is_accepted": false, "is_archived": false, "voting_starts": "2016-05-08T04:17:50.252Z", "voting_ends": "2016-05-15T04:17:50.252Z", "suggested_by": 7, "league": 9, "upvotes": [6, 68, 15, 3, 38, 2, 9, 61, 56, 50], "downvotes": [7, 10, 22, 27, 39, 64, 76]}}, {"model": "sh_app.suggestion", "pk": 79, "fields": {"name": "Lattermost advertizing doers\n suggestion", "description": " relative.\n\n  Again, whether we define them as quantitative or not, they have no\ncontraries: for how can there be a contrary of an attribute which is\nnot to be apprehended in or by itself, but only by", "is_accepted": true, "is_archived": false, "voting_starts": "2016-05-05T04:17:50.258Z", "voting_ends": "2016-05-07T04:17:50.258Z", "suggested_by": 70, "league": 9, "upvotes": [6, 98, 68, 70, 47, 15, 3, 91, 27, 64, 76, 38, 22, 39, 2, 9, 46, 18, 7, 61, 17, 10, 56, 50, 19, 55], "downvotes": [98, 3, 64, 22, 46, 18, 7, 61]}}, {"model": "sh_app.suggestion", "pk": 80, "fields": {"name": "Model orachs galatian\n suggestion", "description": "ind a branch\nof knowledge the beginning of the existence of which was\ncontemporaneous with that of its object.\n\n  Again, while the object of knowledge, if it ceases to exist, cancels\nat the same time ", "is_accepted": false, "is_archived": false, "voting_starts": "2016-05-05T04:17:50.403Z", "voting_ends": "2016-05-08T04:17:50.403Z", "suggested_by": 10, "league": 9, "upvotes": [98, 70, 15, 64, 22, 9, 7, 61, 56], "downvotes": [6, 47, 91, 27, 46, 10, 50, 19]}}, {"model": "sh_app.suggestion", "pk": 81, "fields": {"name": "Sister cross-checks rhodesian\n suggestion", "description": "either to that class which consists\nof contraries which have an intermediate. For under certain conditions\nit is necessary that either the one or the other should form part of\nthe constitution of ever", "is_accepted": false, "is_archived": false, "voting_starts": "2016-05-08T04:17:50.409Z", "voting_ends": "2016-05-10T04:17:50.409Z", "suggested_by": 38, "league": 9, "upvotes": [15, 64, 38, 46, 18, 10, 19], "downvotes": [6, 47, 2, 7, 61, 17, 50, 55]}}, {"model": "sh_app.suggestion", "pk": 82, "fields": {"name": "Egomaniacal phototherapy edelweiss\n suggestion", "description": "comitance\nof certain other elements, and are difficult to remove, or\naltogether permanent, are called qualities, for in virtue of them\nmen are said to be such and such.\n\n  Those, however, which arise ", "is_accepted": false, "is_archived": false, "voting_starts": "2016-05-07T04:17:50.414Z", "voting_ends": "2016-05-15T04:17:50.414Z", "suggested_by": 56, "league": 9, "upvotes": [7, 19, 22, 39, 64, 70], "downvotes": [98, 68, 3, 76, 38, 17, 10, 56, 50]}}, {"model": "sh_app.suggestion", "pk": 83, "fields": {"name": "Dauby scot spring\n suggestion", "description": " the parts of a solid occupy\na certain space, and these have a common boundary; it follows that the\nparts of space also, which are occupied by the parts of the solid,\nhave the same common boundary as ", "is_accepted": false, "is_archived": false, "voting_starts": "2016-05-12T04:17:50.420Z", "voting_ends": "2016-05-17T04:17:50.420Z", "suggested_by": 70, "league": 9, "upvotes": [6, 98, 68, 70, 3, 27, 76, 38, 39, 2, 61, 17, 50, 19], "downvotes": [10, 15, 22]}}, {"model": "sh_app.suggestion", "pk": 84, "fields": {"name": "Accessible ketosis urea\n suggestion", "description": "tion of the species are predicable of the individual.\n\n  With regard, on the other hand, to those things which are present in\na subject, it is generally the case that neither their name nor\ntheir defi", "is_accepted": false, "is_archived": false, "voting_starts": "2016-05-10T04:17:50.427Z", "voting_ends": "2016-05-15T04:17:50.427Z", "suggested_by": 3, "league": 9, "upvotes": [6, 68, 70, 47, 76, 22, 39, 2, 46, 17, 50, 19], "downvotes": [15, 56, 61, 91, 98]}}, {"model": "sh_app.suggestion", "pk": 85, "fields": {"name": "Dandy swallets subsumption\n suggestion", "description": "ge is present in the mind, but is not predicable of\nany subject; or again, a certain whiteness may be present in the\nbody (for colour requires a material basis), yet it is never\npredicable of anything", "is_accepted": false, "is_archived": false, "voting_starts": "2016-05-13T04:17:50.432Z", "voting_ends": "2016-05-19T04:17:50.432Z", "suggested_by": 70, "league": 9, "upvotes": [98, 68, 70, 47, 91, 39, 9, 7, 17, 10, 56, 19], "downvotes": [6, 15, 27, 64, 76, 38, 22, 46, 61, 50]}}, {"model": "sh_app.suggestion", "pk": 86, "fields": {"name": "Prone mordent butcheries\n suggestion", "description": " can be said to be 'prior'\nto another. Primarily and most properly the term has reference to\ntime: in this sense the word is used to indicate that one thing is\nolder or more ancient than another, for ", "is_accepted": true, "is_archived": false, "voting_starts": "2016-05-05T04:17:50.438Z", "voting_ends": "2016-05-12T04:17:50.438Z", "suggested_by": 6, "league": 9, "upvotes": [6, 98, 68, 70, 47, 15, 3, 91, 27, 64, 76, 38, 22, 39, 2, 9, 46, 18, 7, 61, 17, 10, 56, 50, 19, 55], "downvotes": [6, 70, 15, 91, 64, 38, 39, 9, 7, 61, 17, 55]}}, {"model": "sh_app.suggestion", "pk": 87, "fields": {"name": "Proverbial homoplasy radiotelephony\n suggestion", "description": "re contiguous. Nor could this be\ndone in the case of time, for none of the parts of time has an abiding\nexistence, and that which does not abide can hardly have position.\nIt would be better to say tha", "is_accepted": false, "is_archived": false, "voting_starts": "2016-05-09T04:17:50.581Z", "voting_ends": "2016-05-15T04:17:50.581Z", "suggested_by": 76, "league": 9, "upvotes": [6, 68, 15, 3, 64, 76, 22, 10], "downvotes": [98, 70, 27, 38, 46, 7, 61, 55]}}, {"model": "auth.permission", "pk": 1, "fields": {"name": "Can add log entry", "content_type": 1, "codename": "add_logentry"}}, {"model": "auth.permission", "pk": 2, "fields": {"name": "Can change log entry", "content_type": 1, "codename": "change_logentry"}}, {"model": "auth.permission", "pk": 3, "fields": {"name": "Can delete log entry", "content_type": 1, "codename": "delete_logentry"}}, {"model": "auth.permission", "pk": 4, "fields": {"name": "Can add permission", "content_type": 2, "codename": "add_permission"}}, {"model": "auth.permission", "pk": 5, "fields": {"name": "Can change permission", "content_type": 2, "codename": "change_permission"}}, {"model": "auth.permission", "pk": 6, "fields": {"name": "Can delete permission", "content_type": 2, "codename": "delete_permission"}}, {"model": "auth.permission", "pk": 7, "fields": {"name": "Can add group", "content_type": 3, "codename": "add_group"}}, {"model": "auth.permission", "pk": 8, "fields": {"name": "Can change group", "content_type": 3, "codename": "change_group"}}, {"model": "auth.permission", "pk": 9, "fields": {"name": "Can delete group", "content_type": 3, "codename": "delete_group"}}, {"model": "auth.permission", "pk": 10, "fields": {"name": "Can add user", "content_type": 4, "codename": "add_user"}}, {"model": "auth.permission", "pk": 11, "fields": {"name": "Can change user", "content_type": 4, "codename": "change_user"}}, {"model": "auth.permission", "pk": 12, "fields": {"name": "Can delete user", "content_type": 4, "codename": "delete_user"}}, {"model": "auth.permission", "pk": 13, "fields": {"name": "Can add content type", "content_type": 5, "codename": "add_contenttype"}}, {"model": "auth.permission", "pk": 14, "fields": {"name": "Can change content type", "content_type": 5, "codename": "change_contenttype"}}, {"model": "auth.permission", "pk": 15, "fields": {"name": "Can delete content type", "content_type": 5, "codename": "delete_contenttype"}}, {"model": "auth.permission", "pk": 16, "fields": {"name": "Can add session", "content_type": 6, "codename": "add_session"}}, {"model": "auth.permission", "pk": 17, "fields": {"name": "Can change session", "content_type": 6, "codename": "change_session"}}, {"model": "auth.permission", "pk": 18, "fields": {"name": "Can delete session", "content_type": 6, "codename": "delete_session"}}, {"model": "auth.permission", "pk": 19, "fields": {"name": "Can add SH_User", "content_type": 7, "codename": "add_sh_user"}}, {"model": "auth.permission", "pk": 20, "fields": {"name": "Can change SH_User", "content_type": 7, "codename": "change_sh_user"}}, {"model": "auth.permission", "pk": 21, "fields": {"name": "Can delete SH_User", "content_type": 7, "codename": "delete_sh_user"}}, {"model": "auth.permission", "pk": 22, "fields": {"name": "Can add league", "content_type": 8, "codename": "add_league"}}, {"model": "auth.permission", "pk": 23, "fields": {"name": "Can change league", "content_type": 8, "codename": "change_league"}}, {"model": "auth.permission", "pk": 24, "fields": {"name": "Can delete league", "content_type": 8, "codename": "delete_league"}}, {"model": "auth.permission", "pk": 25, "fields": {"name": "Can add huddle", "content_type": 9, "codename": "add_huddle"}}, {"model": "auth.permission", "pk": 26, "fields": {"name": "Can change huddle", "content_type": 9, "codename": "change_huddle"}}, {"model": "auth.permission", "pk": 27, "fields": {"name": "Can delete huddle", "content_type": 9, "codename": "delete_huddle"}}, {"model": "auth.permission", "pk": 28, "fields": {"name": "Can add suggestion", "content_type": 10, "codename": "add_suggestion"}}, {"model": "auth.permission", "pk": 29, "fields": {"name": "Can change suggestion", "content_type": 10, "codename": "change_suggestion"}}, {"model": "auth.permission", "pk": 30, "fields": {"name": "Can delete suggestion", "content_type": 10, "codename": "delete_suggestion"}}, {"model": "auth.user", "pk": 1, "fields": {"password": "pbkdf2_sha256$24000$3VbPfu7BUKXx$UdTxnjgugXJmDqdqsuWXhhVvw4cJjzTWyeSEU/tDkjg=", "last_login": null, "is_superuser": false, "username": "homiletic_expediters", "first_name": "homiletic", "last_name": "expediters", "email": "gen123@gmail.com", "is_staff": false, "is_active": true, "date_joined": "2016-05-15T04:17:36.460Z", "groups": [], "user_permissions": []}}, {"model": "auth.user", "pk": 2, "fields": {"password": "pbkdf2_sha256$24000$s0OBXE59o2us$DvttboGhDfdFr3Zxh80jUmSn20kYhluvSVOhlLoNOq0=", "last_login": null, "is_superuser": false, "username": "psychic_downbeats", "first_name": "psychic", "last_name": "downbeats", "email": "gen123@gmail.com", "is_staff": false, "is_active": true, "date_joined": "2016-05-15T04:17:36.581Z", "groups": [], "user_permissions": []}}, {"model": "auth.user", "pk": 3, "fields": {"password": "pbkdf2_sha256$24000$2SlGRJSAI1eJ$qYP9uLBHA5VXtTZygXA2L1prA+oesO+jQOjTK7NF5dI=", "last_login": null, "is_superuser": false, "username": "exospherical_calamancos", "first_name": "exospherical", "last_name": "calamancos", "email": "gen123@gmail.com", "is_staff": false, "is_active": true, "date_joined": "2016-05-15T04:17:36.676Z", "groups": [], "user_permissions": []}}, {"model": "auth.user", "pk": 4, "fields": {"password": "pbkdf2_sha256$24000$QjW5bDIkODVx$YV9rv20VE0JgRHRzJZ/t0JR7Ocp1TtYUyB8KecMxHCg=", "last_login": null, "is_superuser": false, "username": "undiscording_grandad", "first_name": "undiscording", "last_name": "grandad", "email": "gen123@gmail.com", "is_staff": false, "is_active": true, "date_joined": "2016-05-15T04:17:36.772Z", "groups": [], "user_permissions": []}}, {"model": "auth.user", "pk": 5, "fields": {"password": "pbkdf2_sha256$24000$2ddxhhETurc3$nCp3tUYgOVzuoLrbwv4ccWbo21GngQmNaMbHNkBxkDg=", "last_login": null, "is_superuser": false, "username": "refrigerating_cyberspace", "first_name": "refrigerating", "last_name": "cyberspace", "email": "gen123@gmail.com", "is_staff": false, "is_active": true, "date_joined": "2016-05-15T04:17:36.866Z", "groups": [], "user_permissions": []}}, {"model": "auth.user", "pk": 6, "fields": {"password": "pbkdf2_sha256$24000$rTL0cZOzE0jn$LajhnZM6Senp9VXCsGdLHwnsaY4kVmBUE5c478JJACA=", "last_login": null, "is_superuser": false, "username": "ghoulish_elutriation", "first_name": "ghoulish", "last_name": "elutriation", "email": "gen123@gmail.com", "is_staff": false, "is_active": true, "date_joined": "2016-05-15T04:17:36.977Z", "groups": [], "user_permissions": []}}, {"model": "auth.user", "pk": 7, "fields": {"password": "pbkdf2_sha256$24000$dyMKJhFSMzT7$n5/pnnCoO02iMq7nAzvOOmT896I2IdPuprsLQO8MgPY=", "last_login": null, "is_superuser": false, "username": "novice_hybridizing", "first_name": "novice", "last_name": "hybridizing", "email": "gen123@gmail.com", "is_staff": false, "is_active": true, "date_joined": "2016-05-15T04:17:37.092Z", "groups": [], "user_permissions": []}}, {"model": "auth.user", "pk": 8, "fields": {"password": "pbkdf2_sha256$24000$R9WfXKOHR11i$dUOvpNPQPKwvAlESMY3SGeXBccvY4dtTj3dh+CmslW8=", "last_login": null, "is_superuser": false, "username": "unclassifiable_natives", "first_name": "unclassifiable", "last_name": "natives", "email": "gen123@gmail.com", "is_staff": false, "is_active": true, "date_joined": "2016-05-15T04:17:37.218Z", "groups": [], "user_permissions": []}}, {"model": "auth.user", "pk": 9, "fields": {"password": "pbkdf2_sha256$24000$mIheWcszdxay$N9kh2DcSoCyIa84M/0pbbPCAVrz0x8GvyN/H7+vukwc=", "last_login": null, "is_superuser": false, "username": "diminutive_geans", "first_name": "diminutive", "last_name": "geans", "email": "gen123@gmail.com", "is_staff": false, "is_active": true, "date_joined": "2016-05-15T04:17:37.309Z", "groups": [], "user_permissions": []}}, {"model": "auth.user", "pk": 10, "fields": {"password": "pbkdf2_sha256$24000$gDPr7Mf3ctA8$d+PmLM9kVC+6E//oEqm5F3a0WGi6jc7JuaHBE+Vudcc=", "last_login": null, "is_superuser": false, "username": "glycolytic_broods", "first_name": "glycolytic", "last_name": "broods", "email": "gen123@gmail.com", "is_staff": false, "is_active": true, "date_joined": "2016-05-15T04:17:37.402Z", "groups": [], "user_permissions": []}}, {"model": "auth.user", "pk": 11, "fields": {"password": "pbkdf2_sha256$24000$H4z9HW4oaj6t$o9ToBCLybB9k4NrTRG7pHu3rRfm5NosVVENXOxAW7Og=", "last_login": null, "is_superuser": false, "username": "registrable_thecodont", "first_name": "registrable", "last_name": "thecodont", "email": "gen123@gmail.com", "is_staff": false, "is_active": true, "date_joined": "2016-05-15T04:17:37.490Z", "groups": [], "user_permissions": []}}, {"model": "auth.user", "pk": 12, "fields": {"password": "pbkdf2_sha256$24000$kVOW6oLXODVr$+YQ1hQDpGLGx3SfSSV0zMh4ym/Dabb28mKTS/MBbhf8=", "last_login": null, "is_superuser": false, "username": "taught_sinciputs", "first_name": "taught", "last_name": "sinciputs", "email": "gen123@gmail.com", "is_staff": false, "is_active": true, "date_joined": "2016-05-15T04:17:37.583Z", "groups": [], "user_permissions": []}}, {"model": "auth.user", "pk": 13, "fields": {"password": "pbkdf2_sha256$24000$4OmAFPbyy3jM$cPjXfI82g3FPPQxCD64TVpxakifiJHdh1xqiGAMbR+E=", "last_login": null, "is_superuser": false, "username": "macadamized_vimana", "first_name": "macadamized", "last_name": "vimana", "email": "gen123@gmail.com", "is_staff": false, "is_active": true, "date_joined": "2016-05-15T04:17:37.691Z", "groups": [], "user_permissions": []}}, {"model": "auth.user", "pk": 14, "fields": {"password": "pbkdf2_sha256$24000$qZCWdf5nf4u3$HRcs6R3zu8sHA5hsDDMCZmwbwuGPJzTYyrBgkgDKHWI=", "last_login": null, "is_superuser": false, "username": "Delphic_conjunction", "first_name": "Delphic", "last_name": "conjunction", "email": "gen123@gmail.com", "is_staff": false, "is_active": true, "date_joined": "2016-05-15T04:17:37.804Z", "groups": [], "user_permissions": []}}, {"model": "auth.user", "pk": 15, "fields": {"password": "pbkdf2_sha256$24000$0wgGJSHU77It$9QGItVPiRXnjGn2B2Q37JAQcI8SH9OT48a4KJ8Jz7mY=", "last_login": null, "is_superuser": false, "username": "variational_Tristan", "first_name": "variational", "last_name": "Tristan", "email": "gen123@gmail.com", "is_staff": false, "is_active": true, "date_joined": "2016-05-15T04:17:37.916Z", "groups": [], "user_permissions": []}}, {"model": "auth.user", "pk": 16, "fields": {"password": "pbkdf2_sha256$24000$vYMoWpcANYlf$/lUn8P5/XE/d9FBgY5BPNcF6Cp2XnxQNyHSOF7JfKxE=", "last_login": null, "is_superuser": false, "username": "monosymmetric_feel", "first_name": "monosymmetric", "last_name": "feel", "email": "gen123@gmail.com", "is_staff": false, "is_active": true, "date_joined": "2016-05-15T04:17:38.028Z", "groups": [], "user_permissions": []}}, {"model": "auth.user", "pk": 17, "fields": {"password": "pbkdf2_sha256$24000$A5EGHutgl179$WHO1UWWNSwvOPkh1Yhshms27YJ+zqsgmAVUYUoYEZc8=", "last_login": null, "is_superuser": false, "username": "technocrat_overstatements", "first_name": "technocrat", "last_name": "overstatements", "email": "gen123@gmail.com", "is_staff": false, "is_active": true, "date_joined": "2016-05-15T04:17:38.137Z", "groups": [], "user_permissions": []}}, {"model": "auth.user", "pk": 18, "fields": {"password": "pbkdf2_sha256$24000$S1wYbpvAdWaa$x9M4CNwOHesVjiYKgEFZ/yZtv0DojyFvi6XXrSlhm9o=", "last_login": null, "is_superuser": false, "username": "furred_sunstar", "first_name": "furred", "last_name": "sunstar", "email": "gen123@gmail.com", "is_staff": false, "is_active": true, "date_joined": "2016-05-15T04:17:38.243Z", "groups": [], "user_permissions": []}}, {"model": "auth.user", "pk": 19, "fields": {"password": "pbkdf2_sha256$24000$oA7svhgtThDK$rzQM44/X5vASAEQ/CHsDxI3YbLGihAzCfcWJUnZIG3w=", "last_login": null, "is_superuser": false, "username": "dilemmatic_Jaipur", "first_name": "dilemmatic", "last_name": "Jaipur", "email": "gen123@gmail.com", "is_staff": false, "is_active": true, "date_joined": "2016-05-15T04:17:38.360Z", "groups": [], "user_permissions": []}}, {"model": "auth.user", "pk": 20, "fields": {"password": "pbkdf2_sha256$24000$S6vyCVzSuCGn$AMp00FIhQwi4IVIrR4vbx9DXlvuAMnyItY/71n9GQlw=", "last_login": null, "is_superuser": false, "username": "eild_consanguinity", "first_name": "eild", "last_name": "consanguinity", "email": "gen123@gmail.com", "is_staff": false, "is_active": true, "date_joined": "2016-05-15T04:17:38.474Z", "groups": [], "user_permissions": []}}, {"model": "auth.user", "pk": 21, "fields": {"password": "pbkdf2_sha256$24000$tV9A0kcNXJcw$Dy9/AzAO3gXbig3b09mw1ySQduW5Ela2ID4ZQD8OJv8=", "last_login": null, "is_superuser": false, "username": "widespread_follow-ups", "first_name": "widespread", "last_name": "follow-ups", "email": "gen123@gmail.com", "is_staff": false, "is_active": true, "date_joined": "2016-05-15T04:17:38.591Z", "groups": [], "user_permissions": []}}, {"model": "auth.user", "pk": 22, "fields": {"password": "pbkdf2_sha256$24000$BV3mhNoWWwv2$NdrWJcGjinK2URpqxT253t1XixwB6W0un+aClivW5t4=", "last_login": null, "is_superuser": false, "username": "overcredulous_polestars", "first_name": "overcredulous", "last_name": "polestars", "email": "gen123@gmail.com", "is_staff": false, "is_active": true, "date_joined": "2016-05-15T04:17:38.702Z", "groups": [], "user_permissions": []}}, {"model": "auth.user", "pk": 23, "fields": {"password": "pbkdf2_sha256$24000$rXAyWpvrkI74$PO+X4YI/SFuag+3stDcXZOrOnFEZKplXZjM/VNmzQO8=", "last_login": null, "is_superuser": false, "username": "fulgurating_breastsummers", "first_name": "fulgurating", "last_name": "breastsummers", "email": "gen123@gmail.com", "is_staff": false, "is_active": true, "date_joined": "2016-05-15T04:17:38.809Z", "groups": [], "user_permissions": []}}, {"model": "auth.user", "pk": 24, "fields": {"password": "pbkdf2_sha256$24000$t1S4o4A0xjUZ$+jl64liWHx5BvqaTGGrrxmzHz7EFK72nB348bqnTfBU=", "last_login": null, "is_superuser": false, "username": "much_coconut", "first_name": "much", "last_name": "coconut", "email": "gen123@gmail.com", "is_staff": false, "is_active": true, "date_joined": "2016-05-15T04:17:38.925Z", "groups": [], "user_permissions": []}}, {"model": "auth.user", "pk": 25, "fields": {"password": "pbkdf2_sha256$24000$v49Q6lJbhP5g$ZJmAWgSUQ8WeoHG+aw2GM0He//zIRBxLkvvDI8n1CvA=", "last_login": null, "is_superuser": false, "username": "cosmic_charlotte", "first_name": "cosmic", "last_name": "charlotte", "email": "gen123@gmail.com", "is_staff": false, "is_active": true, "date_joined": "2016-05-15T04:17:39.037Z", "groups": [], "user_permissions": []}}, {"model": "auth.user", "pk": 26, "fields": {"password": "pbkdf2_sha256$24000$5rsLrw1irSjG$2QZ0DA/ID0jkhIdm25/xzb+CHX/jCcvtwM/8TCG/EXo=", "last_login": null, "is_superuser": false, "username": "Jamaica_admissions", "first_name": "Jamaica", "last_name": "admissions", "email": "gen123@gmail.com", "is_staff": false, "is_active": true, "date_joined": "2016-05-15T04:17:39.145Z", "groups": [], "user_permissions": []}}, {"model": "auth.user", "pk": 27, "fields": {"password": "pbkdf2_sha256$24000$QRWgN4lEWwRa$pVoJiIqfz23MNPXNTIRaME6UKPhIhR+tQQP31pc65uU=", "last_login": null, "is_superuser": false, "username": "lynx-eyed_goldfinnies", "first_name": "lynx-eyed", "last_name": "goldfinnies", "email": "gen123@gmail.com", "is_staff": false, "is_active": true, "date_joined": "2016-05-15T04:17:39.250Z", "groups": [], "user_permissions": []}}, {"model": "auth.user", "pk": 28, "fields": {"password": "pbkdf2_sha256$24000$pR5PKBFaf3m3$jMsIwd24/+AxI0a3wEXvgEOdr0b4YGBa6uD1Po39vJ8=", "last_login": null, "is_superuser": false, "username": "submontane_Indo-Pacific", "first_name": "submontane", "last_name": "Indo-Pacific", "email": "gen123@gmail.com", "is_staff": false, "is_active": true, "date_joined": "2016-05-15T04:17:39.359Z", "groups": [], "user_permissions": []}}, {"model": "auth.user", "pk": 29, "fields": {"password": "pbkdf2_sha256$24000$hhmMOqivb0ey$NReDoSH+oJ9R6qjieZG8A+T97sGWY4IggvSQ4Wcg8ZM=", "last_login": null, "is_superuser": false, "username": "bigoted_idiom", "first_name": "bigoted", "last_name": "idiom", "email": "gen123@gmail.com", "is_staff": false, "is_active": true, "date_joined": "2016-05-15T04:17:39.465Z", "groups": [], "user_permissions": []}}, {"model": "auth.user", "pk": 30, "fields": {"password": "pbkdf2_sha256$24000$ro43dTLcufLk$VubeOJPXXMEYURAn6zy+SmkWrK+BHREnbEL4EeAW9TY=", "last_login": null, "is_superuser": false, "username": "unhung_corsairs", "first_name": "unhung", "last_name": "corsairs", "email": "gen123@gmail.com", "is_staff": false, "is_active": true, "date_joined": "2016-05-15T04:17:39.576Z", "groups": [], "user_permissions": []}}, {"model": "auth.user", "pk": 31, "fields": {"password": "pbkdf2_sha256$24000$Tf8gfjKdAgIy$qX7mQ+apSGKclQsBCIcBAfY5Bornj/wzuvzbyhMgixI=", "last_login": null, "is_superuser": false, "username": "tetraploid_Prospero", "first_name": "tetraploid", "last_name": "Prospero", "email": "gen123@gmail.com", "is_staff": false, "is_active": true, "date_joined": "2016-05-15T04:17:39.690Z", "groups": [], "user_permissions": []}}, {"model": "auth.user", "pk": 32, "fields": {"password": "pbkdf2_sha256$24000$9h8sKoBY0mbq$mC3eeCu1nHagmIuQTaVr6GK6wbmwI/xaNZalxq4H6NE=", "last_login": null, "is_superuser": false, "username": "superfatted_fabulousness", "first_name": "superfatted", "last_name": "fabulousness", "email": "gen123@gmail.com", "is_staff": false, "is_active": true, "date_joined": "2016-05-15T04:17:39.778Z", "groups": [], "user_permissions": []}}, {"model": "auth.user", "pk": 33, "fields": {"password": "pbkdf2_sha256$24000$g071TzhJAvuU$g3JvyU7UXodartjuY7G6Wf90Cr1/fA0Pv8w+gdPJmcQ=", "last_login": null, "is_superuser": false, "username": "token_coarsening", "first_name": "token", "last_name": "coarsening", "email": "gen123@gmail.com", "is_staff": false, "is_active": true, "date_joined": "2016-05-15T04:17:39.874Z", "groups": [], "user_permissions": []}}, {"model": "auth.user", "pk": 34, "fields": {"password": "pbkdf2_sha256$24000$9S7OkwxgZeoJ$IIOftO3vAwM2bjOWSuSl45LSB9J0FeiAoG9jtAJoYLY=", "last_login": null, "is_superuser": false, "username": "chewable_errhine", "first_name": "chewable", "last_name": "errhine", "email": "gen123@gmail.com", "is_staff": false, "is_active": true, "date_joined": "2016-05-15T04:17:39.982Z", "groups": [], "user_permissions": []}}, {"model": "auth.user", "pk": 35, "fields": {"password": "pbkdf2_sha256$24000$2CsQKaXN56Lv$JC1i1lAYc5WuelbbdQBrr1GzYgZG3YeJlDFr5b/Ztmg=", "last_login": null, "is_superuser": false, "username": "dusky_manticores", "first_name": "dusky", "last_name": "manticores", "email": "gen123@gmail.com", "is_staff": false, "is_active": true, "date_joined": "2016-05-15T04:17:40.093Z", "groups": [], "user_permissions": []}}, {"model": "auth.user", "pk": 36, "fields": {"password": "pbkdf2_sha256$24000$9hwj5IBPFRMN$CBM+ESZQRRZhi3B3R+wId0kc7X5GUFUzRnGvDKeukb4=", "last_login": null, "is_superuser": false, "username": "well-proportioned_summoners", "first_name": "well-proportioned", "last_name": "summoners", "email": "gen123@gmail.com", "is_staff": false, "is_active": true, "date_joined": "2016-05-15T04:17:40.213Z", "groups": [], "user_permissions": []}}, {"model": "auth.user", "pk": 37, "fields": {"password": "pbkdf2_sha256$24000$K72AnkDDSaPe$Ll1M9N65yD81NA1Ern0ZHx9Jdg/XdlJlKwDIUP/c6vA=", "last_login": null, "is_superuser": false, "username": "chiropodial_Seth", "first_name": "chiropodial", "last_name": "Seth", "email": "gen123@gmail.com", "is_staff": false, "is_active": true, "date_joined": "2016-05-15T04:17:40.323Z", "groups": [], "user_permissions": []}}, {"model": "auth.user", "pk": 38, "fields": {"password": "pbkdf2_sha256$24000$fh7RYa95bMwh$1Zz4xQWYYHapsK8Z5+if+oGNxQ57QhABFZ8jqGoE8tg=", "last_login": null, "is_superuser": false, "username": "tingling_addicts", "first_name": "tingling", "last_name": "addicts", "email": "gen123@gmail.com", "is_staff": false, "is_active": true, "date_joined": "2016-05-15T04:17:40.443Z", "groups": [], "user_permissions": []}}, {"model": "auth.user", "pk": 39, "fields": {"password": "pbkdf2_sha256$24000$bFSLROr20uJr$HJJRSLhBdS38pT0Jbp/9P1/BDDKq+bPKO5wilNBTutQ=", "last_login": null, "is_superuser": false, "username": "duple_proportionateness", "first_name": "duple", "last_name": "proportionateness", "email": "gen123@gmail.com", "is_staff": false, "is_active": true, "date_joined": "2016-05-15T04:17:40.554Z", "groups": [], "user_permissions": []}}, {"model": "auth.user", "pk": 40, "fields": {"password": "pbkdf2_sha256$24000$eDVIaCljpkxo$vj+raWxaElnLkDMs5ZoXG3dgUsF6iksWjvcdMnn96Ns=", "last_login": null, "is_superuser": false, "username": "unfaded_nide", "first_name": "unfaded", "last_name": "nide", "email": "gen123@gmail.com", "is_staff": false, "is_active": true, "date_joined": "2016-05-15T04:17:40.671Z", "groups": [], "user_permissions": []}}, {"model": "auth.user", "pk": 41, "fields": {"password": "pbkdf2_sha256$24000$JHM8NTvyzZtl$FS4Fu/ZKUPCYbbyVbATYKBoXxfl8CdomwPxUNuqTHtE=", "last_login": null, "is_superuser": false, "username": "ictic_unabridged", "first_name": "ictic", "last_name": "unabridged", "email": "gen123@gmail.com", "is_staff": false, "is_active": true, "date_joined": "2016-05-15T04:17:40.783Z", "groups": [], "user_permissions": []}}, {"model": "auth.user", "pk": 42, "fields": {"password": "pbkdf2_sha256$24000$9k88OrP3OmCn$rxzTtR9rx27zdXoppzI12wZaxGoTujAfydMBaFpnirg=", "last_login": null, "is_superuser": false, "username": "unstarched_parsons", "first_name": "unstarched", "last_name": "parsons", "email": "gen123@gmail.com", "is_staff": false, "is_active": true, "date_joined": "2016-05-15T04:17:40.896Z", "groups": [], "user_permissions": []}}, {"model": "auth.user", "pk": 43, "fields": {"password": "pbkdf2_sha256$24000$ZlkCGgseuf0B$IZs+brmUFCYFRRf589AXV1JvQZ3K0nImw02mdsrPp7k=", "last_login": null, "is_superuser": false, "username": "phytological_dawdlers", "first_name": "phytological", "last_name": "dawdlers", "email": "gen123@gmail.com", "is_staff": false, "is_active": true, "date_joined": "2016-05-15T04:17:41.001Z", "groups": [], "user_permissions": []}}, {"model": "auth.user", "pk": 44, "fields": {"password": "pbkdf2_sha256$24000$UBmRhEhOpnHR$g0TzigDBYlc+DjJe+YdNfZrBOPFTO3RF9IZAp4CxTXY=", "last_login": null, "is_superuser": false, "username": "showy_foot-pounds", "first_name": "showy", "last_name": "foot-pounds", "email": "gen123@gmail.com", "is_staff": false, "is_active": true, "date_joined": "2016-05-15T04:17:41.106Z", "groups": [], "user_permissions": []}}, {"model": "auth.user", "pk": 45, "fields": {"password": "pbkdf2_sha256$24000$AYejgUOSgYRZ$es0OFnYqA2bU7sjTHualPmT0HTlc+h9hA6IOiYwdiu8=", "last_login": null, "is_superuser": false, "username": "germinal_Mirabeau", "first_name": "germinal", "last_name": "Mirabeau", "email": "gen123@gmail.com", "is_staff": false, "is_active": true, "date_joined": "2016-05-15T04:17:41.219Z", "groups": [], "user_permissions": []}}, {"model": "auth.user", "pk": 46, "fields": {"password": "pbkdf2_sha256$24000$a3fyts2i9J6G$rflY1HwVW6SxBIw7aIsPGCbxlpQAjKZfJwB17xyy3tw=", "last_login": null, "is_superuser": false, "username": "fluidal_wannabes", "first_name": "fluidal", "last_name": "wannabes", "email": "gen123@gmail.com", "is_staff": false, "is_active": true, "date_joined": "2016-05-15T04:17:41.309Z", "groups": [], "user_permissions": []}}, {"model": "auth.user", "pk": 47, "fields": {"password": "pbkdf2_sha256$24000$GRosuuqvXG7g$/z0OY2sMecgg5VBo3HaGCcYDloQ2C9BxmPKPQbSNNis=", "last_login": null, "is_superuser": false, "username": "deconstructionist_admonitors", "first_name": "deconstructionist", "last_name": "admonitors", "email": "gen123@gmail.com", "is_staff": false, "is_active": true, "date_joined": "2016-05-15T04:17:41.422Z", "groups": [], "user_permissions": []}}, {"model": "auth.user", "pk": 48, "fields": {"password": "pbkdf2_sha256$24000$MZFUCutUV58d$ishbLtEhSrlllN3RO+T3oqPg4M7EZAbt2KT4RWjtdBQ=", "last_login": null, "is_superuser": false, "username": "self-flattering_miler", "first_name": "self-flattering", "last_name": "miler", "email": "gen123@gmail.com", "is_staff": false, "is_active": true, "date_joined": "2016-05-15T04:17:41.511Z", "groups": [], "user_permissions": []}}, {"model": "auth.user", "pk": 49, "fields": {"password": "pbkdf2_sha256$24000$kkPcYDM9qENH$gv+Sw7Pm/vh0jRhoPdodR5sMohFPa+2YiFLcsWDbkkA=", "last_login": null, "is_superuser": false, "username": "probative_tinning", "first_name": "probative", "last_name": "tinning", "email": "gen123@gmail.com", "is_staff": false, "is_active": true, "date_joined": "2016-05-15T04:17:41.600Z", "groups": [], "user_permissions": []}}, {"model": "auth.user", "pk": 50, "fields": {"password": "pbkdf2_sha256$24000$pti5iGpaeW7Q$VMzJ4+7EUnrWPjDpiF0plGlCg4EQp3/VNsHFKHHcjIM=", "last_login": null, "is_superuser": false, "username": "detachable_exaggerator", "first_name": "detachable", "last_name": "exaggerator", "email": "gen123@gmail.com", "is_staff": false, "is_active": true, "date_joined": "2016-05-15T04:17:41.714Z", "groups": [], "user_permissions": []}}, {"model": "auth.user", "pk": 51, "fields": {"password": "pbkdf2_sha256$24000$ZC8HIh4ZEvDy$peqFh4F5qB2L6qFJZOwoQfjlR0eE+smoTAknNAFNP2A=", "last_login": null, "is_superuser": false, "username": "slit_resultant", "first_name": "slit", "last_name": "resultant", "email": "gen123@gmail.com", "is_staff": false, "is_active": true, "date_joined": "2016-05-15T04:17:41.802Z", "groups": [], "user_permissions": []}}, {"model": "auth.user", "pk": 52, "fields": {"password": "pbkdf2_sha256$24000$RqkylD5eFxuX$XLDsDwYCIx0ugrYuT8hhw8AN5GX6v15TLR/IgnBs9Yk=", "last_login": null, "is_superuser": false, "username": "Tudor_laggings", "first_name": "Tudor", "last_name": "laggings", "email": "gen123@gmail.com", "is_staff": false, "is_active": true, "date_joined": "2016-05-15T04:17:41.898Z", "groups": [], "user_permissions": []}}, {"model": "auth.user", "pk": 53, "fields": {"password": "pbkdf2_sha256$24000$phn1LwRjl6Up$PW02AQOT7QwxgjUKam0t/eJta1S5AW87kq2r6n13Fnc=", "last_login": null, "is_superuser": false, "username": "pongid_helicoid", "first_name": "pongid", "last_name": "helicoid", "email": "gen123@gmail.com", "is_staff": false, "is_active": true, "date_joined": "2016-05-15T04:17:42.002Z", "groups": [], "user_permissions": []}}, {"model": "auth.user", "pk": 54, "fields": {"password": "pbkdf2_sha256$24000$ql8B0UaJ4rpt$F05eBKOuVTjK2qnB7hrtg1SWuakM6IVQ2fq5Wj66prs=", "last_login": null, "is_superuser": false, "username": "incognizable_additive", "first_name": "incognizable", "last_name": "additive", "email": "gen123@gmail.com", "is_staff": false, "is_active": true, "date_joined": "2016-05-15T04:17:42.115Z", "groups": [], "user_permissions": []}}, {"model": "auth.user", "pk": 55, "fields": {"password": "pbkdf2_sha256$24000$cZAGGEWexBeM$zhy12wlfg/LMgzYVkOT8vdH2wyK7VA2Mq/pEAzleVXc=", "last_login": null, "is_superuser": false, "username": "thalassic_trachoma", "first_name": "thalassic", "last_name": "trachoma", "email": "gen123@gmail.com", "is_staff": false, "is_active": true, "date_joined": "2016-05-15T04:17:42.221Z", "groups": [], "user_permissions": []}}, {"model": "auth.user", "pk": 56, "fields": {"password": "pbkdf2_sha256$24000$KHvwldGRw1nD$pFvhU/vl22kuDf2aTEbufS9Fgz+Ayo/4eLwJFS3o5Ug=", "last_login": null, "is_superuser": false, "username": "maneless_mammalogist", "first_name": "maneless", "last_name": "mammalogist", "email": "gen123@gmail.com", "is_staff": false, "is_active": true, "date_joined": "2016-05-15T04:17:42.333Z", "groups": [], "user_permissions": []}}, {"model": "auth.user", "pk": 57, "fields": {"password": "pbkdf2_sha256$24000$HghTkEkKshmQ$TIFzMQqUsSa/dLVtpeodLowtvrXYVSOQ8RIcEJQMI9E=", "last_login": null, "is_superuser": false, "username": "abecedarian_autograft", "first_name": "abecedarian", "last_name": "autograft", "email": "gen123@gmail.com", "is_staff": false, "is_active": true, "date_joined": "2016-05-15T04:17:42.432Z", "groups": [], "user_permissions": []}}, {"model": "auth.user", "pk": 58, "fields": {"password": "pbkdf2_sha256$24000$oOmMa2KJPZ1x$dqIfupQicXW2w1XStzZ7ox6/EPR/GbyUPR70YtfPTzU=", "last_login": null, "is_superuser": false, "username": "Jacobean_competence", "first_name": "Jacobean", "last_name": "competence", "email": "gen123@gmail.com", "is_staff": false, "is_active": true, "date_joined": "2016-05-15T04:17:42.549Z", "groups": [], "user_permissions": []}}, {"model": "auth.user", "pk": 59, "fields": {"password": "pbkdf2_sha256$24000$h2xISFT9RNhA$d3V3T614yfplvfwZ8u1NXM3QDtZof2Z9yDqSBp8eClc=", "last_login": null, "is_superuser": false, "username": "abducting_baldy", "first_name": "abducting", "last_name": "baldy", "email": "gen123@gmail.com", "is_staff": false, "is_active": true, "date_joined": "2016-05-15T04:17:42.660Z", "groups": [], "user_permissions": []}}, {"model": "auth.user", "pk": 60, "fields": {"password": "pbkdf2_sha256$24000$n2MwDjU8pWja$D7ykdBLlMq36xJmNwNsu0fgqoOObV4idQx4CksqUbHY=", "last_login": null, "is_superuser": false, "username": "undermentioned_misallotment", "first_name": "undermentioned", "last_name": "misallotment", "email": "gen123@gmail.com", "is_staff": false, "is_active": true, "date_joined": "2016-05-15T04:17:42.776Z", "groups": [], "user_permissions": []}}, {"model": "auth.user", "pk": 61, "fields": {"password": "pbkdf2_sha256$24000$PtR6NL7fghKT$CGvxzjHpYZqiRp2rSD+VCE+SgeLu35zIDVFGbENYhhA=", "last_login": null, "is_superuser": false, "username": "relivable_regency", "first_name": "relivable", "last_name": "regency", "email": "gen123@gmail.com", "is_staff": false, "is_active": true, "date_joined": "2016-05-15T04:17:42.887Z", "groups": [], "user_permissions": []}}, {"model": "auth.user", "pk": 62, "fields": {"password": "pbkdf2_sha256$24000$3X4iAQynkgW4$BnpISM39rlN1d5V8cd1fWh7/sxBdxv2gcmOKkBuHeCo=", "last_login": null, "is_superuser": false, "username": "pallid_imponderables", "first_name": "pallid", "last_name": "imponderables", "email": "gen123@gmail.com", "is_staff": false, "is_active": true, "date_joined": "2016-05-15T04:17:42.999Z", "groups": [], "user_permissions": []}}, {"model": "auth.user", "pk": 63, "fields": {"password": "pbkdf2_sha256$24000$65C9YSM8t1zB$UWEfWe9rKx+q5ocaICHqYr9m+I4mKj48MoL5h72jBPI=", "last_login": null, "is_superuser": false, "username": "vermiculated_harpsichordist", "first_name": "vermiculated", "last_name": "harpsichordist", "email": "gen123@gmail.com", "is_staff": false, "is_active": true, "date_joined": "2016-05-15T04:17:43.112Z", "groups": [], "user_permissions": []}}, {"model": "auth.user", "pk": 64, "fields": {"password": "pbkdf2_sha256$24000$uDJfDkKm0rUw$GAsaDxxyiHzPR0a1dTSOwm0vqDXbs9E266r8siRuek4=", "last_login": null, "is_superuser": false, "username": "stodgier_relativity", "first_name": "stodgier", "last_name": "relativity", "email": "gen123@gmail.com", "is_staff": false, "is_active": true, "date_joined": "2016-05-15T04:17:43.222Z", "groups": [], "user_permissions": []}}, {"model": "auth.user", "pk": 65, "fields": {"password": "pbkdf2_sha256$24000$tudpd28GEDiq$mUhWRN9XTHvonzMzMlpoqHhkG0eL5ijXJqOZRb62m+4=", "last_login": null, "is_superuser": false, "username": "uncomprehensive_rookies", "first_name": "uncomprehensive", "last_name": "rookies", "email": "gen123@gmail.com", "is_staff": false, "is_active": true, "date_joined": "2016-05-15T04:17:43.317Z", "groups": [], "user_permissions": []}}, {"model": "auth.user", "pk": 66, "fields": {"password": "pbkdf2_sha256$24000$6wA7gIH7RRJp$BIz9/MtZ1rghzS+dyaO/mRmz7NVQ419glvGKwB44Psw=", "last_login": null, "is_superuser": false, "username": "analogue_aunt", "first_name": "analogue", "last_name": "aunt", "email": "gen123@gmail.com", "is_staff": false, "is_active": true, "date_joined": "2016-05-15T04:17:43.428Z", "groups": [], "user_permissions": []}}, {"model": "auth.user", "pk": 67, "fields": {"password": "pbkdf2_sha256$24000$2LHVejO2IXJF$jMKOj9f4rCCNPWR+xNN9NCQEWnWsI9ClClZqSpirO9w=", "last_login": null, "is_superuser": false, "username": "lightfast_platinotype", "first_name": "lightfast", "last_name": "platinotype", "email": "gen123@gmail.com", "is_staff": false, "is_active": true, "date_joined": "2016-05-15T04:17:43.535Z", "groups": [], "user_permissions": []}}, {"model": "auth.user", "pk": 68, "fields": {"password": "pbkdf2_sha256$24000$oK55aj1dY8IS$otxfsWkB/SDLZtWQzLaIFHzQDbVbAMU+VkncKqALY8A=", "last_login": null, "is_superuser": false, "username": "ventilated_crepitations", "first_name": "ventilated", "last_name": "crepitations", "email": "gen123@gmail.com", "is_staff": false, "is_active": true, "date_joined": "2016-05-15T04:17:43.650Z", "groups": [], "user_permissions": []}}, {"model": "auth.user", "pk": 69, "fields": {"password": "pbkdf2_sha256$24000$Sc8u3skkmSs2$g2nLFVDFQabWNx7WToR0onTVE2/7OE7Da5UqXMN1Wfg=", "last_login": null, "is_superuser": false, "username": "incarcerate_sclera", "first_name": "incarcerate", "last_name": "sclera", "email": "gen123@gmail.com", "is_staff": false, "is_active": true, "date_joined": "2016-05-15T04:17:43.773Z", "groups": [], "user_permissions": []}}, {"model": "auth.user", "pk": 70, "fields": {"password": "pbkdf2_sha256$24000$zB15EDP6pbJJ$aBawzPGGC7g9NqJEqLFPn9bw6CrZt5yIg44jX+iQ7Vs=", "last_login": null, "is_superuser": false, "username": "steamed_clavicembalo", "first_name": "steamed", "last_name": "clavicembalo", "email": "gen123@gmail.com", "is_staff": false, "is_active": true, "date_joined": "2016-05-15T04:17:43.893Z", "groups": [], "user_permissions": []}}, {"model": "auth.user", "pk": 71, "fields": {"password": "pbkdf2_sha256$24000$WvsjjimtNrP8$Bp+6xfTn28smZ8ALJnsdds7uBJo5b59U8UYkcPMV6Cw=", "last_login": null, "is_superuser": false, "username": "tetartohedral_hairlessness", "first_name": "tetartohedral", "last_name": "hairlessness", "email": "gen123@gmail.com", "is_staff": false, "is_active": true, "date_joined": "2016-05-15T04:17:44.020Z", "groups": [], "user_permissions": []}}, {"model": "auth.user", "pk": 72, "fields": {"password": "pbkdf2_sha256$24000$9k0w7PJxJBrz$5yExW7MKbkQ+ZumqijvorDwGJ/Z+y02Y2JmSGEJblxA=", "last_login": null, "is_superuser": false, "username": "quadragenarian_alap", "first_name": "quadragenarian", "last_name": "alap", "email": "gen123@gmail.com", "is_staff": false, "is_active": true, "date_joined": "2016-05-15T04:17:44.116Z", "groups": [], "user_permissions": []}}, {"model": "auth.user", "pk": 73, "fields": {"password": "pbkdf2_sha256$24000$ry3qtFYMxOCC$k4sZJpmgiqN4dJW5X7vpWyF4uoLntiQmgdR4e4T/+sQ=", "last_login": null, "is_superuser": false, "username": "kindly_gapers", "first_name": "kindly", "last_name": "gapers", "email": "gen123@gmail.com", "is_staff": false, "is_active": true, "date_joined": "2016-05-15T04:17:44.229Z", "groups": [], "user_permissions": []}}, {"model": "auth.user", "pk": 74, "fields": {"password": "pbkdf2_sha256$24000$KHiEA56OgmiL$nRoBHLkY65v7U4XIWSlRsgcZPUnh/GbzOHvjJEBVozA=", "last_login": null, "is_superuser": false, "username": "incivil_responsibilities", "first_name": "incivil", "last_name": "responsibilities", "email": "gen123@gmail.com", "is_staff": false, "is_active": true, "date_joined": "2016-05-15T04:17:44.349Z", "groups": [], "user_permissions": []}}, {"model": "auth.user", "pk": 75, "fields": {"password": "pbkdf2_sha256$24000$Uaj0phD9GxCT$r2J0ID4W/2gomaQ0SYLo9Bcoh5ECd2A6ynE7x0j8eDw=", "last_login": null, "is_superuser": false, "username": "octopod_critters", "first_name": "octopod", "last_name": "critters", "email": "gen123@gmail.com", "is_staff": false, "is_active": true, "date_joined": "2016-05-15T04:17:44.470Z", "groups": [], "user_permissions": []}}, {"model": "auth.user", "pk": 76, "fields": {"password": "pbkdf2_sha256$24000$WiGEMkWFjFs4$+QoK1DK4qGbf/tWQRKFbyd9bHtOlf/mvj3bDkzhjoic=", "last_login": null, "is_superuser": false, "username": "benthonic_paints", "first_name": "benthonic", "last_name": "paints", "email": "gen123@gmail.com", "is_staff": false, "is_active": true, "date_joined": "2016-05-15T04:17:44.561Z", "groups": [], "user_permissions": []}}, {"model": "auth.user", "pk": 77, "fields": {"password": "pbkdf2_sha256$24000$DK5ZLLBDONCo$VbvlIX4SmSgGuoIjKVyv6RpzkULjDgUF7JrYOnDBKw4=", "last_login": null, "is_superuser": false, "username": "heavy_misanthrope", "first_name": "heavy", "last_name": "misanthrope", "email": "gen123@gmail.com", "is_staff": false, "is_active": true, "date_joined": "2016-05-15T04:17:44.651Z", "groups": [], "user_permissions": []}}, {"model": "auth.user", "pk": 78, "fields": {"password": "pbkdf2_sha256$24000$F7zqFdkVbI0p$vYx5T3VgTcwCCRmaF3VF5S7vCnE+pAlXZjD99Kj1QBE=", "last_login": null, "is_superuser": false, "username": "wicker_verbosity", "first_name": "wicker", "last_name": "verbosity", "email": "gen123@gmail.com", "is_staff": false, "is_active": true, "date_joined": "2016-05-15T04:17:44.745Z", "groups": [], "user_permissions": []}}, {"model": "auth.user", "pk": 79, "fields": {"password": "pbkdf2_sha256$24000$y4saSF2ZP3Xc$NIa0V9gKsc0ksrC2DlD1qmul8L8WxMk+7PK5Vf7G0rI=", "last_login": null, "is_superuser": false, "username": "rightful_cyclamate", "first_name": "rightful", "last_name": "cyclamate", "email": "gen123@gmail.com", "is_staff": false, "is_active": true, "date_joined": "2016-05-15T04:17:44.855Z", "groups": [], "user_permissions": []}}, {"model": "auth.user", "pk": 80, "fields": {"password": "pbkdf2_sha256$24000$89L3uVoXeo53$BU5gxf7o+TCMnP9WEUfPHfepD4AOLTD2fgq27zIm0ZE=", "last_login": null, "is_superuser": false, "username": "vitelline_alluviums", "first_name": "vitelline", "last_name": "alluviums", "email": "gen123@gmail.com", "is_staff": false, "is_active": true, "date_joined": "2016-05-15T04:17:44.969Z", "groups": [], "user_permissions": []}}, {"model": "auth.user", "pk": 81, "fields": {"password": "pbkdf2_sha256$24000$tzpefAIk1Poh$hoExlNCs62C2w1pKS7JuKvvWqMfxyrvjOl084usfSIU=", "last_login": null, "is_superuser": false, "username": "open-letter_shanty", "first_name": "open-letter", "last_name": "shanty", "email": "gen123@gmail.com", "is_staff": false, "is_active": true, "date_joined": "2016-05-15T04:17:45.090Z", "groups": [], "user_permissions": []}}, {"model": "auth.user", "pk": 82, "fields": {"password": "pbkdf2_sha256$24000$7wciH3DeIbzy$eF5gcnzUgQBMpAWEvE0UdfXfVXBOAIDgTg3OdFvau3s=", "last_login": null, "is_superuser": false, "username": "misunderstood_Cynthia", "first_name": "misunderstood", "last_name": "Cynthia", "email": "gen123@gmail.com", "is_staff": false, "is_active": true, "date_joined": "2016-05-15T04:17:45.202Z", "groups": [], "user_permissions": []}}, {"model": "auth.user", "pk": 83, "fields": {"password": "pbkdf2_sha256$24000$CHKZSk2Fl7c3$Ipai59IpVUD9ZIjnM4t+VHNytOL00ge2DXWrQOV45AE=", "last_login": null, "is_superuser": false, "username": "spread_insulin", "first_name": "spread", "last_name": "insulin", "email": "gen123@gmail.com", "is_staff": false, "is_active": true, "date_joined": "2016-05-15T04:17:45.316Z", "groups": [], "user_permissions": []}}, {"model": "auth.user", "pk": 84, "fields": {"password": "pbkdf2_sha256$24000$9vvyhcCy4zMa$GGFFKm50iTwObSO8ovkq8S7O4l2JG28miv25InvC3zM=", "last_login": null, "is_superuser": false, "username": "storeyed_self-denial", "first_name": "storeyed", "last_name": "self-denial", "email": "gen123@gmail.com", "is_staff": false, "is_active": true, "date_joined": "2016-05-15T04:17:45.412Z", "groups": [], "user_permissions": []}}, {"model": "auth.user", "pk": 85, "fields": {"password": "pbkdf2_sha256$24000$kYEN1X4AxFvG$Oo2NlYOx4hIlAJi5Ks3HvoIMcERJUp87aRJvauD1vDM=", "last_login": null, "is_superuser": false, "username": "agraphic_dipnoans", "first_name": "agraphic", "last_name": "dipnoans", "email": "gen123@gmail.com", "is_staff": false, "is_active": true, "date_joined": "2016-05-15T04:17:45.503Z", "groups": [], "user_permissions": []}}, {"model": "auth.user", "pk": 86, "fields": {"password": "pbkdf2_sha256$24000$ELDYf6p5bILz$U6Nj0bklCgzy7QmjjGWIhKPLMeaOPZK/xmLK5pO5loo=", "last_login": null, "is_superuser": false, "username": "unjoyful_brew", "first_name": "unjoyful", "last_name": "brew", "email": "gen123@gmail.com", "is_staff": false, "is_active": true, "date_joined": "2016-05-15T04:17:45.592Z", "groups": [], "user_permissions": []}}, {"model": "auth.user", "pk": 87, "fields": {"password": "pbkdf2_sha256$24000$ip6cVejzfI7a$k6dwhG0HG+5iOzaNBKS4lco/wCTIr97rzh+NB/QBMHg=", "last_login": null, "is_superuser": false, "username": "aghast_endodermis", "first_name": "aghast", "last_name": "endodermis", "email": "gen123@gmail.com", "is_staff": false, "is_active": true, "date_joined": "2016-05-15T04:17:45.700Z", "groups": [], "user_permissions": []}}, {"model": "auth.user", "pk": 88, "fields": {"password": "pbkdf2_sha256$24000$mHRuagWlKHjJ$zlICrbl0IF7M2+yFrKg3CYqJFLrQHsmQRCga2S9Df64=", "last_login": null, "is_superuser": false, "username": "unequalled_wagonage", "first_name": "unequalled", "last_name": "wagonage", "email": "gen123@gmail.com", "is_staff": false, "is_active": true, "date_joined": "2016-05-15T04:17:45.812Z", "groups": [], "user_permissions": []}}, {"model": "auth.user", "pk": 89, "fields": {"password": "pbkdf2_sha256$24000$6uxf3RyzusU1$pLYy2FUt9/lOYtf58852XLV4h96GOqrd0vTLbLcq4Gk=", "last_login": null, "is_superuser": false, "username": "slimed_evilness", "first_name": "slimed", "last_name": "evilness", "email": "gen123@gmail.com", "is_staff": false, "is_active": true, "date_joined": "2016-05-15T04:17:45.930Z", "groups": [], "user_permissions": []}}, {"model": "auth.user", "pk": 90, "fields": {"password": "pbkdf2_sha256$24000$6uW9UCtnanKs$mP4DPk+9ioN/DiuBb8Ty190mB7u1aulrsN2HDhGgnZM=", "last_login": null, "is_superuser": false, "username": "miffed_obstruction", "first_name": "miffed", "last_name": "obstruction", "email": "gen123@gmail.com", "is_staff": false, "is_active": true, "date_joined": "2016-05-15T04:17:46.064Z", "groups": [], "user_permissions": []}}, {"model": "auth.user", "pk": 91, "fields": {"password": "pbkdf2_sha256$24000$oiLRMSoK598D$dXm00FVPM6efZruJyJ3xn5vun6o6MBEUdw4Xofq0Rdg=", "last_login": null, "is_superuser": false, "username": "equipotent_scunners", "first_name": "equipotent", "last_name": "scunners", "email": "gen123@gmail.com", "is_staff": false, "is_active": true, "date_joined": "2016-05-15T04:17:46.172Z", "groups": [], "user_permissions": []}}, {"model": "auth.user", "pk": 92, "fields": {"password": "pbkdf2_sha256$24000$2VDuGd3GOqKl$2JYqFPgsf3USniP29VF2TrQ59CTZXvFr23sLU6TDcAo=", "last_login": null, "is_superuser": false, "username": "emptied_Chanukah", "first_name": "emptied", "last_name": "Chanukah", "email": "gen123@gmail.com", "is_staff": false, "is_active": true, "date_joined": "2016-05-15T04:17:46.282Z", "groups": [], "user_permissions": []}}, {"model": "auth.user", "pk": 93, "fields": {"password": "pbkdf2_sha256$24000$b1VRYOjj1qAM$wnMUeTB4cBNdfLL7HXHC7lfq8t/aJagjjrGAlUPfEX8=", "last_login": "2016-05-15T04:19:27.853Z", "is_superuser": false, "username": "moveable_turd", "first_name": "moveable", "last_name": "turd", "email": "gen123@gmail.com", "is_staff": false, "is_active": true, "date_joined": "2016-05-15T04:17:46.390Z", "groups": [], "user_permissions": []}}, {"model": "auth.user", "pk": 94, "fields": {"password": "pbkdf2_sha256$24000$VK7sZart6id0$KwClNF5aMHrHXaM+AnAY8nDuZwqpnSDqeDjJGylUQxU=", "last_login": null, "is_superuser": false, "username": "heptasyllabic_moisteners", "first_name": "heptasyllabic", "last_name": "moisteners", "email": "gen123@gmail.com", "is_staff": false, "is_active": true, "date_joined": "2016-05-15T04:17:46.497Z", "groups": [], "user_permissions": []}}, {"model": "auth.user", "pk": 95, "fields": {"password": "pbkdf2_sha256$24000$mKHcWS7XJTur$CwzumW44j2PQAEYH8baSooOyr+2vZ9N5ntRVTMtQBSc=", "last_login": null, "is_superuser": false, "username": "go-to-meeting_malvas", "first_name": "go-to-meeting", "last_name": "malvas", "email": "gen123@gmail.com", "is_staff": false, "is_active": true, "date_joined": "2016-05-15T04:17:46.622Z", "groups": [], "user_permissions": []}}, {"model": "auth.user", "pk": 96, "fields": {"password": "pbkdf2_sha256$24000$C6e6yqRodrJ1$IzBvpaVe8nYdZ7kdcz7OZkHc4mAAxwWbUeiUAwXarEs=", "last_login": null, "is_superuser": false, "username": "conjecturable_settlings", "first_name": "conjecturable", "last_name": "settlings", "email": "gen123@gmail.com", "is_staff": false, "is_active": true, "date_joined": "2016-05-15T04:17:46.731Z", "groups": [], "user_permissions": []}}, {"model": "auth.user", "pk": 97, "fields": {"password": "pbkdf2_sha256$24000$24YcLeeyzCNr$yPDH2nVljyDp/dUO7VpqeTwFqStU9Urd/VbRUzVotdE=", "last_login": null, "is_superuser": false, "username": "funnier_ceratopsian", "first_name": "funnier", "last_name": "ceratopsian", "email": "gen123@gmail.com", "is_staff": false, "is_active": true, "date_joined": "2016-05-15T04:17:46.847Z", "groups": [], "user_permissions": []}}, {"model": "auth.user", "pk": 98, "fields": {"password": "pbkdf2_sha256$24000$YxuPcnctF9f9$piU22SeOLEV3y0HdeS74ZZt6727UIm25EhgrR0DtQuI=", "last_login": null, "is_superuser": false, "username": "floatiest_lathyrus", "first_name": "floatiest", "last_name": "lathyrus", "email": "gen123@gmail.com", "is_staff": false, "is_active": true, "date_joined": "2016-05-15T04:17:46.962Z", "groups": [], "user_permissions": []}}, {"model": "auth.user", "pk": 99, "fields": {"password": "pbkdf2_sha256$24000$gBwVXsagSHyl$KDMxfT9UGIWWT9naMaDDmW7+AvEQ/NFY1zRiScwLvr4=", "last_login": null, "is_superuser": false, "username": "three-quarter_intruders", "first_name": "three-quarter", "last_name": "intruders", "email": "gen123@gmail.com", "is_staff": false, "is_active": true, "date_joined": "2016-05-15T04:17:47.076Z", "groups": [], "user_permissions": []}}, {"model": "auth.user", "pk": 100, "fields": {"password": "pbkdf2_sha256$24000$zJ2ltwtTQ55J$TF7cBW1akMvt7C6+vU7xiLuJ7AtmlIIBomBEgUDR5jM=", "last_login": "2016-05-15T04:19:06.660Z", "is_superuser": true, "username": "admin", "first_name": "", "last_name": "", "email": "admin@gmail.com", "is_staff": true, "is_active": true, "date_joined": "2016-05-15T04:18:27.603Z", "groups": [], "user_permissions": []}}, {"model": "auth.user", "pk": 101, "fields": {"password": "pbkdf2_sha256$24000$ahbAayLSPGrG$zbClkn9qNMLeYoxA4KqwkNbk9tlP72x4Ie42nOmLoyo=", "last_login": null, "is_superuser": false, "username": "test", "first_name": "sadas", "last_name": "asda", "email": "test@gmail.com", "is_staff": false, "is_active": true, "date_joined": "2016-05-15T04:18:49.397Z", "groups": [], "user_permissions": []}}, {"model": "sh_app.sh_user", "pk": 1, "fields": {"user": 1, "first_name": "homiletic", "last_name": "expediters"}}, {"model": "sh_app.sh_user", "pk": 2, "fields": {"user": 2, "first_name": "psychic", "last_name": "downbeats"}}, {"model": "sh_app.sh_user", "pk": 3, "fields": {"user": 3, "first_name": "exospherical", "last_name": "calamancos"}}, {"model": "sh_app.sh_user", "pk": 4, "fields": {"user": 4, "first_name": "undiscording", "last_name": "grandad"}}, {"model": "sh_app.sh_user", "pk": 5, "fields": {"user": 5, "first_name": "refrigerating", "last_name": "cyberspace"}}, {"model": "sh_app.sh_user", "pk": 6, "fields": {"user": 6, "first_name": "ghoulish", "last_name": "elutriation"}}, {"model": "sh_app.sh_user", "pk": 7, "fields": {"user": 7, "first_name": "novice", "last_name": "hybridizing"}}, {"model": "sh_app.sh_user", "pk": 8, "fields": {"user": 8, "first_name": "unclassifiable", "last_name": "natives"}}, {"model": "sh_app.sh_user", "pk": 9, "fields": {"user": 9, "first_name": "diminutive", "last_name": "geans"}}, {"model": "sh_app.sh_user", "pk": 10, "fields": {"user": 10, "first_name": "glycolytic", "last_name": "broods"}}, {"model": "sh_app.sh_user", "pk": 11, "fields": {"user": 11, "first_name": "registrable", "last_name": "thecodont"}}, {"model": "sh_app.sh_user", "pk": 12, "fields": {"user": 12, "first_name": "taught", "last_name": "sinciputs"}}, {"model": "sh_app.sh_user", "pk": 13, "fields": {"user": 13, "first_name": "macadamized", "last_name": "vimana"}}, {"model": "sh_app.sh_user", "pk": 14, "fields": {"user": 14, "first_name": "Delphic", "last_name": "conjunction"}}, {"model": "sh_app.sh_user", "pk": 15, "fields": {"user": 15, "first_name": "variational", "last_name": "Tristan"}}, {"model": "sh_app.sh_user", "pk": 16, "fields": {"user": 16, "first_name": "monosymmetric", "last_name": "feel"}}, {"model": "sh_app.sh_user", "pk": 17, "fields": {"user": 17, "first_name": "technocrat", "last_name": "overstatements"}}, {"model": "sh_app.sh_user", "pk": 18, "fields": {"user": 18, "first_name": "furred", "last_name": "sunstar"}}, {"model": "sh_app.sh_user", "pk": 19, "fields": {"user": 19, "first_name": "dilemmatic", "last_name": "Jaipur"}}, {"model": "sh_app.sh_user", "pk": 20, "fields": {"user": 20, "first_name": "eild", "last_name": "consanguinity"}}, {"model": "sh_app.sh_user", "pk": 21, "fields": {"user": 21, "first_name": "widespread", "last_name": "follow-ups"}}, {"model": "sh_app.sh_user", "pk": 22, "fields": {"user": 22, "first_name": "overcredulous", "last_name": "polestars"}}, {"model": "sh_app.sh_user", "pk": 23, "fields": {"user": 23, "first_name": "fulgurating", "last_name": "breastsummers"}}, {"model": "sh_app.sh_user", "pk": 24, "fields": {"user": 24, "first_name": "much", "last_name": "coconut"}}, {"model": "sh_app.sh_user", "pk": 25, "fields": {"user": 25, "first_name": "cosmic", "last_name": "charlotte"}}, {"model": "sh_app.sh_user", "pk": 26, "fields": {"user": 26, "first_name": "Jamaica", "last_name": "admissions"}}, {"model": "sh_app.sh_user", "pk": 27, "fields": {"user": 27, "first_name": "lynx-eyed", "last_name": "goldfinnies"}}, {"model": "sh_app.sh_user", "pk": 28, "fields": {"user": 28, "first_name": "submontane", "last_name": "Indo-Pacific"}}, {"model": "sh_app.sh_user", "pk": 29, "fields": {"user": 29, "first_name": "bigoted", "last_name": "idiom"}}, {"model": "sh_app.sh_user", "pk": 30, "fields": {"user": 30, "first_name": "unhung", "last_name": "corsairs"}}, {"model": "sh_app.sh_user", "pk": 31, "fields": {"user": 31, "first_name": "tetraploid", "last_name": "Prospero"}}, {"model": "sh_app.sh_user", "pk": 32, "fields": {"user": 32, "first_name": "superfatted", "last_name": "fabulousness"}}, {"model": "sh_app.sh_user", "pk": 33, "fields": {"user": 33, "first_name": "token", "last_name": "coarsening"}}, {"model": "sh_app.sh_user", "pk": 34, "fields": {"user": 34, "first_name": "chewable", "last_name": "errhine"}}, {"model": "sh_app.sh_user", "pk": 35, "fields": {"user": 35, "first_name": "dusky", "last_name": "manticores"}}, {"model": "sh_app.sh_user", "pk": 36, "fields": {"user": 36, "first_name": "well-proportioned", "last_name": "summoners"}}, {"model": "sh_app.sh_user", "pk": 37, "fields": {"user": 37, "first_name": "chiropodial", "last_name": "Seth"}}, {"model": "sh_app.sh_user", "pk": 38, "fields": {"user": 38, "first_name": "tingling", "last_name": "addicts"}}, {"model": "sh_app.sh_user", "pk": 39, "fields": {"user": 39, "first_name": "duple", "last_name": "proportionateness"}}, {"model": "sh_app.sh_user", "pk": 40, "fields": {"user": 40, "first_name": "unfaded", "last_name": "nide"}}, {"model": "sh_app.sh_user", "pk": 41, "fields": {"user": 41, "first_name": "ictic", "last_name": "unabridged"}}, {"model": "sh_app.sh_user", "pk": 42, "fields": {"user": 42, "first_name": "unstarched", "last_name": "parsons"}}, {"model": "sh_app.sh_user", "pk": 43, "fields": {"user": 43, "first_name": "phytological", "last_name": "dawdlers"}}, {"model": "sh_app.sh_user", "pk": 44, "fields": {"user": 44, "first_name": "showy", "last_name": "foot-pounds"}}, {"model": "sh_app.sh_user", "pk": 45, "fields": {"user": 45, "first_name": "germinal", "last_name": "Mirabeau"}}, {"model": "sh_app.sh_user", "pk": 46, "fields": {"user": 46, "first_name": "fluidal", "last_name": "wannabes"}}, {"model": "sh_app.sh_user", "pk": 47, "fields": {"user": 47, "first_name": "deconstructionist", "last_name": "admonitors"}}, {"model": "sh_app.sh_user", "pk": 48, "fields": {"user": 48, "first_name": "self-flattering", "last_name": "miler"}}, {"model": "sh_app.sh_user", "pk": 49, "fields": {"user": 49, "first_name": "probative", "last_name": "tinning"}}, {"model": "sh_app.sh_user", "pk": 50, "fields": {"user": 50, "first_name": "detachable", "last_name": "exaggerator"}}, {"model": "sh_app.sh_user", "pk": 51, "fields": {"user": 51, "first_name": "slit", "last_name": "resultant"}}, {"model": "sh_app.sh_user", "pk": 52, "fields": {"user": 52, "first_name": "Tudor", "last_name": "laggings"}}, {"model": "sh_app.sh_user", "pk": 53, "fields": {"user": 53, "first_name": "pongid", "last_name": "helicoid"}}, {"model": "sh_app.sh_user", "pk": 54, "fields": {"user": 54, "first_name": "incognizable", "last_name": "additive"}}, {"model": "sh_app.sh_user", "pk": 55, "fields": {"user": 55, "first_name": "thalassic", "last_name": "trachoma"}}, {"model": "sh_app.sh_user", "pk": 56, "fields": {"user": 56, "first_name": "maneless", "last_name": "mammalogist"}}, {"model": "sh_app.sh_user", "pk": 57, "fields": {"user": 57, "first_name": "abecedarian", "last_name": "autograft"}}, {"model": "sh_app.sh_user", "pk": 58, "fields": {"user": 58, "first_name": "Jacobean", "last_name": "competence"}}, {"model": "sh_app.sh_user", "pk": 59, "fields": {"user": 59, "first_name": "abducting", "last_name": "baldy"}}, {"model": "sh_app.sh_user", "pk": 60, "fields": {"user": 60, "first_name": "undermentioned", "last_name": "misallotment"}}, {"model": "sh_app.sh_user", "pk": 61, "fields": {"user": 61, "first_name": "relivable", "last_name": "regency"}}, {"model": "sh_app.sh_user", "pk": 62, "fields": {"user": 62, "first_name": "pallid", "last_name": "imponderables"}}, {"model": "sh_app.sh_user", "pk": 63, "fields": {"user": 63, "first_name": "vermiculated", "last_name": "harpsichordist"}}, {"model": "sh_app.sh_user", "pk": 64, "fields": {"user": 64, "first_name": "stodgier", "last_name": "relativity"}}, {"model": "sh_app.sh_user", "pk": 65, "fields": {"user": 65, "first_name": "uncomprehensive", "last_name": "rookies"}}, {"model": "sh_app.sh_user", "pk": 66, "fields": {"user": 66, "first_name": "analogue", "last_name": "aunt"}}, {"model": "sh_app.sh_user", "pk": 67, "fields": {"user": 67, "first_name": "lightfast", "last_name": "platinotype"}}, {"model": "sh_app.sh_user", "pk": 68, "fields": {"user": 68, "first_name": "ventilated", "last_name": "crepitations"}}, {"model": "sh_app.sh_user", "pk": 69, "fields": {"user": 69, "first_name": "incarcerate", "last_name": "sclera"}}, {"model": "sh_app.sh_user", "pk": 70, "fields": {"user": 70, "first_name": "steamed", "last_name": "clavicembalo"}}, {"model": "sh_app.sh_user", "pk": 71, "fields": {"user": 71, "first_name": "tetartohedral", "last_name": "hairlessness"}}, {"model": "sh_app.sh_user", "pk": 72, "fields": {"user": 72, "first_name": "quadragenarian", "last_name": "alap"}}, {"model": "sh_app.sh_user", "pk": 73, "fields": {"user": 73, "first_name": "kindly", "last_name": "gapers"}}, {"model": "sh_app.sh_user", "pk": 74, "fields": {"user": 74, "first_name": "incivil", "last_name": "responsibilities"}}, {"model": "sh_app.sh_user", "pk": 75, "fields": {"user": 75, "first_name": "octopod", "last_name": "critters"}}, {"model": "sh_app.sh_user", "pk": 76, "fields": {"user": 76, "first_name": "benthonic", "last_name": "paints"}}, {"model": "sh_app.sh_user", "pk": 77, "fields": {"user": 77, "first_name": "heavy", "last_name": "misanthrope"}}, {"model": "sh_app.sh_user", "pk": 78, "fields": {"user": 78, "first_name": "wicker", "last_name": "verbosity"}}, {"model": "sh_app.sh_user", "pk": 79, "fields": {"user": 79, "first_name": "rightful", "last_name": "cyclamate"}}, {"model": "sh_app.sh_user", "pk": 80, "fields": {"user": 80, "first_name": "vitelline", "last_name": "alluviums"}}, {"model": "sh_app.sh_user", "pk": 81, "fields": {"user": 81, "first_name": "open-letter", "last_name": "shanty"}}, {"model": "sh_app.sh_user", "pk": 82, "fields": {"user": 82, "first_name": "misunderstood", "last_name": "Cynthia"}}, {"model": "sh_app.sh_user", "pk": 83, "fields": {"user": 83, "first_name": "spread", "last_name": "insulin"}}, {"model": "sh_app.sh_user", "pk": 84, "fields": {"user": 84, "first_name": "storeyed", "last_name": "self-denial"}}, {"model": "sh_app.sh_user", "pk": 85, "fields": {"user": 85, "first_name": "agraphic", "last_name": "dipnoans"}}, {"model": "sh_app.sh_user", "pk": 86, "fields": {"user": 86, "first_name": "unjoyful", "last_name": "brew"}}, {"model": "sh_app.sh_user", "pk": 87, "fields": {"user": 87, "first_name": "aghast", "last_name": "endodermis"}}, {"model": "sh_app.sh_user", "pk": 88, "fields": {"user": 88, "first_name": "unequalled", "last_name": "wagonage"}}, {"model": "sh_app.sh_user", "pk": 89, "fields": {"user": 89, "first_name": "slimed", "last_name": "evilness"}}, {"model": "sh_app.sh_user", "pk": 90, "fields": {"user": 90, "first_name": "miffed", "last_name": "obstruction"}}, {"model": "sh_app.sh_user", "pk": 91, "fields": {"user": 91, "first_name": "equipotent", "last_name": "scunners"}}, {"model": "sh_app.sh_user", "pk": 92, "fields": {"user": 92, "first_name": "emptied", "last_name": "Chanukah"}}, {"model": "sh_app.sh_user", "pk": 93, "fields": {"user": 93, "first_name": "moveable", "last_name": "turd"}}, {"model": "sh_app.sh_user", "pk": 94, "fields": {"user": 94, "first_name": "heptasyllabic", "last_name": "moisteners"}}, {"model": "sh_app.sh_user", "pk": 95, "fields": {"user": 95, "first_name": "go-to-meeting", "last_name": "malvas"}}, {"model": "sh_app.sh_user", "pk": 96, "fields": {"user": 96, "first_name": "conjecturable", "last_name": "settlings"}}, {"model": "sh_app.sh_user", "pk": 97, "fields": {"user": 97, "first_name": "funnier", "last_name": "ceratopsian"}}, {"model": "sh_app.sh_user", "pk": 98, "fields": {"user": 98, "first_name": "floatiest", "last_name": "lathyrus"}}, {"model": "sh_app.sh_user", "pk": 99, "fields": {"user": 99, "first_name": "three-quarter", "last_name": "intruders"}}, {"model": "sh_app.sh_user", "pk": 100, "fields": {"user": 101, "first_name": "sadas", "last_name": "asda"}}]