[{"model": "contenttypes.contenttype", "pk": 1, "fields": {"app_label": "admin", "model": "logentry"}}, {"model": "contenttypes.contenttype", "pk": 2, "fields": {"app_label": "auth", "model": "permission"}}, {"model": "contenttypes.contenttype", "pk": 3, "fields": {"app_label": "auth", "model": "group"}}, {"model": "contenttypes.contenttype", "pk": 4, "fields": {"app_label": "auth", "model": "user"}}, {"model": "contenttypes.contenttype", "pk": 5, "fields": {"app_label": "contenttypes", "model": "contenttype"}}, {"model": "contenttypes.contenttype", "pk": 6, "fields": {"app_label": "sessions", "model": "session"}}, {"model": "contenttypes.contenttype", "pk": 7, "fields": {"app_label": "sh_app", "model": "sh_user"}}, {"model": "contenttypes.contenttype", "pk": 8, "fields": {"app_label": "sh_app", "model": "league"}}, {"model": "contenttypes.contenttype", "pk": 9, "fields": {"app_label": "sh_app", "model": "huddle"}}, {"model": "contenttypes.contenttype", "pk": 10, "fields": {"app_label": "sh_app", "model": "suggestion"}}, {"model": "sessions.session", "pk": "4uz2hbwvu0gku6b79lgx37bnioqsh5fu", "fields": {"session_data": "NjgyM2Y3YTZjYTYzNzY5YmFkZjA2MzU0MmUxNWY5ZGJmODVlNGZlMzp7Il9hdXRoX3VzZXJfYmFja2VuZCI6ImRqYW5nby5jb250cmliLmF1dGguYmFja2VuZHMuTW9kZWxCYWNrZW5kIiwiX2F1dGhfdXNlcl9oYXNoIjoiZWNkOGNlMWUwNTgyMWIyNGI3YjY2Y2IzZTM5NmRmYWJiODY3MDA1YSIsIl9hdXRoX3VzZXJfaWQiOiI5OSJ9", "expire_date": "2016-05-28T01:46:12.182Z"}}, {"model": "sh_app.league", "pk": 1, "fields": {"name": "The strip zamangs", "description": "", "country": "AD", "city": "", "state": null, "date_created": "2016-05-14T01:42:47.273Z", "is_private": false, "head_official": 78, "officials": [37, 58, 78, 88], "members": [13, 37, 46, 56, 58, 62, 78, 79, 81, 86, 88]}}, {"model": "sh_app.league", "pk": 2, "fields": {"name": "The prebendal impugnments", "description": "", "country": "ET", "city": "", "state": null, "date_created": "2016-05-14T01:42:47.531Z", "is_private": false, "head_official": 48, "officials": [16, 23, 48, 88], "members": [6, 11, 16, 17, 23, 41, 48, 71, 74, 88, 97]}}, {"model": "sh_app.league", "pk": 3, "fields": {"name": "The inadequate assorters", "description": "", "country": "PT", "city": "", "state": null, "date_created": "2016-05-14T01:42:47.746Z", "is_private": false, "head_official": 97, "officials": [1, 3, 58, 97], "members": [1, 3, 13, 58, 72, 73, 80, 85, 86, 93, 97]}}, {"model": "sh_app.league", "pk": 4, "fields": {"name": "The unlaid parliaments", "description": "", "country": "BF", "city": "", "state": null, "date_created": "2016-05-14T01:42:47.987Z", "is_private": false, "head_official": 90, "officials": [2, 29, 90, 96], "members": [2, 9, 10, 11, 23, 29, 39, 69, 72, 90, 96]}}, {"model": "sh_app.league", "pk": 5, "fields": {"name": "The stylar nursers", "description": "", "country": "UZ", "city": "", "state": null, "date_created": "2016-05-14T01:42:48.184Z", "is_private": false, "head_official": 88, "officials": [43, 59, 88, 96], "members": [2, 41, 43, 52, 59, 62, 83, 84, 88, 90, 96]}}, {"model": "sh_app.league", "pk": 6, "fields": {"name": "The stigmatic importunitys", "description": "", "country": "TC", "city": "", "state": null, "date_created": "2016-05-14T01:42:48.350Z", "is_private": false, "head_official": 78, "officials": [39, 67, 73, 78], "members": [2, 25, 30, 33, 39, 50, 61, 67, 71, 73, 78]}}, {"model": "sh_app.league", "pk": 7, "fields": {"name": "The voiced authoresss", "description": "", "country": "TZ", "city": "", "state": null, "date_created": "2016-05-14T01:42:48.507Z", "is_private": false, "head_official": 21, "officials": [2, 7, 9, 21], "members": [2, 7, 9, 21, 43, 44, 45, 46, 50, 57, 73]}}, {"model": "sh_app.league", "pk": 8, "fields": {"name": "The repent superordinatess", "description": "", "country": "SL", "city": "", "state": null, "date_created": "2016-05-14T01:42:48.655Z", "is_private": false, "head_official": 87, "officials": [4, 16, 18, 87], "members": [4, 8, 16, 18, 34, 35, 59, 72, 81, 87, 94]}}, {"model": "sh_app.league", "pk": 9, "fields": {"name": "The wackiest myocardiums", "description": "", "country": "BJ", "city": "", "state": null, "date_created": "2016-05-14T01:42:48.794Z", "is_private": false, "head_official": 89, "officials": [18, 39, 82, 89], "members": [5, 9, 16, 18, 22, 39, 59, 78, 79, 82, 89]}}, {"model": "sh_app.huddle", "pk": 1, "fields": {"name": "cryptocrystallineVenus's-flytraps", "address": "518 dovecote Road", "date": "2016-04-29T01:43:00.809Z", "description": "yet not\nalteration. The square, for instance, if a gnomon is applied to it,\nundergoes increase but not alteration, and so it is with all other\nfigures of this s", "league": 1, "experts": [37, 58, 78], "attendants": [13, 62]}}, {"model": "sh_app.huddle", "pk": 2, "fields": {"name": "homoiothermaluvarovites", "address": "551 vexillaries Road", "date": "2016-04-25T01:43:00.875Z", "description": "ngs are substances, and it is\npossible to know their essential character definitely, but it does not\nnecessarily follow that we should know that to which they a", "league": 1, "experts": [37, 78, 88], "attendants": []}}, {"model": "sh_app.huddle", "pk": 3, "fields": {"name": "throatierbirderss", "address": "122 explosion Avenue", "date": "2016-05-08T01:43:00.919Z", "description": "e is not said to\nbe more truly time than another. Nor is there any other kind of\nquantity, of all that have been mentioned, with regard to which\nvariation of de", "league": 1, "experts": [37, 58, 78], "attendants": [78]}}, {"model": "sh_app.huddle", "pk": 4, "fields": {"name": "trigeminalhalides", "address": "488 voltameter Street", "date": "2016-05-20T01:43:00.967Z", "description": " is the double. For if there is nothing definite of which he\nknows it to be the double, he does not know at all that it is\ndouble. Again, if he knows that a thi", "league": 1, "experts": [37, 58, 78], "attendants": [58]}}, {"model": "sh_app.huddle", "pk": 5, "fields": {"name": "pigheadeduroliths", "address": "578 Ariane Avenue", "date": "2016-05-31T01:43:01.006Z", "description": "bad must be\neither good or bad. These pairs of contraries have intermediates:\nthe intermediates between white and black are grey, sallow, and all\nthe other colo", "league": 1, "experts": [58, 78, 88], "attendants": [78]}}, {"model": "sh_app.huddle", "pk": 6, "fields": {"name": "classifiedlimiterss", "address": "558 festers Street", "date": "2016-05-25T01:43:01.044Z", "description": "not one and single as a primary substance is;\nthe words 'man', 'animal', are predicable of more than one subject.\n\n  Yet species and genus do not merely indicat", "league": 1, "experts": [37, 58, 88], "attendants": [37, 88]}}, {"model": "sh_app.huddle", "pk": 7, "fields": {"name": "suppletoryscopulass", "address": "610 marquetry Drive", "date": "2016-05-31T01:43:01.086Z", "description": "he object may nevertheless quite\nwell exist. Thus, in the case of the squaring of the circle, if indeed\nthat process is an object of knowledge, though it itself", "league": 1, "experts": [58, 78, 88], "attendants": []}}, {"model": "sh_app.huddle", "pk": 8, "fields": {"name": "dovetailedpromontoriess", "address": "546 palsgravine Street", "date": "2016-05-26T01:43:01.130Z", "description": "\n'prior' to 'two'. For if 'two' exists, it follows directly that\n'one' must exist, but if 'one' exists, it does not follow\nnecessarily that 'two' exists: thus t", "league": 1, "experts": [58, 78, 88], "attendants": [58, 78]}}, {"model": "sh_app.huddle", "pk": 9, "fields": {"name": "struthioustautologiess", "address": "278 Cainite Avenue", "date": "2016-06-03T01:43:01.179Z", "description": "is is true with regard to all those\nqualities which are dispositions. There are some, indeed, who\ndispute the possibility of variation here. They maintain that\n", "league": 1, "experts": [37, 78, 88], "attendants": []}}, {"model": "sh_app.huddle", "pk": 10, "fields": {"name": "self-sustainedpteranodons", "address": "298 basses Road", "date": "2016-05-18T01:43:01.219Z", "description": "ive thing, he will also definitely apprehend that to which it\nis relative. Indeed this is self-evident: for if a man knows that some\nparticular thing is relativ", "league": 1, "experts": [37, 58, 78], "attendants": [13]}}, {"model": "sh_app.huddle", "pk": 11, "fields": {"name": "identifiedsnootinesss", "address": "874 Pissarro Street", "date": "2016-05-10T01:43:01.257Z", "description": "s not correctly termed, then, when all other\nattributes are removed and that alone is left in virtue of which it\nwas stated to be correlative, the stated correl", "league": 2, "experts": [16, 23, 48], "attendants": []}}, {"model": "sh_app.huddle", "pk": 12, "fields": {"name": "furryphosphoruss", "address": "76 vital Street", "date": "2016-05-18T01:43:01.298Z", "description": "dual at the same time, both these contraries could not exist\nat once: for if that Socrates was well was a fact, then that\nSocrates was ill could not possibly be", "league": 2, "experts": [23, 48, 88], "attendants": [88]}}, {"model": "sh_app.huddle", "pk": 13, "fields": {"name": "isolatedbrachycephalics", "address": "828 seeings Road", "date": "2016-05-31T01:43:01.336Z", "description": " as a primary substance is;\nthe words 'man', 'animal', are predicable of more than one subject.\n\n  Yet species and genus do not merely indicate quality, like th", "league": 2, "experts": [23, 48, 88], "attendants": [41, 97]}}, {"model": "sh_app.huddle", "pk": 14, "fields": {"name": "insurableinvariablenesss", "address": "638 ordinances Avenue", "date": "2016-05-04T01:43:01.377Z", "description": " unlikeness can be predicated\nwith reference to quality only, gives to that category its distinctive\nfeature. One thing is like another only with reference to t", "league": 2, "experts": [23, 48, 88], "attendants": [17, 23, 71, 74]}}, {"model": "sh_app.huddle", "pk": 15, "fields": {"name": "glossarialchaperonss", "address": "971 magnolia Street", "date": "2016-04-27T01:43:01.420Z", "description": "ve as\n'coming first' with them. This sense of the word is perhaps the most\nfar-fetched.\n\n  Such, then, are the different senses in which the term 'prior' is\nuse", "league": 2, "experts": [16, 48, 88], "attendants": []}}, {"model": "sh_app.huddle", "pk": 16, "fields": {"name": "tamestaliyahs", "address": "229 stigmatisation Avenue", "date": "2016-05-01T01:43:01.465Z", "description": " is a half, there is also a double,\nwhile at the same time neither is the cause of the being of the other.\n\n  Again, those species which are distinguished one f", "league": 2, "experts": [23, 48, 88], "attendants": []}}, {"model": "sh_app.huddle", "pk": 17, "fields": {"name": "geomorphologicrepechages", "address": "175 California Avenue", "date": "2016-05-11T01:43:01.505Z", "description": "ascible in virtue of these. Similarly those abnormal\npsychic states which are not inborn, but arise from the concomitance\nof certain other elements, and are dif", "league": 2, "experts": [16, 23, 88], "attendants": [6]}}, {"model": "sh_app.huddle", "pk": 18, "fields": {"name": "mandiblefetichisms", "address": "155 blackwater Avenue", "date": "2016-05-15T01:43:01.542Z", "description": "r false. For if Socrates exists, one will be true and the other\nfalse, but if he does not exist, both will be false; for neither\n'Socrates is ill' nor 'Socrates", "league": 2, "experts": [16, 48, 88], "attendants": []}}, {"model": "sh_app.huddle", "pk": 19, "fields": {"name": "strong-mindedsateenss", "address": "62 Camemberts Drive", "date": "2016-04-26T01:43:01.582Z", "description": "positions; in reading and writing, the letters of the alphabet\nare prior to the syllables. Similarly, in the case of speeches, the\nexordium is prior in order to", "league": 2, "experts": [16, 48, 88], "attendants": [41, 74]}}, {"model": "sh_app.huddle", "pk": 20, "fields": {"name": "provedreconnoitres", "address": "826 canasta Road", "date": "2016-05-07T01:43:01.634Z", "description": "he was animal, for the\nformer description is peculiar to the individual in a greater\ndegree, while the latter is too general. Again, the man who gives an\naccoun", "league": 2, "experts": [16, 23, 88], "attendants": [74]}}, {"model": "sh_app.huddle", "pk": 21, "fields": {"name": "bowedspiremes", "address": "52 agglomerate Street", "date": "2016-05-02T01:43:01.673Z", "description": "n\nanimal, his definition in the one case will be appropriate to that\ncase only.\n\n  On the other hand, things are said to be named 'univocally' which\nhave both t", "league": 3, "experts": [1, 3, 58], "attendants": [13]}}, {"model": "sh_app.huddle", "pk": 22, "fields": {"name": "clasticbiologys", "address": "532 archaist Avenue", "date": "2016-05-04T01:43:01.716Z", "description": ", if 'blindness' were equivalent to\n'being blind', both would be predicated of the same subject; but\nthough a man is said to be blind, he is by no means said to", "league": 3, "experts": [3, 58, 97], "attendants": [58]}}, {"model": "sh_app.huddle", "pk": 23, "fields": {"name": "knowablebibliopolistss", "address": "466 silesia Drive", "date": "2016-05-14T01:43:01.759Z", "description": "ree cubits long', of quality, such attributes as 'white',\n'grammatical'. 'Double', 'half', 'greater', fall under the category of\nrelation; 'in a the market plac", "league": 3, "experts": [1, 58, 97], "attendants": []}}, {"model": "sh_app.huddle", "pk": 24, "fields": {"name": "strayingbilliardss", "address": "184 fecundities Avenue", "date": "2016-05-14T01:43:01.796Z", "description": " predicated of a subject; while, with regard to secondary\nsubstances, it is clear from the following arguments (apart from\nothers) that they are not present in ", "league": 3, "experts": [1, 58, 97], "attendants": []}}, {"model": "sh_app.huddle", "pk": 25, "fields": {"name": "unstinteddreaminesss", "address": "313 quiets Drive", "date": "2016-05-08T01:43:01.836Z", "description": "her time or than\nsome other man. One man cannot be more man than another, as that which\nis white may be more or less white than some other white object, or as\nt", "league": 3, "experts": [1, 3, 97], "attendants": []}}, {"model": "sh_app.huddle", "pk": 26, "fields": {"name": "unsquaredskateboardings", "address": "735 mediations Drive", "date": "2016-05-24T01:43:01.880Z", "description": "genus to which the primary\nsubstance belongs, on the one hand, and every attribute which is not\nincluded within these, on the other. For these are the subjects ", "league": 3, "experts": [1, 58, 97], "attendants": [97]}}, {"model": "sh_app.huddle", "pk": 27, "fields": {"name": "puberulenthajjs", "address": "311 estray Avenue", "date": "2016-05-07T01:43:01.923Z", "description": "re habits, for knowledge, even when\nacquired only in a moderate degree, is, it is agreed, abiding in its\ncharacter and difficult to displace, unless some great ", "league": 3, "experts": [1, 58, 97], "attendants": [80]}}, {"model": "sh_app.huddle", "pk": 28, "fields": {"name": "gruffrisottos", "address": "944 catenane Drive", "date": "2016-05-23T01:43:01.963Z", "description": "r progress than he has made in the\npast; and as this process goes on, it will change him completely and\nestablish him in the contrary state, provided he is not ", "league": 3, "experts": [3, 58, 97], "attendants": [3]}}, {"model": "sh_app.huddle", "pk": 29, "fields": {"name": "electrometricalambiences", "address": "564 treadles Avenue", "date": "2016-05-12T01:43:02.000Z", "description": " to contraries by 'bad'\nand 'good'. Opposites in the sense of 'privatives' and 'positives'\nare' blindness' and 'sight'; in the sense of affirmatives and\nnegativ", "league": 3, "experts": [1, 3, 58], "attendants": []}}, {"model": "sh_app.huddle", "pk": 30, "fields": {"name": "dutchsextants", "address": "858 agapanthuses Avenue", "date": "2016-05-29T01:43:02.041Z", "description": " So it is with every other relative term; but the case we use to\nexpress the correlation differs in some instances. Thus, by\nknowledge we mean knowledge the kno", "league": 3, "experts": [1, 3, 58], "attendants": [80, 86]}}, {"model": "sh_app.huddle", "pk": 31, "fields": {"name": "platyrrhinianclackers", "address": "227 mestees Drive", "date": "2016-04-24T01:43:02.083Z", "description": "\ngrammarian derives his name from the word 'grammar', and the\ncourageous man from the word 'courage'.\n\n                                 2\n\n  Forms of speech are", "league": 4, "experts": [2, 90, 96], "attendants": []}}, {"model": "sh_app.huddle", "pk": 32, "fields": {"name": "sentimentalfiloselless", "address": "349 pogies Street", "date": "2016-04-30T01:43:02.126Z", "description": "g turns white,\nthere will be white, but no black. Again, since the fact that Socrates\nis ill is the contrary of the fact that Socrates is well, and two\ncontrary", "league": 4, "experts": [2, 90, 96], "attendants": [2]}}, {"model": "sh_app.huddle", "pk": 33, "fields": {"name": "Sufisticnonjurorss", "address": "885 emphasises Avenue", "date": "2016-05-30T01:43:02.168Z", "description": "essary that either the one or the other should be\npresent in every appropriate subject, but only that in certain\nsubjects one of the pair should be present, and", "league": 4, "experts": [2, 29, 96], "attendants": []}}, {"model": "sh_app.huddle", "pk": 34, "fields": {"name": "sarmentoseAhrimans", "address": "107 accidentalism Street", "date": "2016-04-28T01:43:02.212Z", "description": "bject, it is generally the case that neither their name nor\ntheir definition is predicable of that in which they are present.\nThough, however, the definition is", "league": 4, "experts": [29, 90, 96], "attendants": [39, 90]}}, {"model": "sh_app.huddle", "pk": 35, "fields": {"name": "dutchemphatics", "address": "227 bakeries Avenue", "date": "2016-05-07T01:43:02.256Z", "description": "t any boundary. Nor, to generalize, would it ever be\npossible in the case of number that there should be a common\nboundary among the parts; they are always sepa", "league": 4, "experts": [2, 29, 96], "attendants": [10]}}, {"model": "sh_app.huddle", "pk": 36, "fields": {"name": "midshipsclickerss", "address": "371 statoliths Street", "date": "2016-05-26T01:43:02.300Z", "description": " or anything of that sort,\nis not reciprocally connected with that in relation to which it is\ndefined, for the statement is not exact. Further, if one thing is ", "league": 4, "experts": [2, 90, 96], "attendants": [2]}}, {"model": "sh_app.huddle", "pk": 37, "fields": {"name": "gimlet-eyedlinkboys", "address": "390 allurement Drive", "date": "2016-05-12T01:43:02.341Z", "description": "r to neither is the definition of the circle appropriate.\nIn short, if the definition of the term proposed is not applicable\nto both objects, they cannot be com", "league": 4, "experts": [2, 29, 90], "attendants": [10, 11, 96]}}, {"model": "sh_app.huddle", "pk": 38, "fields": {"name": "eighteenthinscrutablenesss", "address": "642 mordacities Avenue", "date": "2016-05-20T01:43:02.378Z", "description": "es which underlie every.\nelse, and that everything else is either predicated of them or present\nin them. Now the same relation which subsists between primary\nsu", "league": 4, "experts": [2, 29, 96], "attendants": [10, 69]}}, {"model": "sh_app.huddle", "pk": 39, "fields": {"name": "whiskeredbutterfliess", "address": "595 fumatoriums Street", "date": "2016-05-31T01:43:02.423Z", "description": " the being of the genus 'animal', it\ndoes not follow necessarily that there will be the species\n'water-animal'.\n\n  Those things, therefore, are said to be 'simu", "league": 4, "experts": [2, 90, 96], "attendants": [11]}}, {"model": "sh_app.huddle", "pk": 40, "fields": {"name": "containerizedancestressess", "address": "139 posers Street", "date": "2016-04-27T01:43:02.468Z", "description": "w name, and apply it to that with which the\nfirst is reciprocally connected, as in the aforesaid instances, when\nwe derived the word 'winged' from 'wing' and fr", "league": 4, "experts": [2, 29, 90], "attendants": []}}, {"model": "sh_app.huddle", "pk": 41, "fields": {"name": "unspottedgodwitss", "address": "713 tushery Road", "date": "2016-05-01T01:43:02.508Z", "description": " it itself exists as\nan object of knowledge, yet the knowledge of it has not yet come\ninto existence. Again, if all animals ceased to exist, there would\nbe no k", "league": 5, "experts": [43, 88, 96], "attendants": [62]}}, {"model": "sh_app.huddle", "pk": 42, "fields": {"name": "archaicApollinariss", "address": "97 gerbil Avenue", "date": "2016-06-03T01:43:02.550Z", "description": "ition\neach to each, or of parts which do not. The parts of a line bear a\nrelative position to each other, for each lies somewhere, and it would\nbe possible to d", "league": 5, "experts": [59, 88, 96], "attendants": [83]}}, {"model": "sh_app.huddle", "pk": 43, "fields": {"name": "out-of-dategrapefruitss", "address": "815 Leila Avenue", "date": "2016-05-27T01:43:02.590Z", "description": "es have no contraries. In the case of definite quantities\nthis is obvious; thus, there is nothing that is the contrary of 'two\ncubits long' or of 'three cubits ", "league": 5, "experts": [43, 59, 96], "attendants": [43, 96]}}, {"model": "sh_app.huddle", "pk": 44, "fields": {"name": "unshodoligopolys", "address": "543 example Road", "date": "2016-05-02T01:43:02.631Z", "description": "ual. Similarly the differentiae are predicated of the\nspecies and of the individuals. Moreover, the definition of the\nspecies and that of the genus are applicab", "league": 5, "experts": [43, 59, 88], "attendants": []}}, {"model": "sh_app.huddle", "pk": 45, "fields": {"name": "rampantcross-questionss", "address": "459 bigness Avenue", "date": "2016-04-30T01:43:02.672Z", "description": "alities. In short, there is nothing which can\nalter the nature of statements and opinions. As, then, no change takes\nplace in themselves, these cannot be said t", "league": 5, "experts": [43, 59, 88], "attendants": []}}, {"model": "sh_app.huddle", "pk": 46, "fields": {"name": "disturbedAllies", "address": "650 ratite Street", "date": "2016-05-28T01:43:02.710Z", "description": "d, with regard to which\nvariation of degree can be predicated. The category of quantity,\ntherefore, does not admit of variation of degree.\n\n  The most distincti", "league": 5, "experts": [43, 59, 88], "attendants": [96]}}, {"model": "sh_app.huddle", "pk": 47, "fields": {"name": "overproudBakelites", "address": "122 changers Drive", "date": "2016-04-24T01:43:02.752Z", "description": "ive position each to each, or a particular\nposition, or to state what parts were contiguous. Nor could this be\ndone in the case of time, for none of the parts o", "league": 5, "experts": [43, 59, 88], "attendants": [83, 96]}}, {"model": "sh_app.huddle", "pk": 48, "fields": {"name": "up-marketinnovators", "address": "76 Anglesey Avenue", "date": "2016-05-07T01:43:02.791Z", "description": "trary\nof becoming black; there is alteration in the contrary direction,\nsince a change of a qualitative nature takes place.\n\n                                 15", "league": 5, "experts": [43, 88, 96], "attendants": []}}, {"model": "sh_app.huddle", "pk": 49, "fields": {"name": "cheerlesshorsemeats", "address": "249 steeples Road", "date": "2016-05-30T01:43:02.840Z", "description": "sent in every subject\nreceptive of these qualities, but only in that subject of which the\none forms a constitutive property. Moreover, in such cases it is one\nm", "league": 5, "experts": [43, 59, 96], "attendants": [43, 62, 83]}}, {"model": "sh_app.huddle", "pk": 50, "fields": {"name": "latitudinarianshow-offss", "address": "141 Giacometti Drive", "date": "2016-04-29T01:43:02.884Z", "description": "ay be predicated of that of which the\ndifferentia itself is predicated. For instance, if the\ncharacteristic 'terrestrial' is predicated of the species 'man', th", "league": 5, "experts": [43, 88, 96], "attendants": [59]}}, {"model": "sh_app.huddle", "pk": 51, "fields": {"name": "barrelledprintss", "address": "21 siliqua Road", "date": "2016-05-30T01:43:02.936Z", "description": "atives and\nnegatives, the propositions 'he sits', 'he does not sit'.\n\n  (i) Pairs of opposites which fall under the category of relation are\nexplained by a refe", "league": 6, "experts": [67, 73, 78], "attendants": [50]}}, {"model": "sh_app.huddle", "pk": 52, "fields": {"name": "trial-and-errorelectrochemistss", "address": "994 coalition Drive", "date": "2016-05-16T01:43:02.983Z", "description": "', 'justice', give us\nthe adjectives 'white', 'grammatical', 'just', and so on.\n\n  There are some cases, however, in which, as the quality under\nconsideration h", "league": 6, "experts": [67, 73, 78], "attendants": []}}, {"model": "sh_app.huddle", "pk": 53, "fields": {"name": "ferociouscymatiums", "address": "588 lugworm Drive", "date": "2016-05-19T01:43:03.030Z", "description": "not used as indicating that those\nthings which admit these qualities are affected in any way. Honey is\nnot called sweet because it is affected in a specific way", "league": 6, "experts": [39, 67, 78], "attendants": []}}, {"model": "sh_app.huddle", "pk": 54, "fields": {"name": "gamyPaharis", "address": "143 undresses Avenue", "date": "2016-04-30T01:43:03.072Z", "description": "e should once improve, even ever so little, it is plain that\nhe might change completely, or at any rate make very great progress;\nfor a man becomes more and mor", "league": 6, "experts": [39, 73, 78], "attendants": [25, 33, 50]}}, {"model": "sh_app.huddle", "pk": 55, "fields": {"name": "resemblantsmotherss", "address": "174 bedtimes Drive", "date": "2016-05-30T01:43:03.116Z", "description": "ge itself, for\nit is usually the case that we acquire knowledge of objects already\nexisting; it would be difficult, if not impossible, to find a branch\nof knowl", "league": 6, "experts": [39, 73, 78], "attendants": []}}, {"model": "sh_app.huddle", "pk": 56, "fields": {"name": "talkingshellackings", "address": "451 Muhammadans Avenue", "date": "2016-05-29T01:43:03.159Z", "description": "contrary of health is disease, of courage, cowardice, and so on. But\nthe contrary of an evil is sometimes a good, sometimes an evil. For\ndefect, which is an evi", "league": 6, "experts": [67, 73, 78], "attendants": [73]}}, {"model": "sh_app.huddle", "pk": 57, "fields": {"name": "quodlibeticgraderss", "address": "675 mobiliser Avenue", "date": "2016-05-10T01:43:03.202Z", "description": "or to\nsee. Thus 'positives' and 'privatives' do not belong to that class\nof contraries which consists of those which have no intermediate. On\nthe other hand, th", "league": 6, "experts": [39, 73, 78], "attendants": []}}, {"model": "sh_app.huddle", "pk": 58, "fields": {"name": "libellousadults", "address": "718 ignitibility Avenue", "date": "2016-04-28T01:43:03.243Z", "description": "r predicated of primary substances, or is present in them, and if\nthese last did not exist, it would be impossible for anything else\nto exist.\n\n  Of secondary s", "league": 6, "experts": [39, 67, 78], "attendants": []}}, {"model": "sh_app.huddle", "pk": 59, "fields": {"name": "isothermalgasolenes", "address": "687 shorthand Drive", "date": "2016-05-11T01:43:03.283Z", "description": "s most easily comprehend that to which a thing\nis related, when a name does not exist, if, from that which has a\nname, we derive a new name, and apply it to tha", "league": 6, "experts": [39, 67, 78], "attendants": [25]}}, {"model": "sh_app.huddle", "pk": 60, "fields": {"name": "unaccommodatedpennyworts", "address": "863 police Drive", "date": "2016-04-25T01:43:03.323Z", "description": "crates is altogether\nnon-existent.\n\n  But in the case of affirmation and negation, whether the subject\nexists or not, one is always false and the other true. Fo", "league": 6, "experts": [39, 67, 73], "attendants": [61]}}, {"model": "sh_app.huddle", "pk": 61, "fields": {"name": "recollectiveslushys", "address": "19 keelsons Road", "date": "2016-05-16T01:43:03.364Z", "description": "anything outside themselves. Wood, again, is only\nrelative in so far as it is some one's property, not in so far as it\nis wood. It is plain, then, that in the c", "league": 7, "experts": [2, 9, 21], "attendants": [44]}}, {"model": "sh_app.huddle", "pk": 62, "fields": {"name": "obligatodisports", "address": "726 pandowdies Street", "date": "2016-05-12T01:43:03.406Z", "description": "d 'integrity'. Yet this does\nnot occur often.\n\n  We may therefore state that those things are said to be possessed of\nsome specific quality which have a name de", "league": 7, "experts": [2, 7, 21], "attendants": [43]}}, {"model": "sh_app.huddle", "pk": 63, "fields": {"name": "shoedwelters", "address": "486 tikes Drive", "date": "2016-05-19T01:43:03.452Z", "description": ", through disease or any such cause. The virtues, also,\nsuch as justice, self-restraint, and so on, are not easily dislodged\nor dismissed, so as to give place t", "league": 7, "experts": [2, 9, 21], "attendants": [7]}}, {"model": "sh_app.huddle", "pk": 64, "fields": {"name": "eliminablewinding-sheets", "address": "432 haircloths Street", "date": "2016-05-15T01:43:03.496Z", "description": "re said to be 'simultaneous' in nature,\nthe being of each of which involves that of the other, while at the\nsame time neither is in any way the cause of the oth", "league": 7, "experts": [2, 7, 21], "attendants": [43]}}, {"model": "sh_app.huddle", "pk": 65, "fields": {"name": "ghastlyrevelationists", "address": "342 components Drive", "date": "2016-05-22T01:43:03.535Z", "description": "le is pronounced, it is not\npossible to retain it, so that, naturally, as the parts do not\nabide, they cannot have position. Thus, some quantities consist of\npa", "league": 7, "experts": [2, 7, 9], "attendants": []}}, {"model": "sh_app.huddle", "pk": 66, "fields": {"name": "causticGillians", "address": "916 allegorizer Street", "date": "2016-05-22T01:43:03.576Z", "description": "he other hand, we mean a condition that is\neasily changed and quickly gives place to its opposite. Thus, heat,\ncold, disease, health, and so on are dispositions", "league": 7, "experts": [2, 7, 21], "attendants": [21, 57]}}, {"model": "sh_app.huddle", "pk": 67, "fields": {"name": "megalomaniacalelectrolytes", "address": "742 Liz Drive", "date": "2016-04-24T01:43:03.615Z", "description": "he pair should be present, and that in a\ndeterminate sense. It is, therefore, plain that 'positives' and\n'privatives' are not opposed each to each in either of ", "league": 7, "experts": [7, 9, 21], "attendants": []}}, {"model": "sh_app.huddle", "pk": 68, "fields": {"name": "exuvialwindow-dressers", "address": "566 Lauretta Drive", "date": "2016-04-28T01:43:03.655Z", "description": "rete quantities are number and speech; of\ncontinuous, lines, surfaces, solids, and, besides these, time and\nplace.\n\n  In the case of the parts of a number, ther", "league": 7, "experts": [2, 7, 9], "attendants": [73]}}, {"model": "sh_app.huddle", "pk": 69, "fields": {"name": "opposingbacklashs", "address": "452 fleecers Street", "date": "2016-05-23T01:43:03.693Z", "description": " and dispositions were\nrelative. In practically all such cases the genus is relative, the\nindividual not. Thus knowledge, as a genus, is explained by\nreference ", "league": 7, "experts": [2, 9, 21], "attendants": []}}, {"model": "sh_app.huddle", "pk": 70, "fields": {"name": "Sarmatiankaless", "address": "470 cams Street", "date": "2016-05-10T01:43:03.735Z", "description": "e contrary direction,\nsince a change of a qualitative nature takes place.\n\n                                 15\n\n  The term 'to have' is used in various senses. ", "league": 7, "experts": [2, 7, 21], "attendants": [43]}}, {"model": "sh_app.huddle", "pk": 71, "fields": {"name": "chunkierpondokkies", "address": "792 snappiness Road", "date": "2016-04-25T01:43:03.775Z", "description": "r: in\ncounting, 'one' is prior to 'two', and 'two' to 'three', and thus\nthe parts of number may be said to possess a relative order, though it\nwould be impossib", "league": 8, "experts": [4, 18, 87], "attendants": []}}, {"model": "sh_app.huddle", "pk": 72, "fields": {"name": "phrasalobstruents", "address": "566 infeasibleness Road", "date": "2016-05-29T01:43:03.815Z", "description": " as an instance the genus 'animal'\nand the genus 'knowledge'. 'With feet', 'two-footed', 'winged',\n'aquatic', are differentiae of 'animal'; the species of knowl", "league": 8, "experts": [4, 16, 87], "attendants": [72, 87]}}, {"model": "sh_app.huddle", "pk": 73, "fields": {"name": "marrowishpeppererss", "address": "272 Schleswig-Holstein Avenue", "date": "2016-04-29T01:43:03.860Z", "description": "plant'.\n\n  Moreover, primary substances are most properly called substances\nin virtue of the fact that they are the entities which underlie every.\nelse, and tha", "league": 8, "experts": [16, 18, 87], "attendants": [4]}}, {"model": "sh_app.huddle", "pk": 74, "fields": {"name": "tenderizedgoshawks", "address": "57 severalty Street", "date": "2016-05-07T01:43:03.903Z", "description": "ain, are predicated of number, and it is\nnecessary that the one or the other should be present in numbers.\nNow there is no intermediate between the terms of eit", "league": 8, "experts": [4, 16, 87], "attendants": [16]}}, {"model": "sh_app.huddle", "pk": 75, "fields": {"name": "asbestousThursdayss", "address": "651 chorals Road", "date": "2016-05-25T01:43:03.942Z", "description": "ification. All relatives have correlatives:\nby the term 'slave' we mean the slave of a master, by the term\n'master', the master of a slave; by 'double', the dou", "league": 8, "experts": [16, 18, 87], "attendants": []}}, {"model": "sh_app.huddle", "pk": 76, "fields": {"name": "Afro-Asiandismantlerss", "address": "181 bookseller Street", "date": "2016-05-04T01:43:03.985Z", "description": "ideration has no name, it is impossible that those possessed of it\nshould have a name that is derivative. For instance, the name given to\nthe runner or boxer, w", "league": 8, "experts": [4, 16, 18], "attendants": [8]}}, {"model": "sh_app.huddle", "pk": 77, "fields": {"name": "whippyjudicatures", "address": "718 seismographers Avenue", "date": "2016-05-10T01:43:04.027Z", "description": "f opposites which are contraries are not in any way\ninterdependent, but are contrary the one to the other. The good is not\nspoken of as the good of the had, but", "league": 8, "experts": [4, 16, 87], "attendants": [94]}}, {"model": "sh_app.huddle", "pk": 78, "fields": {"name": "precociousdredges", "address": "532 herms Drive", "date": "2016-05-21T01:43:04.082Z", "description": "ey are related.\nIt is not possible to know forthwith whose head or hand is meant. Thus\nthese are not relatives, and, this being the case, it would be true to\nsa", "league": 8, "experts": [16, 18, 87], "attendants": [72]}}, {"model": "sh_app.huddle", "pk": 79, "fields": {"name": "delusiveshellbarkss", "address": "230 softball Drive", "date": "2016-06-01T01:43:04.130Z", "description": " indeed do any\nthat have to do with figure. For those things to which the\ndefinition of the triangle or circle is applicable are all equally\ntriangular or circu", "league": 8, "experts": [4, 16, 18], "attendants": []}}, {"model": "sh_app.huddle", "pk": 80, "fields": {"name": "conjugationaljumbalss", "address": "145 unlikeliness Drive", "date": "2016-04-28T01:43:04.180Z", "description": " are distinguished each from each and\nopposed within the same genus. Those things, moreover, are\n'simultaneous' in the unqualified sense of the word which come ", "league": 8, "experts": [4, 16, 87], "attendants": [59, 72, 87, 94]}}, {"model": "sh_app.huddle", "pk": 81, "fields": {"name": "littlestsluicess", "address": "358 chauvinists Avenue", "date": "2016-05-03T01:43:04.249Z", "description": "metimes said to be such and such, are\nthemselves qualities, and are not relative. Further, if anything\nshould happen to fall within both the category of quality", "league": 9, "experts": [18, 39, 82], "attendants": []}}, {"model": "sh_app.huddle", "pk": 82, "fields": {"name": "auditivesongsters", "address": "467 enormousness Drive", "date": "2016-05-27T01:43:04.305Z", "description": "er sorts of quality, but those that are most\nproperly so called have, we may safely say, been enumerated.\n\n  These, then, are qualities, and the things that tak", "league": 9, "experts": [18, 82, 89], "attendants": [9]}}, {"model": "sh_app.huddle", "pk": 83, "fields": {"name": "unslumberingprefigurationss", "address": "524 ellipsoid Road", "date": "2016-05-22T01:43:04.343Z", "description": "his will be evident from particular instances, if we apply\nthe names\nused to denote the other categories; for instance, granted that\njustice is the contrary of ", "league": 9, "experts": [18, 82, 89], "attendants": [89]}}, {"model": "sh_app.huddle", "pk": 84, "fields": {"name": "moonshinyfoveas", "address": "50 climes Drive", "date": "2016-05-30T01:43:04.387Z", "description": "bstance than\nthe genus, being more nearly related to primary substance. For if\nany one should render an account of what a primary substance is, he\nwould render ", "league": 9, "experts": [18, 39, 82], "attendants": []}}, {"model": "sh_app.huddle", "pk": 85, "fields": {"name": "alleviativepsephites", "address": "744 chump Road", "date": "2016-05-24T01:43:04.426Z", "description": "ives and\nnegatives, the propositions 'he sits', 'he does not sit'.\n\n  (i) Pairs of opposites which fall under the category of relation are\nexplained by a refere", "league": 9, "experts": [18, 39, 82], "attendants": [5]}}, {"model": "sh_app.huddle", "pk": 86, "fields": {"name": "suppletivefuddy-duddiess", "address": "783 fragrantness Street", "date": "2016-04-28T01:43:04.468Z", "description": "ve been mentioned.\n\n  That which is not a quantity can by no means, it would seem, be\ntermed equal or unequal to anything else. One particular disposition\nor on", "league": 9, "experts": [18, 82, 89], "attendants": [5, 79]}}, {"model": "sh_app.huddle", "pk": 87, "fields": {"name": "sexcentenaryAnkaras", "address": "696 bedticks Road", "date": "2016-05-04T01:43:04.511Z", "description": "ion of degree.\n\n  The most distinctive mark of quantity is that equality and\ninequality are predicated of it. Each of the aforesaid quantities is\nsaid to be equ", "league": 9, "experts": [18, 82, 89], "attendants": [78, 89]}}, {"model": "sh_app.huddle", "pk": 88, "fields": {"name": "prearrangedocciputs", "address": "80 shooter Street", "date": "2016-04-24T01:43:04.550Z", "description": "names\nused to denote the other categories; for instance, granted that\njustice is the contrary of injustice and justice is a quality,\ninjustice will also be a qu", "league": 9, "experts": [18, 39, 82], "attendants": []}}, {"model": "sh_app.huddle", "pk": 89, "fields": {"name": "interbredwrackss", "address": "816 adagio Road", "date": "2016-05-08T01:43:04.591Z", "description": "traries have an\nintermediate in the case of which the said necessity does not\nobtain. Yet when one of the two contraries is a constitutive\nproperty of the subje", "league": 9, "experts": [18, 39, 89], "attendants": [5, 39]}}, {"model": "sh_app.huddle", "pk": 90, "fields": {"name": "preliminarynomographerss", "address": "462 appointees Road", "date": "2016-05-07T01:43:04.641Z", "description": "g disease or sunburn, and are\ndifficult to remove, or indeed remain throughout life. For in the same\nway we are said to be such and such because of these.\n\n  Th", "league": 9, "experts": [39, 82, 89], "attendants": [82]}}, {"model": "sh_app.suggestion", "pk": 1, "fields": {"name": "untimbered normalization blackbirdings\n", "description": ". It is to be noted that lying and standing and sitting are\nparticular attitudes, but attitude is itself a relative term. To\nlie, to stand, to be seated, are not themselves attitudes, but take\ntheir n", "is_accepted": false, "is_achieved": false, "voting_starts": "2016-05-05T01:42:50.503Z", "voting_ends": "2016-05-12T01:42:50.503Z", "suggested_by": 56, "league": 1, "upvotes": [13, 46, 56, 78, 79, 86], "downvotes": [37, 81, 88]}}, {"model": "sh_app.suggestion", "pk": 2, "fields": {"name": "wintry rectorials dribbles\n", "description": "acity,\nis not derived from that of any quality; for lob those capacities have\nno name assigned to them. In this, the inborn capacity is distinct\nfrom the science, with reference to which men are calle", "is_accepted": false, "is_achieved": false, "voting_starts": "2016-05-14T01:42:50.527Z", "voting_ends": "2016-05-23T01:42:50.527Z", "suggested_by": 78, "league": 1, "upvotes": [13, 37, 62, 81, 86, 88], "downvotes": [46, 58, 78]}}, {"model": "sh_app.suggestion", "pk": 3, "fields": {"name": "pedimented Nynorsk inqilabs\n", "description": " true, yet, when the person\nin question has risen, the same statement will be false. The same\napplies to opinions. For if any one thinks truly that a person is\nsitting, yet, when that person has risen", "is_accepted": false, "is_achieved": false, "voting_starts": "2016-05-13T01:42:50.545Z", "voting_ends": "2016-05-15T01:42:50.545Z", "suggested_by": 81, "league": 1, "upvotes": [56, 78, 81], "downvotes": [46, 58, 62]}}, {"model": "sh_app.suggestion", "pk": 4, "fields": {"name": "insensitive expectorants floorcloth\n", "description": "irmation and denial, for\nin this case also the type of antithesis is the same. For as the\naffirmation is opposed to the denial, as in the two propositions 'he\nsits', 'he does not sit', so also the fac", "is_accepted": false, "is_achieved": false, "voting_starts": "2016-05-11T01:42:50.562Z", "voting_ends": "2016-05-17T01:42:50.562Z", "suggested_by": 58, "league": 1, "upvotes": [46, 58, 88], "downvotes": [13, 56, 62, 78, 79]}}, {"model": "sh_app.suggestion", "pk": 5, "fields": {"name": "subcaliber abalones doxology\n", "description": "                  CATEGORIES\n\n                                  by Aristotle\n\n                          translated by E. M. Edghill\n\n                                 1\n\n  Things are said to be named '", "is_accepted": false, "is_achieved": false, "voting_starts": "2016-05-08T01:42:50.583Z", "voting_ends": "2016-05-18T01:42:50.583Z", "suggested_by": 81, "league": 1, "upvotes": [13, 56, 78], "downvotes": [88, 37, 81, 46, 79, 58, 62]}}, {"model": "sh_app.suggestion", "pk": 6, "fields": {"name": "criminal windcheaters flow-ons\n", "description": "or it is not\nnecessary that a subject receptive of the qualities should always have\neither the one or the other; that which has not yet advanced to the\nstate when sight is natural is not said either t", "is_accepted": false, "is_achieved": false, "voting_starts": "2016-05-04T01:42:50.599Z", "voting_ends": "2016-05-14T01:42:50.599Z", "suggested_by": 86, "league": 1, "upvotes": [13, 46, 78, 79, 81, 86], "downvotes": [37, 56, 88]}}, {"model": "sh_app.suggestion", "pk": 7, "fields": {"name": "wombed convoy zaire\n", "description": "ect. Thus, sight and blindness have reference to the eye. It is\na universal rule that each of a pair of opposites of this type has\nreference to that to which the particular 'positive' is natural. We\ns", "is_accepted": false, "is_achieved": false, "voting_starts": "2016-05-04T01:42:50.617Z", "voting_ends": "2016-05-06T01:42:50.617Z", "suggested_by": 13, "league": 1, "upvotes": [37, 46, 56, 62, 88], "downvotes": [13, 78, 79, 81, 86]}}, {"model": "sh_app.suggestion", "pk": 8, "fields": {"name": "boxed rhine renounce\n", "description": " if it is substance, more or less what it is. Substance,\nthen, does not admit of variation of degree.\n\n  The most distinctive mark of substance appears to be that, while\nremaining numerically one and ", "is_accepted": false, "is_achieved": false, "voting_starts": "2016-05-10T01:42:50.634Z", "voting_ends": "2016-05-19T01:42:50.634Z", "suggested_by": 79, "league": 1, "upvotes": [13, 46, 79], "downvotes": [56, 62, 78]}}, {"model": "sh_app.suggestion", "pk": 9, "fields": {"name": "nucleate legumins beholders\n", "description": "ore' and 'less' applied to them, and each of these is relative in\ncharacter: for the terms 'like' and 'unequal' bear 'unequal' bear a\nreference to something external. Yet, again, it is not every\nrelat", "is_accepted": false, "is_achieved": false, "voting_starts": "2016-05-05T01:42:50.652Z", "voting_ends": "2016-05-09T01:42:50.652Z", "suggested_by": 79, "league": 1, "upvotes": [37, 58, 79, 86], "downvotes": [13, 46, 62]}}, {"model": "sh_app.suggestion", "pk": 10, "fields": {"name": "septarian abortiveness veers\n", "description": "he case of the double and the\nhalf. The existence of the half necessitates the existence of that\nof which it is a half. Similarly the existence of a master\nnecessitates the existence of a slave, and t", "is_accepted": false, "is_achieved": false, "voting_starts": "2016-05-13T01:42:50.671Z", "voting_ends": "2016-05-21T01:42:50.671Z", "suggested_by": 86, "league": 1, "upvotes": [56, 86], "downvotes": [58, 62, 78]}}, {"model": "sh_app.suggestion", "pk": 11, "fields": {"name": "melodramatic diminuendos pluperfect\n", "description": "ividual horse. But, to speak more generally, that which is\nindividual and has the character of a unit is never predicable of a\nsubject. Yet in some cases there is nothing to prevent such being\npresent", "is_accepted": false, "is_achieved": false, "voting_starts": "2016-05-05T01:42:50.690Z", "voting_ends": "2016-05-09T01:42:50.690Z", "suggested_by": 11, "league": 2, "upvotes": [11, 48, 74, 88], "downvotes": [6, 16, 17, 23, 41]}}, {"model": "sh_app.suggestion", "pk": 12, "fields": {"name": "trophied labialisation bedbug\n", "description": "ge. For\nthe thing known is explained as that which is known by something, that\nis, by knowledge. Such things, then, as are opposite the one to the\nother in the sense of being correlatives are explaine", "is_accepted": false, "is_achieved": false, "voting_starts": "2016-05-12T01:42:50.708Z", "voting_ends": "2016-05-19T01:42:50.708Z", "suggested_by": 41, "league": 2, "upvotes": [16, 23, 41, 48, 97], "downvotes": [17, 71, 74]}}, {"model": "sh_app.suggestion", "pk": 13, "fields": {"name": "ornithological homophobia wilderness\n", "description": " qualities are\ncapable of producing an 'affection' in the way of perception. For\nsweetness has the power of affecting the sense of taste; heat, that of\ntouch; and so it is with the rest of these quali", "is_accepted": false, "is_achieved": false, "voting_starts": "2016-05-12T01:42:50.726Z", "voting_ends": "2016-05-18T01:42:50.726Z", "suggested_by": 16, "league": 2, "upvotes": [6, 11, 17, 71, 74], "downvotes": [48, 88, 97]}}, {"model": "sh_app.suggestion", "pk": 14, "fields": {"name": "gustable Decca blacktop\n", "description": "sturbed because it may be argued that, though\nproposing to discuss the category of quality, we have included in it\nmany relative terms. We did say that habits and dispositions were\nrelative. In practi", "is_accepted": false, "is_achieved": false, "voting_starts": "2016-05-05T01:42:50.747Z", "voting_ends": "2016-05-08T01:42:50.747Z", "suggested_by": 48, "league": 2, "upvotes": [48, 41, 97, 17, 88, 23, 16, 6], "downvotes": [11, 71]}}, {"model": "sh_app.suggestion", "pk": 15, "fields": {"name": "unextenuated chaunts Jugendstil\n", "description": "ct. Those contraries which are such that the subjects in which\nthey are naturally present, or of which they are predicated, must\nnecessarily contain either the one or the other of them, have no\ninterm", "is_accepted": false, "is_achieved": false, "voting_starts": "2016-05-11T01:42:50.764Z", "voting_ends": "2016-05-15T01:42:50.764Z", "suggested_by": 6, "league": 2, "upvotes": [6, 17, 23, 88], "downvotes": [74, 97]}}, {"model": "sh_app.suggestion", "pk": 16, "fields": {"name": "binding Babbittry specialisation\n", "description": "ted of the lesser, so that all the differentiae of the\npredicate will be differentiae also of the subject.\n\n                                 4\n\n  Expressions which are in no way composite signify subs", "is_accepted": false, "is_achieved": false, "voting_starts": "2016-05-12T01:42:50.782Z", "voting_ends": "2016-05-13T01:42:50.782Z", "suggested_by": 74, "league": 2, "upvotes": [6, 11, 71, 74, 88, 97], "downvotes": []}}, {"model": "sh_app.suggestion", "pk": 17, "fields": {"name": "adventitious Preminger boroughs\n", "description": "nus. Those things, moreover, are\n'simultaneous' in the unqualified sense of the word which come into\nbeing at the same time.\n\n                                14\n\n  There are six sorts of movement: gen", "is_accepted": false, "is_achieved": false, "voting_starts": "2016-05-08T01:42:50.799Z", "voting_ends": "2016-05-12T01:42:50.799Z", "suggested_by": 97, "league": 2, "upvotes": [71, 88], "downvotes": [6, 97]}}, {"model": "sh_app.suggestion", "pk": 18, "fields": {"name": "conchological pelite magnates\n", "description": "ferentiae that, in all\npropositions of which they form the predicate, they are predicated\nunivocally. For all such propositions have for their subject either\nthe individual or the species. It is true ", "is_accepted": false, "is_achieved": false, "voting_starts": "2016-05-13T01:42:50.815Z", "voting_ends": "2016-05-16T01:42:50.815Z", "suggested_by": 6, "league": 2, "upvotes": [11, 74], "downvotes": [6, 17, 23, 88]}}, {"model": "sh_app.suggestion", "pk": 19, "fields": {"name": "haploid certitude honorands\n", "description": "ined by reference to something else, the\npreposition 'of' or some other preposition being used to indicate\nthe relation. Thus, one mountain is called great in comparison with\nson with another; for the", "is_accepted": false, "is_achieved": false, "voting_starts": "2016-05-10T01:42:50.831Z", "voting_ends": "2016-05-11T01:42:50.831Z", "suggested_by": 23, "league": 2, "upvotes": [48, 41, 97, 71, 88, 23, 16], "downvotes": [74]}}, {"model": "sh_app.suggestion", "pk": 20, "fields": {"name": "Anglican kittiwake totalisers\n", "description": " case of which the said necessity does not\nobtain. Yet when one of the two contraries is a constitutive\nproperty of the subject, as it is a constitutive property of fire to\nbe hot, of snow to be white", "is_accepted": false, "is_achieved": false, "voting_starts": "2016-05-10T01:42:50.849Z", "voting_ends": "2016-05-13T01:42:50.849Z", "suggested_by": 41, "league": 2, "upvotes": [6], "downvotes": [23]}}, {"model": "sh_app.suggestion", "pk": 21, "fields": {"name": "agrostological psychedelia pott\n", "description": "ary either that it should see or that it should be blind,\nbut that it should be either in the one state or in the other. Yet\nin the case of those contraries which have an intermediate we found\nthat it", "is_accepted": false, "is_achieved": false, "voting_starts": "2016-05-10T01:42:50.866Z", "voting_ends": "2016-05-11T01:42:50.866Z", "suggested_by": 73, "league": 3, "upvotes": [13, 85], "downvotes": [3, 58, 72, 73, 97]}}, {"model": "sh_app.suggestion", "pk": 22, "fields": {"name": "unflustered explosive Caspian\n", "description": "ich is black. This, however, is not always the case. Red,\nyellow, and such colours, though qualities, have no contraries.\n\n  If one of two contraries is a quality, the other will also be a\nquality. Th", "is_accepted": false, "is_achieved": false, "voting_starts": "2016-05-12T01:42:50.882Z", "voting_ends": "2016-05-19T01:42:50.882Z", "suggested_by": 3, "league": 3, "upvotes": [72, 93], "downvotes": [1, 3, 13, 85, 86, 97]}}, {"model": "sh_app.suggestion", "pk": 23, "fields": {"name": "unaltered hopping exhedra\n", "description": "nial, for\nin this case also the type of antithesis is the same. For as the\naffirmation is opposed to the denial, as in the two propositions 'he\nsits', 'he does not sit', so also the fact which constit", "is_accepted": false, "is_achieved": false, "voting_starts": "2016-05-13T01:42:50.898Z", "voting_ends": "2016-05-20T01:42:50.898Z", "suggested_by": 1, "league": 3, "upvotes": [3, 13], "downvotes": [58, 80, 85, 86]}}, {"model": "sh_app.suggestion", "pk": 24, "fields": {"name": "sepulchral Alister comprehension\n", "description": "cold, whiteness, and blackness are affective\nqualities. It is evident that these are qualities, for those things\nthat possess them are themselves said to be such and such by reason of\ntheir presence. ", "is_accepted": false, "is_achieved": false, "voting_starts": "2016-05-10T01:42:50.916Z", "voting_ends": "2016-05-17T01:42:50.916Z", "suggested_by": 86, "league": 3, "upvotes": [13, 85, 93], "downvotes": [1, 58, 72, 86, 97]}}, {"model": "sh_app.suggestion", "pk": 25, "fields": {"name": "translucent glossy lovingness\n", "description": " sense of\nthe word, is that which is neither predicable of a subject nor present\nin a subject; for instance, the individual man or horse. But in a\nsecondary sense those things are called substances wi", "is_accepted": false, "is_achieved": false, "voting_starts": "2016-05-05T01:42:50.933Z", "voting_ends": "2016-05-11T01:42:50.933Z", "suggested_by": 1, "league": 3, "upvotes": [3, 13, 72, 73, 80, 97], "downvotes": [1, 58, 93]}}, {"model": "sh_app.suggestion", "pk": 26, "fields": {"name": "tetrasyllabic Coca-Cola dissidences\n", "description": " genera\nor be themselves genera. White and black belong to the same genus,\ncolour; justice and injustice, to contrary genera, virtue and vice;\nwhile good and evil do not belong to genera, but are them", "is_accepted": false, "is_achieved": false, "voting_starts": "2016-05-06T01:42:50.948Z", "voting_ends": "2016-05-11T01:42:50.948Z", "suggested_by": 93, "league": 3, "upvotes": [1, 13, 58, 72, 73], "downvotes": [80, 93]}}, {"model": "sh_app.suggestion", "pk": 27, "fields": {"name": "electroacoustic challenger triumvir\n", "description": "es as 'shod',\n'armed', in that of place 'in the Lyceum' and so on, as was\nexplained before.\n\n                                10\n\n  The proposed categories have, then, been adequately dealt with.\n\n  We", "is_accepted": false, "is_achieved": false, "voting_starts": "2016-05-07T01:42:50.966Z", "voting_ends": "2016-05-12T01:42:50.966Z", "suggested_by": 80, "league": 3, "upvotes": [1, 3, 80, 93, 97], "downvotes": [72, 73]}}, {"model": "sh_app.suggestion", "pk": 28, "fields": {"name": "gutta mugging admonishments\n", "description": "\"the bird'; if the attribute\n'master' be withdrawn from' the man', the correlation between 'the\nman' and 'the slave' will cease to exist, for if the man is not a\nmaster, the slave is not a slave. Simi", "is_accepted": false, "is_achieved": false, "voting_starts": "2016-05-13T01:42:50.987Z", "voting_ends": "2016-05-15T01:42:50.987Z", "suggested_by": 80, "league": 3, "upvotes": [1, 72, 73, 93, 97], "downvotes": [80, 85, 86]}}, {"model": "sh_app.suggestion", "pk": 29, "fields": {"name": "eunuchoid xysts invitation\n", "description": "hat of affective qualities\nand affections. Sweetness, bitterness, sourness, are examples of\nthis sort of quality, together with all that is akin to these; heat,\nmoreover, and cold, whiteness, and blac", "is_accepted": false, "is_achieved": false, "voting_starts": "2016-05-11T01:42:51.003Z", "voting_ends": "2016-05-16T01:42:51.003Z", "suggested_by": 72, "league": 3, "upvotes": [73, 80, 85], "downvotes": [3, 58, 72, 86, 93]}}, {"model": "sh_app.suggestion", "pk": 30, "fields": {"name": "gentile acolyte jemmies\n", "description": "ries. In the case of definite quantities\nthis is obvious; thus, there is nothing that is the contrary of 'two\ncubits long' or of 'three cubits long', or of a surface, or of any\nsuch quantities. A man ", "is_accepted": false, "is_achieved": false, "voting_starts": "2016-05-06T01:42:51.020Z", "voting_ends": "2016-05-14T01:42:51.020Z", "suggested_by": 80, "league": 3, "upvotes": [1, 58, 85], "downvotes": [3, 13, 72, 73, 86]}}, {"model": "sh_app.suggestion", "pk": 31, "fields": {"name": "meager toothwort diabolo\n", "description": " before the animal is an animal at all, and before perception.\nThus it would seem that the perceptible exists before perception.\n\n  It may be questioned whether it is true that no substance is\nrelativ", "is_accepted": false, "is_achieved": false, "voting_starts": "2016-05-09T01:42:51.035Z", "voting_ends": "2016-05-12T01:42:51.035Z", "suggested_by": 29, "league": 4, "upvotes": [29], "downvotes": [2, 10, 11, 23, 39, 69, 96]}}, {"model": "sh_app.suggestion", "pk": 32, "fields": {"name": "fasciate lekythoses regeneration\n", "description": " the opposite of 'Socrates is blind'\nin the sense of the word 'opposite' which applies to possession and\nprivation. Now if Socrates exists, it is not necessary that one should\nbe true and the other fa", "is_accepted": false, "is_achieved": false, "voting_starts": "2016-05-09T01:42:51.051Z", "voting_ends": "2016-05-15T01:42:51.051Z", "suggested_by": 69, "league": 4, "upvotes": [2, 9, 11, 69, 72, 96], "downvotes": [10, 29, 39, 90]}}, {"model": "sh_app.suggestion", "pk": 33, "fields": {"name": "waisted scratchpads huckabacks\n", "description": "\ncalled 'prior' to that other.\n\n  In the third place, the term 'prior' is used with reference to any\norder, as in the case of science and of oratory. For in sciences which\nuse demonstration there is t", "is_accepted": false, "is_achieved": false, "voting_starts": "2016-05-08T01:42:51.068Z", "voting_ends": "2016-05-13T01:42:51.068Z", "suggested_by": 90, "league": 4, "upvotes": [2, 11, 39, 72, 90, 96], "downvotes": [9, 10, 23, 29, 69]}}, {"model": "sh_app.suggestion", "pk": 34, "fields": {"name": "Zarathustric baler lochia\n", "description": " safely say, been enumerated.\n\n  These, then, are qualities, and the things that take their name from\nthem as derivatives, or are in some other way dependent on them, are\nsaid to be qualified in some ", "is_accepted": false, "is_achieved": false, "voting_starts": "2016-05-07T01:42:51.085Z", "voting_ends": "2016-05-16T01:42:51.085Z", "suggested_by": 90, "league": 4, "upvotes": [2, 9, 10, 11, 39, 72], "downvotes": [23, 96]}}, {"model": "sh_app.suggestion", "pk": 35, "fields": {"name": "anthophilous inferiority Roubaix\n", "description": "h does not\ngrow his grow a new set. (iv) Statements opposed as affirmation and\nnegation belong manifestly to a class which is distinct, for in this\ncase, and in this case only, it is necessary for the", "is_accepted": false, "is_achieved": false, "voting_starts": "2016-05-08T01:42:51.102Z", "voting_ends": "2016-05-18T01:42:51.102Z", "suggested_by": 96, "league": 4, "upvotes": [2, 72], "downvotes": [10, 29, 90, 96]}}, {"model": "sh_app.suggestion", "pk": 36, "fields": {"name": "regenerative mallanders smiths\n", "description": " self-evident: for if a man knows that some\nparticular thing is relative, assuming that we call that a relative in\nthe case of which relation to something is a necessary condition of\nexistence, he kno", "is_accepted": false, "is_achieved": false, "voting_starts": "2016-05-10T01:42:51.119Z", "voting_ends": "2016-05-18T01:42:51.119Z", "suggested_by": 29, "league": 4, "upvotes": [10, 11, 72], "downvotes": [2, 39, 69, 96]}}, {"model": "sh_app.suggestion", "pk": 37, "fields": {"name": "metric topsides flack\n", "description": "\n\n  The same is true of speech. That speech is a quantity is evident:\nfor it is measured in long and short syllables. I mean here that\nspeech which is vocal. Moreover, it is a discrete quantity for it", "is_accepted": false, "is_achieved": false, "voting_starts": "2016-05-04T01:42:51.136Z", "voting_ends": "2016-05-10T01:42:51.136Z", "suggested_by": 29, "league": 4, "upvotes": [2, 10], "downvotes": [9, 11, 29, 39, 69, 72]}}, {"model": "sh_app.suggestion", "pk": 38, "fields": {"name": "insalubrious snapshots jejuneness\n", "description": "id to be opposed in four senses: (i) as\ncorrelatives to one another, (ii) as contraries to one another,\n(iii) as privatives to positives, (iv) as affirmatives to negatives.\n\n  Let me sketch my meaning", "is_accepted": false, "is_achieved": false, "voting_starts": "2016-05-10T01:42:51.152Z", "voting_ends": "2016-05-19T01:42:51.152Z", "suggested_by": 69, "league": 4, "upvotes": [2, 9, 39, 72, 96], "downvotes": [11, 29]}}, {"model": "sh_app.suggestion", "pk": 39, "fields": {"name": "paronymous quinines halftones\n", "description": "nstance of the use of the\nword 'opposite' with reference to correlatives is afforded by the\nexpressions 'double' and 'half'; with reference to contraries by 'bad'\nand 'good'. Opposites in the sense of", "is_accepted": false, "is_achieved": false, "voting_starts": "2016-05-09T01:42:51.168Z", "voting_ends": "2016-05-19T01:42:51.168Z", "suggested_by": 96, "league": 4, "upvotes": [10, 11, 96], "downvotes": [9, 23, 29, 69, 72]}}, {"model": "sh_app.suggestion", "pk": 40, "fields": {"name": "monolingual Linotype perversion\n", "description": "s: thus the sequence subsisting cannot\nbe reversed. It is agreed, then, that when the sequence of two\nthings cannot be reversed, then that one on which the other depends is\ncalled 'prior' to that othe", "is_accepted": false, "is_achieved": false, "voting_starts": "2016-05-05T01:42:51.187Z", "voting_ends": "2016-05-06T01:42:51.187Z", "suggested_by": 69, "league": 4, "upvotes": [2, 9, 23, 72], "downvotes": [29, 39, 69, 90, 96]}}, {"model": "sh_app.suggestion", "pk": 41, "fields": {"name": "peristomial pericraniums inflicter\n", "description": " It is plain that many\nchanges of colour take place because of affections. When a man is\nashamed, he blushes; when he is afraid, he becomes pale, and so on. So\ntrue is this, that when a man is by natu", "is_accepted": false, "is_achieved": false, "voting_starts": "2016-05-11T01:42:51.204Z", "voting_ends": "2016-05-16T01:42:51.204Z", "suggested_by": 52, "league": 5, "upvotes": [84, 88], "downvotes": [41, 59, 62, 90, 96]}}, {"model": "sh_app.suggestion", "pk": 42, "fields": {"name": "venomed chicks hypsometry\n", "description": " is neither good nor bad, neither just nor unjust.\n\n  (iii) 'privatives' and 'Positives' have reference to the same\nsubject. Thus, sight and blindness have reference to the eye. It is\na universal rule", "is_accepted": false, "is_achieved": false, "voting_starts": "2016-05-06T01:42:51.221Z", "voting_ends": "2016-05-09T01:42:51.221Z", "suggested_by": 52, "league": 5, "upvotes": [43, 59, 83, 84, 88, 96], "downvotes": [41, 52, 90]}}, {"model": "sh_app.suggestion", "pk": 43, "fields": {"name": "obeisant pikestaff primipara\n", "description": "differ from one\nanother in degree; the square is no more a circle than the\nrectangle, for to neither is the definition of the circle appropriate.\nIn short, if the definition of the term proposed is no", "is_accepted": false, "is_achieved": false, "voting_starts": "2016-05-11T01:42:51.238Z", "voting_ends": "2016-05-13T01:42:51.238Z", "suggested_by": 2, "league": 5, "upvotes": [], "downvotes": [2, 43, 52, 59, 83]}}, {"model": "sh_app.suggestion", "pk": 44, "fields": {"name": "faerie photolithograph beryl\n", "description": "at a\nslave is said to be the slave. On the other hand, if, of two\ncorrelatives, one is not correctly termed, then, when all other\nattributes are removed and that alone is left in virtue of which it\nwa", "is_accepted": false, "is_achieved": false, "voting_starts": "2016-05-14T01:42:51.254Z", "voting_ends": "2016-05-18T01:42:51.254Z", "suggested_by": 62, "league": 5, "upvotes": [2, 59, 62, 83, 84, 88, 90], "downvotes": [43]}}, {"model": "sh_app.suggestion", "pk": 45, "fields": {"name": "denunciatory cupboards carrying-on\n", "description": "\n  Of things themselves some are predicable of a subject, and are never\npresent in a subject. Thus 'man' is predicable of the individual\nman, and is never present in a subject.\n\n  By being 'present in", "is_accepted": false, "is_achieved": false, "voting_starts": "2016-05-12T01:42:51.271Z", "voting_ends": "2016-05-15T01:42:51.271Z", "suggested_by": 43, "league": 5, "upvotes": [62, 84], "downvotes": [2, 41, 43, 52, 59, 83, 88, 90, 96]}}, {"model": "sh_app.suggestion", "pk": 46, "fields": {"name": "unfilled anteriority amaranths\n", "description": "\n  With regard, on the other hand, to those things which are present in\na subject, it is generally the case that neither their name nor\ntheir definition is predicable of that in which they are present", "is_accepted": false, "is_achieved": false, "voting_starts": "2016-05-14T01:42:51.289Z", "voting_ends": "2016-05-17T01:42:51.289Z", "suggested_by": 62, "league": 5, "upvotes": [43, 52, 84, 96], "downvotes": [2, 41]}}, {"model": "sh_app.suggestion", "pk": 47, "fields": {"name": "full-sailed Babi vaunt\n", "description": "we are said to 'have' a house or a\nfield. A man is also said to 'have' a wife, and a wife a husband,\nand this appears to be the most remote meaning of the term, for by the\nuse of it we mean simply tha", "is_accepted": false, "is_achieved": false, "voting_starts": "2016-05-06T01:42:51.305Z", "voting_ends": "2016-05-07T01:42:51.305Z", "suggested_by": 43, "league": 5, "upvotes": [2, 43, 83, 84], "downvotes": [59, 88, 90, 96]}}, {"model": "sh_app.suggestion", "pk": 48, "fields": {"name": "Maltese stylobates inferior\n", "description": "ther. Nor is there any other kind of\nquantity, of all that have been mentioned, with regard to which\nvariation of degree can be predicated. The category of quantity,\ntherefore, does not admit of varia", "is_accepted": false, "is_achieved": false, "voting_starts": "2016-05-08T01:42:51.323Z", "voting_ends": "2016-05-18T01:42:51.323Z", "suggested_by": 41, "league": 5, "upvotes": [43, 52, 59, 83, 96], "downvotes": [2, 62, 84]}}, {"model": "sh_app.suggestion", "pk": 49, "fields": {"name": "Tamil intermediators chrestomathies\n", "description": "a double,\nwhile at the same time neither is the cause of the being of the other.\n\n  Again, those species which are distinguished one from another and\nopposed one to another within the same genus are s", "is_accepted": false, "is_achieved": false, "voting_starts": "2016-05-12T01:42:51.339Z", "voting_ends": "2016-05-13T01:42:51.339Z", "suggested_by": 84, "league": 5, "upvotes": [2, 41, 62, 90], "downvotes": [52, 83, 84, 88]}}, {"model": "sh_app.suggestion", "pk": 50, "fields": {"name": "andesitic cyclotron decretist\n", "description": "ositives' and\n'privatives' themselves are opposite. There is the same type of\nantithesis in both cases; for just as blindness is opposed to sight,\nso is being blind opposed to having sight.\n\n  That wh", "is_accepted": false, "is_achieved": false, "voting_starts": "2016-05-09T01:42:51.360Z", "voting_ends": "2016-05-15T01:42:51.360Z", "suggested_by": 59, "league": 5, "upvotes": [41, 43, 62, 90, 96], "downvotes": [52, 59, 83, 84, 88]}}, {"model": "sh_app.suggestion", "pk": 51, "fields": {"name": "unwinnowed busbies honeysuckles\n", "description": "k more generally, that which is\nindividual and has the character of a unit is never predicable of a\nsubject. Yet in some cases there is nothing to prevent such being\npresent in a subject. Thus a certa", "is_accepted": false, "is_achieved": false, "voting_starts": "2016-05-05T01:42:51.378Z", "voting_ends": "2016-05-14T01:42:51.378Z", "suggested_by": 71, "league": 6, "upvotes": [50, 61, 78], "downvotes": [25, 39, 67, 71, 73]}}, {"model": "sh_app.suggestion", "pk": 52, "fields": {"name": "wishy-washy breathalyzers cucurbit\n", "description": "d\nthat with which it was correlative. But this is not the case. Sight is\nnot called the sight of blindness.\n\n  That those terms which fall under the heads of 'positives' and\n'privatives' are not oppos", "is_accepted": false, "is_achieved": false, "voting_starts": "2016-05-04T01:42:51.394Z", "voting_ends": "2016-05-06T01:42:51.394Z", "suggested_by": 25, "league": 6, "upvotes": [25, 61, 73, 78], "downvotes": [39, 50, 71]}}, {"model": "sh_app.suggestion", "pk": 53, "fields": {"name": "astrictive hyposulphites bathymeter\n", "description": "or it is also the case\nthat differentiae cannot be present in subjects. The characteristics\n'terrestrial' and 'two-footed' are predicated of the species 'man',\nbut not present in it. For they are not ", "is_accepted": false, "is_achieved": false, "voting_starts": "2016-05-07T01:42:51.410Z", "voting_ends": "2016-05-13T01:42:51.410Z", "suggested_by": 39, "league": 6, "upvotes": [25, 30, 39, 71], "downvotes": [78]}}, {"model": "sh_app.suggestion", "pk": 54, "fields": {"name": "shalwar fere subinfeudation\n", "description": " is by itself\nchanging that it does so.\n\n  If, then, a man should make this exception and contend that\nstatements and opinions are capable of admitting contrary qualities,\nhis contention is unsound. F", "is_accepted": false, "is_achieved": false, "voting_starts": "2016-05-09T01:42:51.426Z", "voting_ends": "2016-05-12T01:42:51.426Z", "suggested_by": 78, "league": 6, "upvotes": [2, 33, 39, 50], "downvotes": [25, 30, 67, 78]}}, {"model": "sh_app.suggestion", "pk": 55, "fields": {"name": "undulatory Cyril divider\n", "description": "s the\ncontrary of injustice, whiteness of blackness, and so on. The\nthings, also, which are said to be such and such in virtue of these\nqualities, may be contrary the one to the other; for that which ", "is_accepted": false, "is_achieved": false, "voting_starts": "2016-05-13T01:42:51.442Z", "voting_ends": "2016-05-18T01:42:51.442Z", "suggested_by": 50, "league": 6, "upvotes": [73], "downvotes": [25, 33, 50, 67, 71]}}, {"model": "sh_app.suggestion", "pk": 56, "fields": {"name": "solicited detainments choosers\n", "description": "er cases. A\nhead will be more accurately defined as the correlative of that\nwhich is 'headed', than as that of an animal, for the animal does\nnot have a head qua animal, since many animals have no hea", "is_accepted": false, "is_achieved": false, "voting_starts": "2016-05-08T01:42:51.463Z", "voting_ends": "2016-05-13T01:42:51.463Z", "suggested_by": 39, "league": 6, "upvotes": [30, 39], "downvotes": [2, 50, 71, 73]}}, {"model": "sh_app.suggestion", "pk": 57, "fields": {"name": "red campaigning pronunciamento\n", "description": "tural to\nsuppose that he will make yet greater progress than he has made in the\npast; and as this process goes on, it will change him completely and\nestablish him in the contrary state, provided he is", "is_accepted": false, "is_achieved": false, "voting_starts": "2016-05-06T01:42:51.478Z", "voting_ends": "2016-05-08T01:42:51.478Z", "suggested_by": 33, "league": 6, "upvotes": [39, 61, 71, 73], "downvotes": [2, 25, 30, 67, 78]}}, {"model": "sh_app.suggestion", "pk": 58, "fields": {"name": "furthest portland mystification\n", "description": "hat in a\ndeterminate sense. It is, therefore, plain that 'positives' and\n'privatives' are not opposed each to each in either of the senses in\nwhich contraries are opposed.\n\n  Again, in the case of con", "is_accepted": false, "is_achieved": false, "voting_starts": "2016-05-11T01:42:51.494Z", "voting_ends": "2016-05-17T01:42:51.494Z", "suggested_by": 67, "league": 6, "upvotes": [2, 25, 30, 33, 39, 67, 73], "downvotes": [50, 78]}}, {"model": "sh_app.suggestion", "pk": 59, "fields": {"name": "conducible sheldrake highjacking\n", "description": "ve, or indeed remain throughout life. For in the same\nway we are said to be such and such because of these.\n\n  Those conditions, however, which arise from causes which may\neasily be rendered ineffecti", "is_accepted": false, "is_achieved": false, "voting_starts": "2016-05-07T01:42:51.512Z", "voting_ends": "2016-05-09T01:42:51.512Z", "suggested_by": 61, "league": 6, "upvotes": [30, 33, 71], "downvotes": [25, 39, 50, 73, 78]}}, {"model": "sh_app.suggestion", "pk": 60, "fields": {"name": "airworthy stades content\n", "description": "he case we use to\nexpress the correlation differs in some instances. Thus, by\nknowledge we mean knowledge the knowable; by the knowable, that\nwhich is to be apprehended by knowledge; by perception, pe", "is_accepted": false, "is_achieved": false, "voting_starts": "2016-05-04T01:42:51.528Z", "voting_ends": "2016-05-08T01:42:51.528Z", "suggested_by": 39, "league": 6, "upvotes": [2, 50, 78], "downvotes": [33, 61, 67, 71, 73]}}, {"model": "sh_app.suggestion", "pk": 61, "fields": {"name": "pledgeable pontiffs misdeeds\n", "description": ", whether we define them as quantitative or not, they have no\ncontraries: for how can there be a contrary of an attribute which is\nnot to be apprehended in or by itself, but only by reference to\nsomet", "is_accepted": false, "is_achieved": false, "voting_starts": "2016-05-09T01:42:51.548Z", "voting_ends": "2016-05-13T01:42:51.548Z", "suggested_by": 44, "league": 7, "upvotes": [2, 21, 46, 73], "downvotes": [9, 43, 45]}}, {"model": "sh_app.suggestion", "pk": 62, "fields": {"name": "skulking underflows trade-off\n", "description": "d in contrary ways at one and the same time.\n\n  Moreover, if these were contraries, they would themselves be\ncontrary to themselves. For if 'great' is the contrary of 'small', and\nthe same thing is bo", "is_accepted": false, "is_achieved": false, "voting_starts": "2016-05-10T01:42:51.566Z", "voting_ends": "2016-05-12T01:42:51.566Z", "suggested_by": 9, "league": 7, "upvotes": [21], "downvotes": [9, 43, 44, 45, 46, 57, 73]}}, {"model": "sh_app.suggestion", "pk": 63, "fields": {"name": "mute maternity Serbian\n", "description": "Similarly those abnormal\npsychic states which are not inborn, but arise from the concomitance\nof certain other elements, and are difficult to remove, or\naltogether permanent, are called qualities, for", "is_accepted": false, "is_achieved": false, "voting_starts": "2016-05-05T01:42:51.585Z", "voting_ends": "2016-05-14T01:42:51.585Z", "suggested_by": 9, "league": 7, "upvotes": [2, 9, 21, 43], "downvotes": [44, 46, 50, 73]}}, {"model": "sh_app.suggestion", "pk": 64, "fields": {"name": "endocardial strong-mindedness pectoral\n", "description": "ature of an individual tree will give a more\ninstructive account by mentioning the species 'tree' than by\nmentioning the genus 'plant'.\n\n  Moreover, primary substances are most properly called substan", "is_accepted": false, "is_achieved": false, "voting_starts": "2016-05-06T01:42:51.600Z", "voting_ends": "2016-05-15T01:42:51.600Z", "suggested_by": 46, "league": 7, "upvotes": [7, 44, 50, 73], "downvotes": [9, 43]}}, {"model": "sh_app.suggestion", "pk": 65, "fields": {"name": "acclamatory subauditions surmisers\n", "description": "ated is not accurately stated. If a man states that\na wing is necessarily relative to a bird, the connexion between\nthese two will not be reciprocal, for it will not be possible to say\nthat a bird is ", "is_accepted": false, "is_achieved": false, "voting_starts": "2016-05-12T01:42:51.616Z", "voting_ends": "2016-05-13T01:42:51.616Z", "suggested_by": 44, "league": 7, "upvotes": [9, 43, 44, 50, 73], "downvotes": [21, 45]}}, {"model": "sh_app.suggestion", "pk": 66, "fields": {"name": "alcoholic pediatricians furtiveness\n", "description": "           2\n\n  Forms of speech are either simple or composite. Examples of the\nlatter are such expressions as 'the man runs', 'the man wins'; of the\nformer 'man', 'ox', 'runs', 'wins'.\n\n  Of things t", "is_accepted": false, "is_achieved": false, "voting_starts": "2016-05-10T01:42:51.633Z", "voting_ends": "2016-05-16T01:42:51.633Z", "suggested_by": 73, "league": 7, "upvotes": [7, 9, 46, 57, 73], "downvotes": [45, 50]}}, {"model": "sh_app.suggestion", "pk": 67, "fields": {"name": "stirless telespectroscope erythrites\n", "description": "is the contrary of injustice and justice is a quality,\ninjustice will also be a quality: neither quantity, nor relation,\nnor place, nor indeed any other category but that of quality, will\nbe applicabl", "is_accepted": false, "is_achieved": false, "voting_starts": "2016-05-09T01:42:51.650Z", "voting_ends": "2016-05-19T01:42:51.650Z", "suggested_by": 43, "league": 7, "upvotes": [9, 45, 46, 50], "downvotes": [2, 7, 21, 73]}}, {"model": "sh_app.suggestion", "pk": 68, "fields": {"name": "dithyrambic footprint neurophysiology\n", "description": "al', our form of speech gives the\nimpression that we are here also indicating that which is\nindividual, but the impression is not strictly true; for a secondary\nsubstance is not an individual, but a c", "is_accepted": false, "is_achieved": false, "voting_starts": "2016-05-11T01:42:51.666Z", "voting_ends": "2016-05-20T01:42:51.666Z", "suggested_by": 9, "league": 7, "upvotes": [2, 43, 57, 73], "downvotes": [7, 9, 44, 50]}}, {"model": "sh_app.suggestion", "pk": 69, "fields": {"name": "batty Shylock marchesa\n", "description": "tain is called great in comparison with\nson with another; for the mountain claims this attribute by comparison\nwith something. Again, that which is called similar must be similar to\nsomething else, an", "is_accepted": false, "is_achieved": false, "voting_starts": "2016-05-06T01:42:51.682Z", "voting_ends": "2016-05-12T01:42:51.682Z", "suggested_by": 50, "league": 7, "upvotes": [7, 9, 45, 50], "downvotes": [21, 46]}}, {"model": "sh_app.suggestion", "pk": 70, "fields": {"name": "self-addressed choc-ice refiners\n", "description": "on to the\nrule. The same statement, it is agreed, can be both true and false.\nFor if the statement 'he is sitting' is true, yet, when the person\nin question has risen, the same statement will be false", "is_accepted": false, "is_achieved": false, "voting_starts": "2016-05-06T01:42:51.698Z", "voting_ends": "2016-05-10T01:42:51.698Z", "suggested_by": 50, "league": 7, "upvotes": [2, 43, 44], "downvotes": [9, 50, 57]}}, {"model": "sh_app.suggestion", "pk": 71, "fields": {"name": "ecological beavers aubades\n", "description": " it was present, it could not be\npresent in body at all. Thus everything except primary substances is\neither predicated of primary substances, or is present in them, and if\nthese last did not exist, i", "is_accepted": false, "is_achieved": false, "voting_starts": "2016-05-07T01:42:51.715Z", "voting_ends": "2016-05-09T01:42:51.715Z", "suggested_by": 34, "league": 8, "upvotes": [4, 16, 18, 34], "downvotes": [8, 81, 94]}}, {"model": "sh_app.suggestion", "pk": 72, "fields": {"name": "fringe sulphonamide diffuseness\n", "description": "istinguished within the same genus,\nand are opposed each to each, for the genus 'animal' has the 'winged',\nthe 'terrestrial', and the 'water' species, and no one of these is\nprior or posterior to anot", "is_accepted": false, "is_achieved": false, "voting_starts": "2016-05-04T01:42:51.732Z", "voting_ends": "2016-05-08T01:42:51.732Z", "suggested_by": 94, "league": 8, "upvotes": [4, 18, 81], "downvotes": [34, 35]}}, {"model": "sh_app.suggestion", "pk": 73, "fields": {"name": "cervical bicentenary fillers\n", "description": "e knowable; by the knowable, that\nwhich is to be apprehended by knowledge; by perception, perception\nof the perceptible; by the perceptible, that which is apprehended by\nperception.\n\n  Sometimes, howe", "is_accepted": false, "is_achieved": false, "voting_starts": "2016-05-09T01:42:51.749Z", "voting_ends": "2016-05-19T01:42:51.749Z", "suggested_by": 72, "league": 8, "upvotes": [], "downvotes": [16, 18, 34, 35, 81, 87]}}, {"model": "sh_app.suggestion", "pk": 74, "fields": {"name": "hard-handed mutt merlin\n", "description": "are called relative, the nature\nof which is explained by reference to something else, the\npreposition 'of' or some other preposition being used to indicate\nthe relation. Thus, one mountain is called g", "is_accepted": false, "is_achieved": false, "voting_starts": "2016-05-05T01:42:51.764Z", "voting_ends": "2016-05-08T01:42:51.764Z", "suggested_by": 81, "league": 8, "upvotes": [4, 16, 18, 72, 87], "downvotes": [59, 94]}}, {"model": "sh_app.suggestion", "pk": 75, "fields": {"name": "scummy Kalmuck hula\n", "description": "e, plain that 'positives' and\n'privatives' are not opposed each to each in either of the senses in\nwhich contraries are opposed.\n\n  Again, in the case of contraries, it is possible that there should\nb", "is_accepted": false, "is_achieved": false, "voting_starts": "2016-05-04T01:42:51.782Z", "voting_ends": "2016-05-11T01:42:51.782Z", "suggested_by": 87, "league": 8, "upvotes": [16, 34, 35, 59, 72, 94], "downvotes": [18, 81]}}, {"model": "sh_app.suggestion", "pk": 76, "fields": {"name": "metameric tarantass cushioning\n", "description": " quantities. A man might, indeed, argue that 'much' was the\ncontrary of 'little', and 'great' of 'small'. But these are not\nquantitative, but relative; things are not great or small\nabsolutely, they a", "is_accepted": false, "is_achieved": false, "voting_starts": "2016-05-12T01:42:51.800Z", "voting_ends": "2016-05-20T01:42:51.800Z", "suggested_by": 16, "league": 8, "upvotes": [72, 81], "downvotes": [4, 8, 16, 34, 87, 94]}}, {"model": "sh_app.suggestion", "pk": 77, "fields": {"name": "value-added zirconium voluntaryists\n", "description": "s being the case, it would be true to\nsay that no substance is relative in character. It is perhaps a\ndifficult matter, in such cases, to make a positive statement\nwithout more exhaustive examination,", "is_accepted": false, "is_achieved": false, "voting_starts": "2016-05-10T01:42:51.818Z", "voting_ends": "2016-05-15T01:42:51.818Z", "suggested_by": 59, "league": 8, "upvotes": [59, 81, 94], "downvotes": [4, 16, 18, 34, 35, 87]}}, {"model": "sh_app.suggestion", "pk": 78, "fields": {"name": "irreducible upholsteries anthropography\n", "description": "ch\nwas contiguous. Similarly the parts of a plane have position, for it\ncould similarly be stated what was the position of each and what\nsort of parts were contiguous. The same is true with regard to ", "is_accepted": false, "is_achieved": false, "voting_starts": "2016-05-05T01:42:51.838Z", "voting_ends": "2016-05-11T01:42:51.838Z", "suggested_by": 8, "league": 8, "upvotes": [4, 16, 18, 94], "downvotes": [34, 35, 59, 72]}}, {"model": "sh_app.suggestion", "pk": 79, "fields": {"name": "breezier do-goodism chandelles\n", "description": "ything else subsists also between the species and\nthe genus: for the species is to the genus as subject is to predicate,\nsince the genus is predicated of the species, whereas the species\ncannot be pre", "is_accepted": false, "is_achieved": false, "voting_starts": "2016-05-04T01:42:51.863Z", "voting_ends": "2016-05-08T01:42:51.863Z", "suggested_by": 81, "league": 8, "upvotes": [4, 18, 34, 72], "downvotes": [16, 59, 81]}}, {"model": "sh_app.suggestion", "pk": 80, "fields": {"name": "soaring heroes smellers\n", "description": " are said to be named 'univocally' which\nhave both the name and the definition answering to the name in common.\nA man and an ox are both 'animal', and these are univocally so\nnamed, inasmuch as not on", "is_accepted": false, "is_achieved": false, "voting_starts": "2016-05-09T01:42:51.887Z", "voting_ends": "2016-05-12T01:42:51.887Z", "suggested_by": 18, "league": 8, "upvotes": [4, 59, 87], "downvotes": [16, 18, 72, 81]}}, {"model": "sh_app.suggestion", "pk": 81, "fields": {"name": "senseless phanerogam gloaming\n", "description": "t, or of which they are predicated, must\nnecessarily contain either the one or the other of them, have no\nintermediate, but those in the case of which no such necessity\nobtains, always have an interme", "is_accepted": false, "is_achieved": false, "voting_starts": "2016-05-09T01:42:51.909Z", "voting_ends": "2016-05-10T01:42:51.909Z", "suggested_by": 82, "league": 9, "upvotes": [78, 79, 89], "downvotes": [5, 22, 59, 82]}}, {"model": "sh_app.suggestion", "pk": 82, "fields": {"name": "unorthodox thill rustics\n", "description": "lso admit of\nvariation of degree. So much, then, is stated with regard to these\ncategories.\n\n  We spoke, moreover, of the category of position when we were dealing\nwith that of relation, and stated th", "is_accepted": false, "is_achieved": false, "voting_starts": "2016-05-05T01:42:51.934Z", "voting_ends": "2016-05-12T01:42:51.934Z", "suggested_by": 16, "league": 9, "upvotes": [9, 78], "downvotes": [22, 79]}}, {"model": "sh_app.suggestion", "pk": 83, "fields": {"name": "semicomatose tomfoolishness meristems\n", "description": "hich\nthey are naturally present, or of which they are predicated, must\nnecessarily contain either the one or the other of them, have no\nintermediate, but those in the case of which no such necessity\no", "is_accepted": false, "is_achieved": false, "voting_starts": "2016-05-11T01:42:51.958Z", "voting_ends": "2016-05-18T01:42:51.958Z", "suggested_by": 82, "league": 9, "upvotes": [9, 18, 22, 89], "downvotes": [78, 79, 82]}}, {"model": "sh_app.suggestion", "pk": 84, "fields": {"name": "vicinal distributaries Denmark\n", "description": " nature capable of sight, it will be\nsaid either to see or to be blind, and that in an indeterminate sense,\nsignifying that the capacity may be either present or absent; for it\nis not necessary either", "is_accepted": false, "is_achieved": false, "voting_starts": "2016-05-04T01:42:51.982Z", "voting_ends": "2016-05-13T01:42:51.982Z", "suggested_by": 59, "league": 9, "upvotes": [9, 16], "downvotes": [5, 22, 78, 79, 89]}}, {"model": "sh_app.suggestion", "pk": 85, "fields": {"name": "guessable lemures Baluchistan\n", "description": "e subject does not\nexist at all, neither proposition is true, but even if the subject\nexists, it is not always the fact that one is true and the other\nfalse. For 'Socrates has sight' is the opposite o", "is_accepted": false, "is_achieved": false, "voting_starts": "2016-05-10T01:42:52.006Z", "voting_ends": "2016-05-13T01:42:52.006Z", "suggested_by": 78, "league": 9, "upvotes": [18, 22, 59, 82], "downvotes": [5, 39, 78]}}, {"model": "sh_app.suggestion", "pk": 86, "fields": {"name": "zanier Dolby Luo\n", "description": " regard to the double and the half, for\nthese are reciprocally dependent, since, if there is a double, there\nis also a half, and if there is a half, there is also a double,\nwhile at the same time neit", "is_accepted": false, "is_achieved": false, "voting_starts": "2016-05-08T01:42:52.028Z", "voting_ends": "2016-05-10T01:42:52.028Z", "suggested_by": 5, "league": 9, "upvotes": [9, 18, 39, 59, 78, 82], "downvotes": [5, 79]}}, {"model": "sh_app.suggestion", "pk": 87, "fields": {"name": "colored Bolivia tinklers\n", "description": "birds have\nwings, but qua winged creature. If, then, the statement is made\naccurate, the connexion will be reciprocal, for we can speak of a\nwing, having reference necessarily to a winged creature, an", "is_accepted": false, "is_achieved": false, "voting_starts": "2016-05-09T01:42:52.051Z", "voting_ends": "2016-05-14T01:42:52.051Z", "suggested_by": 89, "league": 9, "upvotes": [5, 18, 79], "downvotes": [22, 39, 59, 78, 82]}}, {"model": "sh_app.suggestion", "pk": 88, "fields": {"name": "sickle-shaped forays epicycloid\n", "description": "continuous. Moreover, some quantities\nare such that each part of the whole has a relative position to the\nother parts: others have within them no such relation of part to part.\n\n  Instances of discret", "is_accepted": false, "is_achieved": false, "voting_starts": "2016-05-09T01:42:52.075Z", "voting_ends": "2016-05-10T01:42:52.075Z", "suggested_by": 82, "league": 9, "upvotes": [5, 59, 79, 82], "downvotes": [9, 18, 22]}}, {"model": "sh_app.suggestion", "pk": 89, "fields": {"name": "noblest intubation whiskeys\n", "description": "m 'small', nor 'much' of 'little'. And even though a man should\ncall these terms not relative but quantitative, they would not have\ncontraries.\n\n  It is in the case of space that quantity most plausib", "is_accepted": false, "is_achieved": false, "voting_starts": "2016-05-09T01:42:52.100Z", "voting_ends": "2016-05-15T01:42:52.100Z", "suggested_by": 59, "league": 9, "upvotes": [9, 18, 22, 39, 78, 79, 89], "downvotes": [5, 59]}}, {"model": "sh_app.suggestion", "pk": 90, "fields": {"name": "Saxon whinges cultists\n", "description": "l still\nexist. If the correlative of 'the slave' is said to be 'the master',\nthen, though all irrelevant attributes of the said 'master', such as\n'biped', 'receptive of knowledge', 'human', should be ", "is_accepted": false, "is_achieved": false, "voting_starts": "2016-05-05T01:42:52.123Z", "voting_ends": "2016-05-09T01:42:52.123Z", "suggested_by": 9, "league": 9, "upvotes": [5, 22, 59], "downvotes": [16, 18, 78, 79, 89]}}, {"model": "auth.permission", "pk": 1, "fields": {"name": "Can add log entry", "content_type": 1, "codename": "add_logentry"}}, {"model": "auth.permission", "pk": 2, "fields": {"name": "Can change log entry", "content_type": 1, "codename": "change_logentry"}}, {"model": "auth.permission", "pk": 3, "fields": {"name": "Can delete log entry", "content_type": 1, "codename": "delete_logentry"}}, {"model": "auth.permission", "pk": 4, "fields": {"name": "Can add permission", "content_type": 2, "codename": "add_permission"}}, {"model": "auth.permission", "pk": 5, "fields": {"name": "Can change permission", "content_type": 2, "codename": "change_permission"}}, {"model": "auth.permission", "pk": 6, "fields": {"name": "Can delete permission", "content_type": 2, "codename": "delete_permission"}}, {"model": "auth.permission", "pk": 7, "fields": {"name": "Can add group", "content_type": 3, "codename": "add_group"}}, {"model": "auth.permission", "pk": 8, "fields": {"name": "Can change group", "content_type": 3, "codename": "change_group"}}, {"model": "auth.permission", "pk": 9, "fields": {"name": "Can delete group", "content_type": 3, "codename": "delete_group"}}, {"model": "auth.permission", "pk": 10, "fields": {"name": "Can add user", "content_type": 4, "codename": "add_user"}}, {"model": "auth.permission", "pk": 11, "fields": {"name": "Can change user", "content_type": 4, "codename": "change_user"}}, {"model": "auth.permission", "pk": 12, "fields": {"name": "Can delete user", "content_type": 4, "codename": "delete_user"}}, {"model": "auth.permission", "pk": 13, "fields": {"name": "Can add content type", "content_type": 5, "codename": "add_contenttype"}}, {"model": "auth.permission", "pk": 14, "fields": {"name": "Can change content type", "content_type": 5, "codename": "change_contenttype"}}, {"model": "auth.permission", "pk": 15, "fields": {"name": "Can delete content type", "content_type": 5, "codename": "delete_contenttype"}}, {"model": "auth.permission", "pk": 16, "fields": {"name": "Can add session", "content_type": 6, "codename": "add_session"}}, {"model": "auth.permission", "pk": 17, "fields": {"name": "Can change session", "content_type": 6, "codename": "change_session"}}, {"model": "auth.permission", "pk": 18, "fields": {"name": "Can delete session", "content_type": 6, "codename": "delete_session"}}, {"model": "auth.permission", "pk": 19, "fields": {"name": "Can add SH_User", "content_type": 7, "codename": "add_sh_user"}}, {"model": "auth.permission", "pk": 20, "fields": {"name": "Can change SH_User", "content_type": 7, "codename": "change_sh_user"}}, {"model": "auth.permission", "pk": 21, "fields": {"name": "Can delete SH_User", "content_type": 7, "codename": "delete_sh_user"}}, {"model": "auth.permission", "pk": 22, "fields": {"name": "Can add league", "content_type": 8, "codename": "add_league"}}, {"model": "auth.permission", "pk": 23, "fields": {"name": "Can change league", "content_type": 8, "codename": "change_league"}}, {"model": "auth.permission", "pk": 24, "fields": {"name": "Can delete league", "content_type": 8, "codename": "delete_league"}}, {"model": "auth.permission", "pk": 25, "fields": {"name": "Can add huddle", "content_type": 9, "codename": "add_huddle"}}, {"model": "auth.permission", "pk": 26, "fields": {"name": "Can change huddle", "content_type": 9, "codename": "change_huddle"}}, {"model": "auth.permission", "pk": 27, "fields": {"name": "Can delete huddle", "content_type": 9, "codename": "delete_huddle"}}, {"model": "auth.permission", "pk": 28, "fields": {"name": "Can add suggestion", "content_type": 10, "codename": "add_suggestion"}}, {"model": "auth.permission", "pk": 29, "fields": {"name": "Can change suggestion", "content_type": 10, "codename": "change_suggestion"}}, {"model": "auth.permission", "pk": 30, "fields": {"name": "Can delete suggestion", "content_type": 10, "codename": "delete_suggestion"}}, {"model": "auth.user", "pk": 1, "fields": {"password": "pbkdf2_sha256$24000$gy8EDc6d0XSL$u11QPOvV/p5tj21ddJ7gY+KoCjz6kUKdoNNIaFgZPW4=", "last_login": null, "is_superuser": false, "username": "done_cannikins", "first_name": "done", "last_name": "cannikins", "email": "gen123@gmail.com", "is_staff": false, "is_active": true, "date_joined": "2016-05-14T01:42:33.353Z", "groups": [], "user_permissions": []}}, {"model": "auth.user", "pk": 2, "fields": {"password": "pbkdf2_sha256$24000$t7MHL5LSgHjM$bqwHeYC+C6sWm4z/LT4tAIWAyBjloRBmCt2MiXYCbcY=", "last_login": null, "is_superuser": false, "username": "hulkiest_liveware", "first_name": "hulkiest", "last_name": "liveware", "email": "gen123@gmail.com", "is_staff": false, "is_active": true, "date_joined": "2016-05-14T01:42:33.755Z", "groups": [], "user_permissions": []}}, {"model": "auth.user", "pk": 3, "fields": {"password": "pbkdf2_sha256$24000$gNe3BPzkrg3k$sgzBGXYxAp+Sifk8ypanZiF2WEhsAMUa7TqUf/j46M0=", "last_login": null, "is_superuser": false, "username": "rainbowy_Clarissa", "first_name": "rainbowy", "last_name": "Clarissa", "email": "gen123@gmail.com", "is_staff": false, "is_active": true, "date_joined": "2016-05-14T01:42:33.876Z", "groups": [], "user_permissions": []}}, {"model": "auth.user", "pk": 4, "fields": {"password": "pbkdf2_sha256$24000$mO6UIdzhl4xq$+cFVtbXF6zYS0voSeR8n6YuCHE6k9zaTqxflFTfcLGo=", "last_login": null, "is_superuser": false, "username": "many_densitometers", "first_name": "many", "last_name": "densitometers", "email": "gen123@gmail.com", "is_staff": false, "is_active": true, "date_joined": "2016-05-14T01:42:33.999Z", "groups": [], "user_permissions": []}}, {"model": "auth.user", "pk": 5, "fields": {"password": "pbkdf2_sha256$24000$pFBQrgDw1111$CuYcQ1hafhDm3BX6UQv+042qkAXiofHEV9Dnfsn8Zlc=", "last_login": null, "is_superuser": false, "username": "countable_chivaree", "first_name": "countable", "last_name": "chivaree", "email": "gen123@gmail.com", "is_staff": false, "is_active": true, "date_joined": "2016-05-14T01:42:34.114Z", "groups": [], "user_permissions": []}}, {"model": "auth.user", "pk": 6, "fields": {"password": "pbkdf2_sha256$24000$fZooNByUglzn$7Dz9zYmuprhu2QiwVUkxS2QGGA78BZQBcpQWIQIOL7w=", "last_login": null, "is_superuser": false, "username": "apodictic_covenanter", "first_name": "apodictic", "last_name": "covenanter", "email": "gen123@gmail.com", "is_staff": false, "is_active": true, "date_joined": "2016-05-14T01:42:34.267Z", "groups": [], "user_permissions": []}}, {"model": "auth.user", "pk": 7, "fields": {"password": "pbkdf2_sha256$24000$TNfW2s0sKIel$rr7zxeOuEP6R2of+EH/Hzy2Si/vQRZPXUlByyuhAUlg=", "last_login": null, "is_superuser": false, "username": "burdened_tempos", "first_name": "burdened", "last_name": "tempos", "email": "gen123@gmail.com", "is_staff": false, "is_active": true, "date_joined": "2016-05-14T01:42:34.415Z", "groups": [], "user_permissions": []}}, {"model": "auth.user", "pk": 8, "fields": {"password": "pbkdf2_sha256$24000$8Lw1nlYTpEgM$24tpZsj/tS36OfqQbjfL/FzsaOb2TG1fKkTj0FDBRpU=", "last_login": null, "is_superuser": false, "username": "bitchy_straining", "first_name": "bitchy", "last_name": "straining", "email": "gen123@gmail.com", "is_staff": false, "is_active": true, "date_joined": "2016-05-14T01:42:34.615Z", "groups": [], "user_permissions": []}}, {"model": "auth.user", "pk": 9, "fields": {"password": "pbkdf2_sha256$24000$fmtcgTPIUEZC$boNh5YQBxpBkvyjiFzcznYEXyz8wK8AoWgPgQTzTC0w=", "last_login": null, "is_superuser": false, "username": "self-service_zeroing", "first_name": "self-service", "last_name": "zeroing", "email": "gen123@gmail.com", "is_staff": false, "is_active": true, "date_joined": "2016-05-14T01:42:34.765Z", "groups": [], "user_permissions": []}}, {"model": "auth.user", "pk": 10, "fields": {"password": "pbkdf2_sha256$24000$G87sixbU0KTY$Sz1/yP0vN4KYXBhHH09t9EUsTOGlLsoSN91Z9nf7wtk=", "last_login": null, "is_superuser": false, "username": "thoracic_aune", "first_name": "thoracic", "last_name": "aune", "email": "gen123@gmail.com", "is_staff": false, "is_active": true, "date_joined": "2016-05-14T01:42:34.887Z", "groups": [], "user_permissions": []}}, {"model": "auth.user", "pk": 11, "fields": {"password": "pbkdf2_sha256$24000$B1B2m1zuwNTt$Ej8D/32q0oxlBpz+k9QeBTctbGknxh4iuSp6OS4mm+w=", "last_login": null, "is_superuser": false, "username": "frustrating_centrist", "first_name": "frustrating", "last_name": "centrist", "email": "gen123@gmail.com", "is_staff": false, "is_active": true, "date_joined": "2016-05-14T01:42:35.027Z", "groups": [], "user_permissions": []}}, {"model": "auth.user", "pk": 12, "fields": {"password": "pbkdf2_sha256$24000$JGcMttMlR1se$vABDVNOUBRv7sU0wc4L3oOJSh+qOWac7bDWAMtpo1kY=", "last_login": null, "is_superuser": false, "username": "pudendal_noumenon", "first_name": "pudendal", "last_name": "noumenon", "email": "gen123@gmail.com", "is_staff": false, "is_active": true, "date_joined": "2016-05-14T01:42:35.209Z", "groups": [], "user_permissions": []}}, {"model": "auth.user", "pk": 13, "fields": {"password": "pbkdf2_sha256$24000$LFk4zxEQntoC$1dN/waDI/vuHCoGg/FxyOqu5IH6YDZqA72xsBggbFmY=", "last_login": null, "is_superuser": false, "username": "segmentate_diabolism", "first_name": "segmentate", "last_name": "diabolism", "email": "gen123@gmail.com", "is_staff": false, "is_active": true, "date_joined": "2016-05-14T01:42:35.432Z", "groups": [], "user_permissions": []}}, {"model": "auth.user", "pk": 14, "fields": {"password": "pbkdf2_sha256$24000$vJocgXgb8qXZ$noXEINK+6rzEURlTaFKCgWu1PCvjKQNcBRU4baIFSqY=", "last_login": null, "is_superuser": false, "username": "monoclonal_Midwest", "first_name": "monoclonal", "last_name": "Midwest", "email": "gen123@gmail.com", "is_staff": false, "is_active": true, "date_joined": "2016-05-14T01:42:35.633Z", "groups": [], "user_permissions": []}}, {"model": "auth.user", "pk": 15, "fields": {"password": "pbkdf2_sha256$24000$ztl5oOnc6w8q$57K6jf+mO8S4WAxdwUXY805KY8zHrsXuOqcbsNPLiV0=", "last_login": null, "is_superuser": false, "username": "quietistic_acidifiers", "first_name": "quietistic", "last_name": "acidifiers", "email": "gen123@gmail.com", "is_staff": false, "is_active": true, "date_joined": "2016-05-14T01:42:35.811Z", "groups": [], "user_permissions": []}}, {"model": "auth.user", "pk": 16, "fields": {"password": "pbkdf2_sha256$24000$2Ym7GQN8JZE2$R/HOnnJJDIHxyPhtAjvpjHHaC2TJhoJaoHc02P44Cz4=", "last_login": null, "is_superuser": false, "username": "indestructible_recessionals", "first_name": "indestructible", "last_name": "recessionals", "email": "gen123@gmail.com", "is_staff": false, "is_active": true, "date_joined": "2016-05-14T01:42:36.001Z", "groups": [], "user_permissions": []}}, {"model": "auth.user", "pk": 17, "fields": {"password": "pbkdf2_sha256$24000$RRR7mQv0acnJ$mPCbbZRW3xuh0CsfMxSPhucoJvhWLfT8N6gw6JeBJIw=", "last_login": null, "is_superuser": false, "username": "raving_wheelbarrow", "first_name": "raving", "last_name": "wheelbarrow", "email": "gen123@gmail.com", "is_staff": false, "is_active": true, "date_joined": "2016-05-14T01:42:36.176Z", "groups": [], "user_permissions": []}}, {"model": "auth.user", "pk": 18, "fields": {"password": "pbkdf2_sha256$24000$0PgfeYbszoQu$AjetVOSFC93ECjjCf14GkidlPxFlAwIbp9CAgyb+wK4=", "last_login": null, "is_superuser": false, "username": "waggly_sumps", "first_name": "waggly", "last_name": "sumps", "email": "gen123@gmail.com", "is_staff": false, "is_active": true, "date_joined": "2016-05-14T01:42:36.321Z", "groups": [], "user_permissions": []}}, {"model": "auth.user", "pk": 19, "fields": {"password": "pbkdf2_sha256$24000$9TRYX5X9QDwl$1f1vFKygoFTM541ltkUQOBE+H/F6p0N7o4CQzJAVCOk=", "last_login": null, "is_superuser": false, "username": "tonnish_vicissitudes", "first_name": "tonnish", "last_name": "vicissitudes", "email": "gen123@gmail.com", "is_staff": false, "is_active": true, "date_joined": "2016-05-14T01:42:36.470Z", "groups": [], "user_permissions": []}}, {"model": "auth.user", "pk": 20, "fields": {"password": "pbkdf2_sha256$24000$sW4c594SAOvP$PolknVsjTxsWLaxMiWwcRwom1oA6A4q+d51SoaiB3bU=", "last_login": null, "is_superuser": false, "username": "hostile_unsettlement", "first_name": "hostile", "last_name": "unsettlement", "email": "gen123@gmail.com", "is_staff": false, "is_active": true, "date_joined": "2016-05-14T01:42:36.581Z", "groups": [], "user_permissions": []}}, {"model": "auth.user", "pk": 21, "fields": {"password": "pbkdf2_sha256$24000$3Hnj2D8JRc6B$Q7KkBATKJunzekVhK8xK6ZpVNzOvcaNhVz9pPg36G0o=", "last_login": null, "is_superuser": false, "username": "conglutinant_surmisers", "first_name": "conglutinant", "last_name": "surmisers", "email": "gen123@gmail.com", "is_staff": false, "is_active": true, "date_joined": "2016-05-14T01:42:36.701Z", "groups": [], "user_permissions": []}}, {"model": "auth.user", "pk": 22, "fields": {"password": "pbkdf2_sha256$24000$wuGgu3qJ63wv$7D2cAAFWZagYSyA84l+rYC5AgaIZ8HA6uT/wd6ZwqoQ=", "last_login": null, "is_superuser": false, "username": "preludious_hovercrafts", "first_name": "preludious", "last_name": "hovercrafts", "email": "gen123@gmail.com", "is_staff": false, "is_active": true, "date_joined": "2016-05-14T01:42:36.815Z", "groups": [], "user_permissions": []}}, {"model": "auth.user", "pk": 23, "fields": {"password": "pbkdf2_sha256$24000$QSSJnITn4v5D$KlodVY0n2e/uYKAJT6ueHGuaVDynXqXCDqZ2+oElUeo=", "last_login": null, "is_superuser": false, "username": "sporangial_corbeil", "first_name": "sporangial", "last_name": "corbeil", "email": "gen123@gmail.com", "is_staff": false, "is_active": true, "date_joined": "2016-05-14T01:42:36.931Z", "groups": [], "user_permissions": []}}, {"model": "auth.user", "pk": 24, "fields": {"password": "pbkdf2_sha256$24000$uF8oRs39TQlS$XT5ESpghv4OgMTtOcKG2VBio1r9RJ/Lqvyi62npF5f0=", "last_login": null, "is_superuser": false, "username": "profuse_bronzings", "first_name": "profuse", "last_name": "bronzings", "email": "gen123@gmail.com", "is_staff": false, "is_active": true, "date_joined": "2016-05-14T01:42:37.043Z", "groups": [], "user_permissions": []}}, {"model": "auth.user", "pk": 25, "fields": {"password": "pbkdf2_sha256$24000$emXEAZbTBC2y$9g20JC6V/4ghe7DoJtOsT7ng7ueTfwKFCOYAxmA8dZY=", "last_login": null, "is_superuser": false, "username": "large-handed_Richthofen", "first_name": "large-handed", "last_name": "Richthofen", "email": "gen123@gmail.com", "is_staff": false, "is_active": true, "date_joined": "2016-05-14T01:42:37.185Z", "groups": [], "user_permissions": []}}, {"model": "auth.user", "pk": 26, "fields": {"password": "pbkdf2_sha256$24000$SJVndQor0rbF$9Mpmshy/dYOWxnrBzZ62tlaywBR9Y5dld3lVU9Xdm+E=", "last_login": null, "is_superuser": false, "username": "leviratical_Shakti", "first_name": "leviratical", "last_name": "Shakti", "email": "gen123@gmail.com", "is_staff": false, "is_active": true, "date_joined": "2016-05-14T01:42:37.337Z", "groups": [], "user_permissions": []}}, {"model": "auth.user", "pk": 27, "fields": {"password": "pbkdf2_sha256$24000$RFLlHglnTM8Z$UaF54/ed5X6FDIw3a2p0O7N0FZPVv5EXLj1lhCAzOYE=", "last_login": null, "is_superuser": false, "username": "climatical_headway", "first_name": "climatical", "last_name": "headway", "email": "gen123@gmail.com", "is_staff": false, "is_active": true, "date_joined": "2016-05-14T01:42:37.468Z", "groups": [], "user_permissions": []}}, {"model": "auth.user", "pk": 28, "fields": {"password": "pbkdf2_sha256$24000$wNnF60vLfw05$A5Csx8gHKtfLdyJ+4RMSDWgDmifNmSaIRWXqGbQGUXM=", "last_login": null, "is_superuser": false, "username": "envious_jebel", "first_name": "envious", "last_name": "jebel", "email": "gen123@gmail.com", "is_staff": false, "is_active": true, "date_joined": "2016-05-14T01:42:37.597Z", "groups": [], "user_permissions": []}}, {"model": "auth.user", "pk": 29, "fields": {"password": "pbkdf2_sha256$24000$YnvOtAWYPYlT$DZ43pIfHrz4dak3E1Xc9rpw9dTe5B43FBkpk/F939Mc=", "last_login": null, "is_superuser": false, "username": "deferred_unreconcilableness", "first_name": "deferred", "last_name": "unreconcilableness", "email": "gen123@gmail.com", "is_staff": false, "is_active": true, "date_joined": "2016-05-14T01:42:37.731Z", "groups": [], "user_permissions": []}}, {"model": "auth.user", "pk": 30, "fields": {"password": "pbkdf2_sha256$24000$tWhOAuegEKXI$IiJtyx2ipLGqn/nsKVZoPTHahPVjPzt9ld9cAXsapJ0=", "last_login": null, "is_superuser": false, "username": "dissuasive_pasturages", "first_name": "dissuasive", "last_name": "pasturages", "email": "gen123@gmail.com", "is_staff": false, "is_active": true, "date_joined": "2016-05-14T01:42:37.842Z", "groups": [], "user_permissions": []}}, {"model": "auth.user", "pk": 31, "fields": {"password": "pbkdf2_sha256$24000$UTnC8rS69Rk1$gHKt+/B+KAGvuLWwfEKHlYujauH+RzzdcMridU1TgJk=", "last_login": null, "is_superuser": false, "username": "dispossessed_micros", "first_name": "dispossessed", "last_name": "micros", "email": "gen123@gmail.com", "is_staff": false, "is_active": true, "date_joined": "2016-05-14T01:42:37.963Z", "groups": [], "user_permissions": []}}, {"model": "auth.user", "pk": 32, "fields": {"password": "pbkdf2_sha256$24000$2NMpMRd0Uqru$JkxnZXwr6lEk93LZpprXshWi78hM/YVsH4Fkg7/K9II=", "last_login": null, "is_superuser": false, "username": "unassumed_landholder", "first_name": "unassumed", "last_name": "landholder", "email": "gen123@gmail.com", "is_staff": false, "is_active": true, "date_joined": "2016-05-14T01:42:38.082Z", "groups": [], "user_permissions": []}}, {"model": "auth.user", "pk": 33, "fields": {"password": "pbkdf2_sha256$24000$5QoPhLVrXomd$nZsGfjIfKKAu/Y2ygit4PbQWFfvbjy30AjoDljLZhZo=", "last_login": null, "is_superuser": false, "username": "ungummed_dissuasion", "first_name": "ungummed", "last_name": "dissuasion", "email": "gen123@gmail.com", "is_staff": false, "is_active": true, "date_joined": "2016-05-14T01:42:38.209Z", "groups": [], "user_permissions": []}}, {"model": "auth.user", "pk": 34, "fields": {"password": "pbkdf2_sha256$24000$bmMDRVotzITb$WIYbwboQEa2iTvdxUB98zpOpWA++ltHFUtbmO1pqD1I=", "last_login": null, "is_superuser": false, "username": "unallied_endoblast", "first_name": "unallied", "last_name": "endoblast", "email": "gen123@gmail.com", "is_staff": false, "is_active": true, "date_joined": "2016-05-14T01:42:38.335Z", "groups": [], "user_permissions": []}}, {"model": "auth.user", "pk": 35, "fields": {"password": "pbkdf2_sha256$24000$1j2VHKaAoHMC$p6G5yXXtaNeiCxqbUFSTg9/YRXxUQDngzV1tOjnF+Ts=", "last_login": null, "is_superuser": false, "username": "barbellate_propylites", "first_name": "barbellate", "last_name": "propylites", "email": "gen123@gmail.com", "is_staff": false, "is_active": true, "date_joined": "2016-05-14T01:42:38.468Z", "groups": [], "user_permissions": []}}, {"model": "auth.user", "pk": 36, "fields": {"password": "pbkdf2_sha256$24000$UNzc8jqYIu5Y$Ze/SEI941gU71lAAMkXTDvsd1q8eGGJfeVB1/v2YauY=", "last_login": null, "is_superuser": false, "username": "predictive_hwyl", "first_name": "predictive", "last_name": "hwyl", "email": "gen123@gmail.com", "is_staff": false, "is_active": true, "date_joined": "2016-05-14T01:42:38.597Z", "groups": [], "user_permissions": []}}, {"model": "auth.user", "pk": 37, "fields": {"password": "pbkdf2_sha256$24000$mNjRonGSlqHL$pIgrlHrTF63m0bUlK+Mzd53DJAlG8znm8zh5xo5PF3k=", "last_login": null, "is_superuser": false, "username": "successless_half-days", "first_name": "successless", "last_name": "half-days", "email": "gen123@gmail.com", "is_staff": false, "is_active": true, "date_joined": "2016-05-14T01:42:38.714Z", "groups": [], "user_permissions": []}}, {"model": "auth.user", "pk": 38, "fields": {"password": "pbkdf2_sha256$24000$PZemNX27YjL1$Zd2iChuYwGOnRGEFpew7EljnGBFOUehqTpAEUuFg0WA=", "last_login": null, "is_superuser": false, "username": "assimilative_reconquest", "first_name": "assimilative", "last_name": "reconquest", "email": "gen123@gmail.com", "is_staff": false, "is_active": true, "date_joined": "2016-05-14T01:42:38.831Z", "groups": [], "user_permissions": []}}, {"model": "auth.user", "pk": 39, "fields": {"password": "pbkdf2_sha256$24000$08hsN6pbiCJp$i3l+LIgg6s5Gx+M5Ov6EvK+thq5vWlbVqx+h9v00Fs4=", "last_login": null, "is_superuser": false, "username": "noteworthy_respectfulness", "first_name": "noteworthy", "last_name": "respectfulness", "email": "gen123@gmail.com", "is_staff": false, "is_active": true, "date_joined": "2016-05-14T01:42:38.985Z", "groups": [], "user_permissions": []}}, {"model": "auth.user", "pk": 40, "fields": {"password": "pbkdf2_sha256$24000$jthzVHd9aboT$r2okmlZmGTQDamqD8GSscG76TYYPIs/zUFpugI6wh08=", "last_login": null, "is_superuser": false, "username": "massive_dialogues", "first_name": "massive", "last_name": "dialogues", "email": "gen123@gmail.com", "is_staff": false, "is_active": true, "date_joined": "2016-05-14T01:42:39.096Z", "groups": [], "user_permissions": []}}, {"model": "auth.user", "pk": 41, "fields": {"password": "pbkdf2_sha256$24000$aKcT77ryDlJb$/CS0zXYBehVnWpl4aumOAIiP7+bOa4CMRoqHKlpmsBs=", "last_login": null, "is_superuser": false, "username": "incubative_historicisms", "first_name": "incubative", "last_name": "historicisms", "email": "gen123@gmail.com", "is_staff": false, "is_active": true, "date_joined": "2016-05-14T01:42:39.213Z", "groups": [], "user_permissions": []}}, {"model": "auth.user", "pk": 42, "fields": {"password": "pbkdf2_sha256$24000$dg2qG4TSe8py$KvG6J/cpsxePwYIVD5wRltCv/g/YHie7R1mktyHlj/o=", "last_login": null, "is_superuser": false, "username": "ophiolatrous_lichis", "first_name": "ophiolatrous", "last_name": "lichis", "email": "gen123@gmail.com", "is_staff": false, "is_active": true, "date_joined": "2016-05-14T01:42:39.324Z", "groups": [], "user_permissions": []}}, {"model": "auth.user", "pk": 43, "fields": {"password": "pbkdf2_sha256$24000$4WvlmibMeZOf$yL/J0yutMvAJjrixIXhxqbsue7nQm9qBKnVYvL6vZ5I=", "last_login": null, "is_superuser": false, "username": "carboniferous_cupid", "first_name": "carboniferous", "last_name": "cupid", "email": "gen123@gmail.com", "is_staff": false, "is_active": true, "date_joined": "2016-05-14T01:42:39.447Z", "groups": [], "user_permissions": []}}, {"model": "auth.user", "pk": 44, "fields": {"password": "pbkdf2_sha256$24000$YlOEc89v8TjS$0IVQzQpL24yMiTW+f/kAAXJrbUgy+m45eNoQpW+sq7I=", "last_login": null, "is_superuser": false, "username": "unarmed_caramelizations", "first_name": "unarmed", "last_name": "caramelizations", "email": "gen123@gmail.com", "is_staff": false, "is_active": true, "date_joined": "2016-05-14T01:42:39.561Z", "groups": [], "user_permissions": []}}, {"model": "auth.user", "pk": 45, "fields": {"password": "pbkdf2_sha256$24000$TO5zvwKqDBV3$MGv6fVJgs5mYwDdh2TeMd1/2d7hgGmqhl78q00f1KYw=", "last_login": null, "is_superuser": false, "username": "unplucked_Hebraist", "first_name": "unplucked", "last_name": "Hebraist", "email": "gen123@gmail.com", "is_staff": false, "is_active": true, "date_joined": "2016-05-14T01:42:39.694Z", "groups": [], "user_permissions": []}}, {"model": "auth.user", "pk": 46, "fields": {"password": "pbkdf2_sha256$24000$xooiUrSkk5MJ$dIIVOpcswvZx1tDseNWbvMzl8MO2IwzJOJo+5fibPDs=", "last_login": null, "is_superuser": false, "username": "dampish_pole-vaulters", "first_name": "dampish", "last_name": "pole-vaulters", "email": "gen123@gmail.com", "is_staff": false, "is_active": true, "date_joined": "2016-05-14T01:42:39.821Z", "groups": [], "user_permissions": []}}, {"model": "auth.user", "pk": 47, "fields": {"password": "pbkdf2_sha256$24000$ofnDoh6CQ6fj$B6Uvac7XZYKM/HHCZtAbbOERDptlzNUTbfvkWWkY2DM=", "last_login": null, "is_superuser": false, "username": "enumerative_Felice", "first_name": "enumerative", "last_name": "Felice", "email": "gen123@gmail.com", "is_staff": false, "is_active": true, "date_joined": "2016-05-14T01:42:39.946Z", "groups": [], "user_permissions": []}}, {"model": "auth.user", "pk": 48, "fields": {"password": "pbkdf2_sha256$24000$oZG8w2nmJEIP$k82XWto9n9ObQ58FcJQeVoRLmPLgB4F4dtZVrmSC6ZI=", "last_login": null, "is_superuser": false, "username": "ferrous_Vespucci", "first_name": "ferrous", "last_name": "Vespucci", "email": "gen123@gmail.com", "is_staff": false, "is_active": true, "date_joined": "2016-05-14T01:42:40.071Z", "groups": [], "user_permissions": []}}, {"model": "auth.user", "pk": 49, "fields": {"password": "pbkdf2_sha256$24000$rCRDL4UrD2WB$UL54/EBZksC0EBrNPRKGuZnbcKZolLMkwjC1vhFRtlY=", "last_login": null, "is_superuser": false, "username": "resuscitative_iridization", "first_name": "resuscitative", "last_name": "iridization", "email": "gen123@gmail.com", "is_staff": false, "is_active": true, "date_joined": "2016-05-14T01:42:40.186Z", "groups": [], "user_permissions": []}}, {"model": "auth.user", "pk": 50, "fields": {"password": "pbkdf2_sha256$24000$ZPDGfLahwHPa$QYiWFsNHSVlHlOJ6mjQ0NsQFGiCSR+k+Jsq0+5ZRHZg=", "last_login": null, "is_superuser": false, "username": "marauding_piggie", "first_name": "marauding", "last_name": "piggie", "email": "gen123@gmail.com", "is_staff": false, "is_active": true, "date_joined": "2016-05-14T01:42:40.297Z", "groups": [], "user_permissions": []}}, {"model": "auth.user", "pk": 51, "fields": {"password": "pbkdf2_sha256$24000$MoW1tXxM4QBn$lje+fPsuiXw0tE42yoeZNANgH9aEIU4QnvuwDdRnBmA=", "last_login": null, "is_superuser": false, "username": "unrecalled_feticides", "first_name": "unrecalled", "last_name": "feticides", "email": "gen123@gmail.com", "is_staff": false, "is_active": true, "date_joined": "2016-05-14T01:42:40.420Z", "groups": [], "user_permissions": []}}, {"model": "auth.user", "pk": 52, "fields": {"password": "pbkdf2_sha256$24000$j3FpEUIB3TiA$GC3A9I7Hts2DenMysaLn7bxBUKIbbmZkEOmT0X2pbBo=", "last_login": null, "is_superuser": false, "username": "to-and-fro_sleeping", "first_name": "to-and-fro", "last_name": "sleeping", "email": "gen123@gmail.com", "is_staff": false, "is_active": true, "date_joined": "2016-05-14T01:42:40.529Z", "groups": [], "user_permissions": []}}, {"model": "auth.user", "pk": 53, "fields": {"password": "pbkdf2_sha256$24000$W7AOFOZKkKdY$gfaL7HBvvwRkm4ORtOOToWK2Je+XlfC9xdQOTL/1KWg=", "last_login": null, "is_superuser": false, "username": "varnished_oligopsonies", "first_name": "varnished", "last_name": "oligopsonies", "email": "gen123@gmail.com", "is_staff": false, "is_active": true, "date_joined": "2016-05-14T01:42:40.668Z", "groups": [], "user_permissions": []}}, {"model": "auth.user", "pk": 54, "fields": {"password": "pbkdf2_sha256$24000$2BAgRKO2wFd0$fsyJEuSBsIQi6q6p87WmJwT0QJpNfR2ouo1fGKAPEh4=", "last_login": null, "is_superuser": false, "username": "trompe-l'oeil_saussurite", "first_name": "trompe-l'oeil", "last_name": "saussurite", "email": "gen123@gmail.com", "is_staff": false, "is_active": true, "date_joined": "2016-05-14T01:42:40.781Z", "groups": [], "user_permissions": []}}, {"model": "auth.user", "pk": 55, "fields": {"password": "pbkdf2_sha256$24000$Aq54kTMpESyJ$Da4VQ+kc6CRNpsKUtVw+KMrCx7XevHPGFO74KySQOmo=", "last_login": null, "is_superuser": false, "username": "sparse_stitchworts", "first_name": "sparse", "last_name": "stitchworts", "email": "gen123@gmail.com", "is_staff": false, "is_active": true, "date_joined": "2016-05-14T01:42:40.928Z", "groups": [], "user_permissions": []}}, {"model": "auth.user", "pk": 56, "fields": {"password": "pbkdf2_sha256$24000$6dZrQKN4ZAtl$epHE0a5qjQ29Nt5deIufPXP0Vv7PZFU4+51zqHSESjQ=", "last_login": null, "is_superuser": false, "username": "accretive_shrubbery", "first_name": "accretive", "last_name": "shrubbery", "email": "gen123@gmail.com", "is_staff": false, "is_active": true, "date_joined": "2016-05-14T01:42:41.069Z", "groups": [], "user_permissions": []}}, {"model": "auth.user", "pk": 57, "fields": {"password": "pbkdf2_sha256$24000$0p85L0JCIESt$ocYve4y0yZ/F7E2jHiJGgPe2EOxrP2BgcokTU0gm1WY=", "last_login": null, "is_superuser": false, "username": "probable_aridity", "first_name": "probable", "last_name": "aridity", "email": "gen123@gmail.com", "is_staff": false, "is_active": true, "date_joined": "2016-05-14T01:42:41.189Z", "groups": [], "user_permissions": []}}, {"model": "auth.user", "pk": 58, "fields": {"password": "pbkdf2_sha256$24000$DMzBYa4zI36I$v0ol7u40uGp1AXfwBTs9u7GsT37Ui3RoeayFwB9pb0c=", "last_login": null, "is_superuser": false, "username": "unblamed_dignity", "first_name": "unblamed", "last_name": "dignity", "email": "gen123@gmail.com", "is_staff": false, "is_active": true, "date_joined": "2016-05-14T01:42:41.405Z", "groups": [], "user_permissions": []}}, {"model": "auth.user", "pk": 59, "fields": {"password": "pbkdf2_sha256$24000$DgqLgE2YVjHJ$h5ueiWrc992sOpcxdCSHOJ9B2NKyJoShJ46gNMwSIZQ=", "last_login": null, "is_superuser": false, "username": "proof_crapshooter", "first_name": "proof", "last_name": "crapshooter", "email": "gen123@gmail.com", "is_staff": false, "is_active": true, "date_joined": "2016-05-14T01:42:41.631Z", "groups": [], "user_permissions": []}}, {"model": "auth.user", "pk": 60, "fields": {"password": "pbkdf2_sha256$24000$KtyxBG7gXmH2$W+7ZVxykNpVtj3UPZsnKi+38caeHov5Foh1X/8Lm5wE=", "last_login": null, "is_superuser": false, "username": "ickier_incense", "first_name": "ickier", "last_name": "incense", "email": "gen123@gmail.com", "is_staff": false, "is_active": true, "date_joined": "2016-05-14T01:42:41.850Z", "groups": [], "user_permissions": []}}, {"model": "auth.user", "pk": 61, "fields": {"password": "pbkdf2_sha256$24000$WXsLVQ8Pwbir$vZf++y0TN709OqiO8OtVIokS8uLbkEXY6PtAd2N68K4=", "last_login": null, "is_superuser": false, "username": "crumbled_amalgams", "first_name": "crumbled", "last_name": "amalgams", "email": "gen123@gmail.com", "is_staff": false, "is_active": true, "date_joined": "2016-05-14T01:42:42.032Z", "groups": [], "user_permissions": []}}, {"model": "auth.user", "pk": 62, "fields": {"password": "pbkdf2_sha256$24000$KJTRXwjaRwnK$U6KNoYlKvsOtAwVBGlZXhOe9sPmXL0Z18v46pOET7qA=", "last_login": null, "is_superuser": false, "username": "epiblastic_sniper", "first_name": "epiblastic", "last_name": "sniper", "email": "gen123@gmail.com", "is_staff": false, "is_active": true, "date_joined": "2016-05-14T01:42:42.220Z", "groups": [], "user_permissions": []}}, {"model": "auth.user", "pk": 63, "fields": {"password": "pbkdf2_sha256$24000$4EW5PFwQ9q07$O8NvSE2QtYHNUw5ZqD5Ou27zpFOnsCitPGmua0S+nD4=", "last_login": null, "is_superuser": false, "username": "Laurentian_rem", "first_name": "Laurentian", "last_name": "rem", "email": "gen123@gmail.com", "is_staff": false, "is_active": true, "date_joined": "2016-05-14T01:42:42.334Z", "groups": [], "user_permissions": []}}, {"model": "auth.user", "pk": 64, "fields": {"password": "pbkdf2_sha256$24000$xaioAls73TDJ$5tFiQKe1bt1HfOec5A9EXkGUOxYBxbY08HXEuHHTN08=", "last_login": null, "is_superuser": false, "username": "Memphite_instantaneity", "first_name": "Memphite", "last_name": "instantaneity", "email": "gen123@gmail.com", "is_staff": false, "is_active": true, "date_joined": "2016-05-14T01:42:42.462Z", "groups": [], "user_permissions": []}}, {"model": "auth.user", "pk": 65, "fields": {"password": "pbkdf2_sha256$24000$SrLzxWAPsxnp$ClapGwr8j+rE1SxGf4zzaG3xB6Gdf5Ta7WcECt0YEkI=", "last_login": null, "is_superuser": false, "username": "naming_ergatocracies", "first_name": "naming", "last_name": "ergatocracies", "email": "gen123@gmail.com", "is_staff": false, "is_active": true, "date_joined": "2016-05-14T01:42:42.583Z", "groups": [], "user_permissions": []}}, {"model": "auth.user", "pk": 66, "fields": {"password": "pbkdf2_sha256$24000$N3FUTGrev0n6$BuopVDUlxHbR15MzUGLADcvmz4ngOpbae707xK9LgsY=", "last_login": null, "is_superuser": false, "username": "felicific_subsequence", "first_name": "felicific", "last_name": "subsequence", "email": "gen123@gmail.com", "is_staff": false, "is_active": true, "date_joined": "2016-05-14T01:42:42.709Z", "groups": [], "user_permissions": []}}, {"model": "auth.user", "pk": 67, "fields": {"password": "pbkdf2_sha256$24000$uWb3Lshngswl$DtRatma2/FxLUxZaadtUXT2XLubYpy9BQEwDYqzvdko=", "last_login": null, "is_superuser": false, "username": "aortic_pardners", "first_name": "aortic", "last_name": "pardners", "email": "gen123@gmail.com", "is_staff": false, "is_active": true, "date_joined": "2016-05-14T01:42:42.838Z", "groups": [], "user_permissions": []}}, {"model": "auth.user", "pk": 68, "fields": {"password": "pbkdf2_sha256$24000$6vbGBvtq72nn$zfxvsTSuEgzTCeahuAT+CQf88hIINs40PSZ9jGjyxYQ=", "last_login": null, "is_superuser": false, "username": "gobony_varier", "first_name": "gobony", "last_name": "varier", "email": "gen123@gmail.com", "is_staff": false, "is_active": true, "date_joined": "2016-05-14T01:42:42.977Z", "groups": [], "user_permissions": []}}, {"model": "auth.user", "pk": 69, "fields": {"password": "pbkdf2_sha256$24000$klwk8SVYg0qr$Z+/UkmZGgyqPMBt1R9POet6j5yxL1Xjy744MCELu3UU=", "last_login": null, "is_superuser": false, "username": "easy-going_intorsions", "first_name": "easy-going", "last_name": "intorsions", "email": "gen123@gmail.com", "is_staff": false, "is_active": true, "date_joined": "2016-05-14T01:42:43.101Z", "groups": [], "user_permissions": []}}, {"model": "auth.user", "pk": 70, "fields": {"password": "pbkdf2_sha256$24000$cRaF9qb3fgp2$B25oW0ltTdnmywuxraM3wc74MI/YGE8Rb8gGGNHH1GQ=", "last_login": null, "is_superuser": false, "username": "Gothic_riggings", "first_name": "Gothic", "last_name": "riggings", "email": "gen123@gmail.com", "is_staff": false, "is_active": true, "date_joined": "2016-05-14T01:42:43.220Z", "groups": [], "user_permissions": []}}, {"model": "auth.user", "pk": 71, "fields": {"password": "pbkdf2_sha256$24000$LqO6Mm7Sl8e8$TZhlgRR/dOrybarUexG7HfSljM0dM3+Tffnq7sgsQjY=", "last_login": null, "is_superuser": false, "username": "interminable_antepenults", "first_name": "interminable", "last_name": "antepenults", "email": "gen123@gmail.com", "is_staff": false, "is_active": true, "date_joined": "2016-05-14T01:42:43.340Z", "groups": [], "user_permissions": []}}, {"model": "auth.user", "pk": 72, "fields": {"password": "pbkdf2_sha256$24000$7O4AHnUbsrVj$PZGLb55stTuYbmgqwiJmHVgkvEplEtbJVeNfTzbRuzE=", "last_login": null, "is_superuser": false, "username": "self-correcting_coverage", "first_name": "self-correcting", "last_name": "coverage", "email": "gen123@gmail.com", "is_staff": false, "is_active": true, "date_joined": "2016-05-14T01:42:43.486Z", "groups": [], "user_permissions": []}}, {"model": "auth.user", "pk": 73, "fields": {"password": "pbkdf2_sha256$24000$nA9DGfzAVx8Y$shD/qzpTVtnSJhtBDbH67zB785DocCdGE2vPSIDZzsA=", "last_login": null, "is_superuser": false, "username": "inobservant_vervain", "first_name": "inobservant", "last_name": "vervain", "email": "gen123@gmail.com", "is_staff": false, "is_active": true, "date_joined": "2016-05-14T01:42:43.604Z", "groups": [], "user_permissions": []}}, {"model": "auth.user", "pk": 74, "fields": {"password": "pbkdf2_sha256$24000$L7tZ7DeQmqUL$PNZTVupYkE171hQSuJODkh5ATH1u51PWnNWoLSA60PY=", "last_login": null, "is_superuser": false, "username": "bated_dakoit", "first_name": "bated", "last_name": "dakoit", "email": "gen123@gmail.com", "is_staff": false, "is_active": true, "date_joined": "2016-05-14T01:42:43.733Z", "groups": [], "user_permissions": []}}, {"model": "auth.user", "pk": 75, "fields": {"password": "pbkdf2_sha256$24000$oSCs2QdlK4LG$NzuInsqdS3g23ivBGx3NC8V3fv3+fbED/aZ3xqoKHHY=", "last_login": null, "is_superuser": false, "username": "unaware_Carmichael", "first_name": "unaware", "last_name": "Carmichael", "email": "gen123@gmail.com", "is_staff": false, "is_active": true, "date_joined": "2016-05-14T01:42:43.849Z", "groups": [], "user_permissions": []}}, {"model": "auth.user", "pk": 76, "fields": {"password": "pbkdf2_sha256$24000$2hUsai1MMmx0$g7v4deCTDO8m4FwsyIKgFu92mP5xRQdZN+zIKxdcflE=", "last_login": null, "is_superuser": false, "username": "virtuosity_centavos", "first_name": "virtuosity", "last_name": "centavos", "email": "gen123@gmail.com", "is_staff": false, "is_active": true, "date_joined": "2016-05-14T01:42:43.973Z", "groups": [], "user_permissions": []}}, {"model": "auth.user", "pk": 77, "fields": {"password": "pbkdf2_sha256$24000$sbBbaLgXeeME$L+QihwpgcXWQ7jOtGTsVPc6tbBXrLp5MQBv6ss90Q3w=", "last_login": null, "is_superuser": false, "username": "shrivelled_immaculateness", "first_name": "shrivelled", "last_name": "immaculateness", "email": "gen123@gmail.com", "is_staff": false, "is_active": true, "date_joined": "2016-05-14T01:42:44.103Z", "groups": [], "user_permissions": []}}, {"model": "auth.user", "pk": 78, "fields": {"password": "pbkdf2_sha256$24000$8gOEQ0mU9qOq$K3xaQ8JAo4zp6dJQ2xBVljTe6xwOzhc4LTK2Yu51F5Q=", "last_login": null, "is_superuser": false, "username": "controllable_lippies", "first_name": "controllable", "last_name": "lippies", "email": "gen123@gmail.com", "is_staff": false, "is_active": true, "date_joined": "2016-05-14T01:42:44.220Z", "groups": [], "user_permissions": []}}, {"model": "auth.user", "pk": 79, "fields": {"password": "pbkdf2_sha256$24000$9MY6L7q0L7xZ$B1iydj+EmDadGIuG0H2ipu3w/PUX2zpI67glOQYbsEc=", "last_login": null, "is_superuser": false, "username": "naive_patchouly", "first_name": "naive", "last_name": "patchouly", "email": "gen123@gmail.com", "is_staff": false, "is_active": true, "date_joined": "2016-05-14T01:42:44.330Z", "groups": [], "user_permissions": []}}, {"model": "auth.user", "pk": 80, "fields": {"password": "pbkdf2_sha256$24000$EwdPntmi7fOK$Ni95KhDj3MG4aId99bTz/FgsXTqYD8FpZ6UfJHHiPsc=", "last_login": null, "is_superuser": false, "username": "equatable_bonzes", "first_name": "equatable", "last_name": "bonzes", "email": "gen123@gmail.com", "is_staff": false, "is_active": true, "date_joined": "2016-05-14T01:42:44.475Z", "groups": [], "user_permissions": []}}, {"model": "auth.user", "pk": 81, "fields": {"password": "pbkdf2_sha256$24000$8pzKGkDXhzVc$+pBBIcHqP/ND8fRuES+/Y+DNEGGMUaD0lihuqHVA8xM=", "last_login": null, "is_superuser": false, "username": "asymptotic_sarracenia", "first_name": "asymptotic", "last_name": "sarracenia", "email": "gen123@gmail.com", "is_staff": false, "is_active": true, "date_joined": "2016-05-14T01:42:44.594Z", "groups": [], "user_permissions": []}}, {"model": "auth.user", "pk": 82, "fields": {"password": "pbkdf2_sha256$24000$MST84iZFB500$9dS/0NeTq8mH2QOaLRfBbrG8aAu0O9vTbKGRqbKKlq4=", "last_login": null, "is_superuser": false, "username": "simulatory_cockswain", "first_name": "simulatory", "last_name": "cockswain", "email": "gen123@gmail.com", "is_staff": false, "is_active": true, "date_joined": "2016-05-14T01:42:44.757Z", "groups": [], "user_permissions": []}}, {"model": "auth.user", "pk": 83, "fields": {"password": "pbkdf2_sha256$24000$rMkuxGzRU4jI$M0t1rGLY3RgXpsL4d0RCnL1w+ZfA9CSKSpyZSx+MHLM=", "last_login": null, "is_superuser": false, "username": "bangled_nanas", "first_name": "bangled", "last_name": "nanas", "email": "gen123@gmail.com", "is_staff": false, "is_active": true, "date_joined": "2016-05-14T01:42:44.877Z", "groups": [], "user_permissions": []}}, {"model": "auth.user", "pk": 84, "fields": {"password": "pbkdf2_sha256$24000$pcI6Dp7FubCB$ooq6IOnhnavyZhMSvwWrvo8RrV/gtOH1NqR1l7Sergc=", "last_login": null, "is_superuser": false, "username": "exponential_machree", "first_name": "exponential", "last_name": "machree", "email": "gen123@gmail.com", "is_staff": false, "is_active": true, "date_joined": "2016-05-14T01:42:45.011Z", "groups": [], "user_permissions": []}}, {"model": "auth.user", "pk": 85, "fields": {"password": "pbkdf2_sha256$24000$Kx1fEUOfnODa$XW0MWo9YhL5fzdjfpOOlBdMYvlSk4I40RGZ+M0PkxOM=", "last_login": null, "is_superuser": false, "username": "cliquy_contingents", "first_name": "cliquy", "last_name": "contingents", "email": "gen123@gmail.com", "is_staff": false, "is_active": true, "date_joined": "2016-05-14T01:42:45.168Z", "groups": [], "user_permissions": []}}, {"model": "auth.user", "pk": 86, "fields": {"password": "pbkdf2_sha256$24000$NQtjEU0lkHks$hOMeyrJCCnqL8iUkn1UabUamvjGqGRZ1PQtsqA0gIQU=", "last_login": null, "is_superuser": false, "username": "dreariest_asbestosis", "first_name": "dreariest", "last_name": "asbestosis", "email": "gen123@gmail.com", "is_staff": false, "is_active": true, "date_joined": "2016-05-14T01:42:45.294Z", "groups": [], "user_permissions": []}}, {"model": "auth.user", "pk": 87, "fields": {"password": "pbkdf2_sha256$24000$7RVCW1CelFxj$qKvPX9uLPIfr8PsokWfwFxbfHF5YuicsaxPvB+Y5QS4=", "last_login": null, "is_superuser": false, "username": "diligent_viroids", "first_name": "diligent", "last_name": "viroids", "email": "gen123@gmail.com", "is_staff": false, "is_active": true, "date_joined": "2016-05-14T01:42:45.407Z", "groups": [], "user_permissions": []}}, {"model": "auth.user", "pk": 88, "fields": {"password": "pbkdf2_sha256$24000$c6R15sznx4JA$75lo9k2ES+9q0bQMPBazIB2HyUZa6w3XarCFdehzOb4=", "last_login": null, "is_superuser": false, "username": "phonemic_gallantry", "first_name": "phonemic", "last_name": "gallantry", "email": "gen123@gmail.com", "is_staff": false, "is_active": true, "date_joined": "2016-05-14T01:42:45.518Z", "groups": [], "user_permissions": []}}, {"model": "auth.user", "pk": 89, "fields": {"password": "pbkdf2_sha256$24000$Qfcx8BBmMrF2$VHsvzP+9S5efOZ4V5pCypxP6SdzY1AF1k4h4jVdEZHw=", "last_login": null, "is_superuser": false, "username": "groggy_priority", "first_name": "groggy", "last_name": "priority", "email": "gen123@gmail.com", "is_staff": false, "is_active": true, "date_joined": "2016-05-14T01:42:45.662Z", "groups": [], "user_permissions": []}}, {"model": "auth.user", "pk": 90, "fields": {"password": "pbkdf2_sha256$24000$vTCLzsxrw5f0$OH+Qzo3EVIImLI7Q8YXdoYe4QJFMBztjAGDW3f5VD3Q=", "last_login": null, "is_superuser": false, "username": "matrilocal_outrides", "first_name": "matrilocal", "last_name": "outrides", "email": "gen123@gmail.com", "is_staff": false, "is_active": true, "date_joined": "2016-05-14T01:42:45.800Z", "groups": [], "user_permissions": []}}, {"model": "auth.user", "pk": 91, "fields": {"password": "pbkdf2_sha256$24000$a87FsSpdn7aL$1DoJPJHLz43WZ7f15Pbd4fIb/D5CS9VuB2dhfKTMGcM=", "last_login": null, "is_superuser": false, "username": "high-flying_roundelay", "first_name": "high-flying", "last_name": "roundelay", "email": "gen123@gmail.com", "is_staff": false, "is_active": true, "date_joined": "2016-05-14T01:42:45.942Z", "groups": [], "user_permissions": []}}, {"model": "auth.user", "pk": 92, "fields": {"password": "pbkdf2_sha256$24000$ThAnz1LjvQxO$D6q677Pq0qFJYag+6AhU0veX1ePsKn+BhrMbo3D2n64=", "last_login": null, "is_superuser": false, "username": "decuman_inabilities", "first_name": "decuman", "last_name": "inabilities", "email": "gen123@gmail.com", "is_staff": false, "is_active": true, "date_joined": "2016-05-14T01:42:46.087Z", "groups": [], "user_permissions": []}}, {"model": "auth.user", "pk": 93, "fields": {"password": "pbkdf2_sha256$24000$gYpKdrrFCiQe$z2KuH5IJzyBTHxop61Iy4HgZAQvNEk86zZSDsNV7vSI=", "last_login": null, "is_superuser": false, "username": "demisable_primers", "first_name": "demisable", "last_name": "primers", "email": "gen123@gmail.com", "is_staff": false, "is_active": true, "date_joined": "2016-05-14T01:42:46.232Z", "groups": [], "user_permissions": []}}, {"model": "auth.user", "pk": 94, "fields": {"password": "pbkdf2_sha256$24000$4M6nSBEZVG4C$PIs/FrN7yTBZdqJJzGN6ajvdT/0E3DhbgPXidfmzFRg=", "last_login": null, "is_superuser": false, "username": "monism_chore", "first_name": "monism", "last_name": "chore", "email": "gen123@gmail.com", "is_staff": false, "is_active": true, "date_joined": "2016-05-14T01:42:46.347Z", "groups": [], "user_permissions": []}}, {"model": "auth.user", "pk": 95, "fields": {"password": "pbkdf2_sha256$24000$EYO1y4Xl32iX$troiYnJcqSiUz2eN6LBWhvxlVZ+o95lOhqj0cKjSc9s=", "last_login": null, "is_superuser": false, "username": "bleary-eyed_aconites", "first_name": "bleary-eyed", "last_name": "aconites", "email": "gen123@gmail.com", "is_staff": false, "is_active": true, "date_joined": "2016-05-14T01:42:46.480Z", "groups": [], "user_permissions": []}}, {"model": "auth.user", "pk": 96, "fields": {"password": "pbkdf2_sha256$24000$rTnjgASxAsNb$vgpNWKHZYGASZrbhriVYWLcBU7pygCNbZwN1c61B9l4=", "last_login": null, "is_superuser": false, "username": "struthious_colligation", "first_name": "struthious", "last_name": "colligation", "email": "gen123@gmail.com", "is_staff": false, "is_active": true, "date_joined": "2016-05-14T01:42:46.652Z", "groups": [], "user_permissions": []}}, {"model": "auth.user", "pk": 97, "fields": {"password": "pbkdf2_sha256$24000$fPRdOd62C4CW$HU+kNTFDaFkgl9O64t5Mi8slCp8jjWEOA0bD7aAKkq4=", "last_login": null, "is_superuser": false, "username": "isthmian_tachycardia", "first_name": "isthmian", "last_name": "tachycardia", "email": "gen123@gmail.com", "is_staff": false, "is_active": true, "date_joined": "2016-05-14T01:42:46.769Z", "groups": [], "user_permissions": []}}, {"model": "auth.user", "pk": 98, "fields": {"password": "pbkdf2_sha256$24000$AbBANx8AlZN7$SuwmeVVFLYpErUCqYB5aIWW5cVRxgrRy5L6zHmQxhcQ=", "last_login": null, "is_superuser": false, "username": "craggier_shewbreads", "first_name": "craggier", "last_name": "shewbreads", "email": "gen123@gmail.com", "is_staff": false, "is_active": true, "date_joined": "2016-05-14T01:42:46.898Z", "groups": [], "user_permissions": []}}, {"model": "auth.user", "pk": 99, "fields": {"password": "pbkdf2_sha256$24000$htwGbjecsAbP$YU3Jke2RYc7Vtz7QvUes7t1TND0kAuStyaqyhQJDc+E=", "last_login": "2016-05-14T01:46:12.172Z", "is_superuser": false, "username": "cosmological_effusiveness", "first_name": "cosmological", "last_name": "effusiveness", "email": "gen123@gmail.com", "is_staff": false, "is_active": true, "date_joined": "2016-05-14T01:42:47.030Z", "groups": [], "user_permissions": []}}, {"model": "auth.user", "pk": 100, "fields": {"password": "pbkdf2_sha256$24000$zrvlBGEIExpx$quEnAsZzOGtVjACLUzY9RhijWpFNtI8Sk//KfSO0WPk=", "last_login": "2016-05-14T01:45:14.028Z", "is_superuser": true, "username": "admin", "first_name": "", "last_name": "", "email": "qw@gmail.com", "is_staff": true, "is_active": true, "date_joined": "2016-05-14T01:44:20.197Z", "groups": [], "user_permissions": []}}, {"model": "sh_app.sh_user", "pk": 1, "fields": {"user": 1, "first_name": "done", "last_name": "cannikins"}}, {"model": "sh_app.sh_user", "pk": 2, "fields": {"user": 2, "first_name": "hulkiest", "last_name": "liveware"}}, {"model": "sh_app.sh_user", "pk": 3, "fields": {"user": 3, "first_name": "rainbowy", "last_name": "Clarissa"}}, {"model": "sh_app.sh_user", "pk": 4, "fields": {"user": 4, "first_name": "many", "last_name": "densitometers"}}, {"model": "sh_app.sh_user", "pk": 5, "fields": {"user": 5, "first_name": "countable", "last_name": "chivaree"}}, {"model": "sh_app.sh_user", "pk": 6, "fields": {"user": 6, "first_name": "apodictic", "last_name": "covenanter"}}, {"model": "sh_app.sh_user", "pk": 7, "fields": {"user": 7, "first_name": "burdened", "last_name": "tempos"}}, {"model": "sh_app.sh_user", "pk": 8, "fields": {"user": 8, "first_name": "bitchy", "last_name": "straining"}}, {"model": "sh_app.sh_user", "pk": 9, "fields": {"user": 9, "first_name": "self-service", "last_name": "zeroing"}}, {"model": "sh_app.sh_user", "pk": 10, "fields": {"user": 10, "first_name": "thoracic", "last_name": "aune"}}, {"model": "sh_app.sh_user", "pk": 11, "fields": {"user": 11, "first_name": "frustrating", "last_name": "centrist"}}, {"model": "sh_app.sh_user", "pk": 12, "fields": {"user": 12, "first_name": "pudendal", "last_name": "noumenon"}}, {"model": "sh_app.sh_user", "pk": 13, "fields": {"user": 13, "first_name": "segmentate", "last_name": "diabolism"}}, {"model": "sh_app.sh_user", "pk": 14, "fields": {"user": 14, "first_name": "monoclonal", "last_name": "Midwest"}}, {"model": "sh_app.sh_user", "pk": 15, "fields": {"user": 15, "first_name": "quietistic", "last_name": "acidifiers"}}, {"model": "sh_app.sh_user", "pk": 16, "fields": {"user": 16, "first_name": "indestructible", "last_name": "recessionals"}}, {"model": "sh_app.sh_user", "pk": 17, "fields": {"user": 17, "first_name": "raving", "last_name": "wheelbarrow"}}, {"model": "sh_app.sh_user", "pk": 18, "fields": {"user": 18, "first_name": "waggly", "last_name": "sumps"}}, {"model": "sh_app.sh_user", "pk": 19, "fields": {"user": 19, "first_name": "tonnish", "last_name": "vicissitudes"}}, {"model": "sh_app.sh_user", "pk": 20, "fields": {"user": 20, "first_name": "hostile", "last_name": "unsettlement"}}, {"model": "sh_app.sh_user", "pk": 21, "fields": {"user": 21, "first_name": "conglutinant", "last_name": "surmisers"}}, {"model": "sh_app.sh_user", "pk": 22, "fields": {"user": 22, "first_name": "preludious", "last_name": "hovercrafts"}}, {"model": "sh_app.sh_user", "pk": 23, "fields": {"user": 23, "first_name": "sporangial", "last_name": "corbeil"}}, {"model": "sh_app.sh_user", "pk": 24, "fields": {"user": 24, "first_name": "profuse", "last_name": "bronzings"}}, {"model": "sh_app.sh_user", "pk": 25, "fields": {"user": 25, "first_name": "large-handed", "last_name": "Richthofen"}}, {"model": "sh_app.sh_user", "pk": 26, "fields": {"user": 26, "first_name": "leviratical", "last_name": "Shakti"}}, {"model": "sh_app.sh_user", "pk": 27, "fields": {"user": 27, "first_name": "climatical", "last_name": "headway"}}, {"model": "sh_app.sh_user", "pk": 28, "fields": {"user": 28, "first_name": "envious", "last_name": "jebel"}}, {"model": "sh_app.sh_user", "pk": 29, "fields": {"user": 29, "first_name": "deferred", "last_name": "unreconcilableness"}}, {"model": "sh_app.sh_user", "pk": 30, "fields": {"user": 30, "first_name": "dissuasive", "last_name": "pasturages"}}, {"model": "sh_app.sh_user", "pk": 31, "fields": {"user": 31, "first_name": "dispossessed", "last_name": "micros"}}, {"model": "sh_app.sh_user", "pk": 32, "fields": {"user": 32, "first_name": "unassumed", "last_name": "landholder"}}, {"model": "sh_app.sh_user", "pk": 33, "fields": {"user": 33, "first_name": "ungummed", "last_name": "dissuasion"}}, {"model": "sh_app.sh_user", "pk": 34, "fields": {"user": 34, "first_name": "unallied", "last_name": "endoblast"}}, {"model": "sh_app.sh_user", "pk": 35, "fields": {"user": 35, "first_name": "barbellate", "last_name": "propylites"}}, {"model": "sh_app.sh_user", "pk": 36, "fields": {"user": 36, "first_name": "predictive", "last_name": "hwyl"}}, {"model": "sh_app.sh_user", "pk": 37, "fields": {"user": 37, "first_name": "successless", "last_name": "half-days"}}, {"model": "sh_app.sh_user", "pk": 38, "fields": {"user": 38, "first_name": "assimilative", "last_name": "reconquest"}}, {"model": "sh_app.sh_user", "pk": 39, "fields": {"user": 39, "first_name": "noteworthy", "last_name": "respectfulness"}}, {"model": "sh_app.sh_user", "pk": 40, "fields": {"user": 40, "first_name": "massive", "last_name": "dialogues"}}, {"model": "sh_app.sh_user", "pk": 41, "fields": {"user": 41, "first_name": "incubative", "last_name": "historicisms"}}, {"model": "sh_app.sh_user", "pk": 42, "fields": {"user": 42, "first_name": "ophiolatrous", "last_name": "lichis"}}, {"model": "sh_app.sh_user", "pk": 43, "fields": {"user": 43, "first_name": "carboniferous", "last_name": "cupid"}}, {"model": "sh_app.sh_user", "pk": 44, "fields": {"user": 44, "first_name": "unarmed", "last_name": "caramelizations"}}, {"model": "sh_app.sh_user", "pk": 45, "fields": {"user": 45, "first_name": "unplucked", "last_name": "Hebraist"}}, {"model": "sh_app.sh_user", "pk": 46, "fields": {"user": 46, "first_name": "dampish", "last_name": "pole-vaulters"}}, {"model": "sh_app.sh_user", "pk": 47, "fields": {"user": 47, "first_name": "enumerative", "last_name": "Felice"}}, {"model": "sh_app.sh_user", "pk": 48, "fields": {"user": 48, "first_name": "ferrous", "last_name": "Vespucci"}}, {"model": "sh_app.sh_user", "pk": 49, "fields": {"user": 49, "first_name": "resuscitative", "last_name": "iridization"}}, {"model": "sh_app.sh_user", "pk": 50, "fields": {"user": 50, "first_name": "marauding", "last_name": "piggie"}}, {"model": "sh_app.sh_user", "pk": 51, "fields": {"user": 51, "first_name": "unrecalled", "last_name": "feticides"}}, {"model": "sh_app.sh_user", "pk": 52, "fields": {"user": 52, "first_name": "to-and-fro", "last_name": "sleeping"}}, {"model": "sh_app.sh_user", "pk": 53, "fields": {"user": 53, "first_name": "varnished", "last_name": "oligopsonies"}}, {"model": "sh_app.sh_user", "pk": 54, "fields": {"user": 54, "first_name": "trompe-l'oeil", "last_name": "saussurite"}}, {"model": "sh_app.sh_user", "pk": 55, "fields": {"user": 55, "first_name": "sparse", "last_name": "stitchworts"}}, {"model": "sh_app.sh_user", "pk": 56, "fields": {"user": 56, "first_name": "accretive", "last_name": "shrubbery"}}, {"model": "sh_app.sh_user", "pk": 57, "fields": {"user": 57, "first_name": "probable", "last_name": "aridity"}}, {"model": "sh_app.sh_user", "pk": 58, "fields": {"user": 58, "first_name": "unblamed", "last_name": "dignity"}}, {"model": "sh_app.sh_user", "pk": 59, "fields": {"user": 59, "first_name": "proof", "last_name": "crapshooter"}}, {"model": "sh_app.sh_user", "pk": 60, "fields": {"user": 60, "first_name": "ickier", "last_name": "incense"}}, {"model": "sh_app.sh_user", "pk": 61, "fields": {"user": 61, "first_name": "crumbled", "last_name": "amalgams"}}, {"model": "sh_app.sh_user", "pk": 62, "fields": {"user": 62, "first_name": "epiblastic", "last_name": "sniper"}}, {"model": "sh_app.sh_user", "pk": 63, "fields": {"user": 63, "first_name": "Laurentian", "last_name": "rem"}}, {"model": "sh_app.sh_user", "pk": 64, "fields": {"user": 64, "first_name": "Memphite", "last_name": "instantaneity"}}, {"model": "sh_app.sh_user", "pk": 65, "fields": {"user": 65, "first_name": "naming", "last_name": "ergatocracies"}}, {"model": "sh_app.sh_user", "pk": 66, "fields": {"user": 66, "first_name": "felicific", "last_name": "subsequence"}}, {"model": "sh_app.sh_user", "pk": 67, "fields": {"user": 67, "first_name": "aortic", "last_name": "pardners"}}, {"model": "sh_app.sh_user", "pk": 68, "fields": {"user": 68, "first_name": "gobony", "last_name": "varier"}}, {"model": "sh_app.sh_user", "pk": 69, "fields": {"user": 69, "first_name": "easy-going", "last_name": "intorsions"}}, {"model": "sh_app.sh_user", "pk": 70, "fields": {"user": 70, "first_name": "Gothic", "last_name": "riggings"}}, {"model": "sh_app.sh_user", "pk": 71, "fields": {"user": 71, "first_name": "interminable", "last_name": "antepenults"}}, {"model": "sh_app.sh_user", "pk": 72, "fields": {"user": 72, "first_name": "self-correcting", "last_name": "coverage"}}, {"model": "sh_app.sh_user", "pk": 73, "fields": {"user": 73, "first_name": "inobservant", "last_name": "vervain"}}, {"model": "sh_app.sh_user", "pk": 74, "fields": {"user": 74, "first_name": "bated", "last_name": "dakoit"}}, {"model": "sh_app.sh_user", "pk": 75, "fields": {"user": 75, "first_name": "unaware", "last_name": "Carmichael"}}, {"model": "sh_app.sh_user", "pk": 76, "fields": {"user": 76, "first_name": "virtuosity", "last_name": "centavos"}}, {"model": "sh_app.sh_user", "pk": 77, "fields": {"user": 77, "first_name": "shrivelled", "last_name": "immaculateness"}}, {"model": "sh_app.sh_user", "pk": 78, "fields": {"user": 78, "first_name": "controllable", "last_name": "lippies"}}, {"model": "sh_app.sh_user", "pk": 79, "fields": {"user": 79, "first_name": "naive", "last_name": "patchouly"}}, {"model": "sh_app.sh_user", "pk": 80, "fields": {"user": 80, "first_name": "equatable", "last_name": "bonzes"}}, {"model": "sh_app.sh_user", "pk": 81, "fields": {"user": 81, "first_name": "asymptotic", "last_name": "sarracenia"}}, {"model": "sh_app.sh_user", "pk": 82, "fields": {"user": 82, "first_name": "simulatory", "last_name": "cockswain"}}, {"model": "sh_app.sh_user", "pk": 83, "fields": {"user": 83, "first_name": "bangled", "last_name": "nanas"}}, {"model": "sh_app.sh_user", "pk": 84, "fields": {"user": 84, "first_name": "exponential", "last_name": "machree"}}, {"model": "sh_app.sh_user", "pk": 85, "fields": {"user": 85, "first_name": "cliquy", "last_name": "contingents"}}, {"model": "sh_app.sh_user", "pk": 86, "fields": {"user": 86, "first_name": "dreariest", "last_name": "asbestosis"}}, {"model": "sh_app.sh_user", "pk": 87, "fields": {"user": 87, "first_name": "diligent", "last_name": "viroids"}}, {"model": "sh_app.sh_user", "pk": 88, "fields": {"user": 88, "first_name": "phonemic", "last_name": "gallantry"}}, {"model": "sh_app.sh_user", "pk": 89, "fields": {"user": 89, "first_name": "groggy", "last_name": "priority"}}, {"model": "sh_app.sh_user", "pk": 90, "fields": {"user": 90, "first_name": "matrilocal", "last_name": "outrides"}}, {"model": "sh_app.sh_user", "pk": 91, "fields": {"user": 91, "first_name": "high-flying", "last_name": "roundelay"}}, {"model": "sh_app.sh_user", "pk": 92, "fields": {"user": 92, "first_name": "decuman", "last_name": "inabilities"}}, {"model": "sh_app.sh_user", "pk": 93, "fields": {"user": 93, "first_name": "demisable", "last_name": "primers"}}, {"model": "sh_app.sh_user", "pk": 94, "fields": {"user": 94, "first_name": "monism", "last_name": "chore"}}, {"model": "sh_app.sh_user", "pk": 95, "fields": {"user": 95, "first_name": "bleary-eyed", "last_name": "aconites"}}, {"model": "sh_app.sh_user", "pk": 96, "fields": {"user": 96, "first_name": "struthious", "last_name": "colligation"}}, {"model": "sh_app.sh_user", "pk": 97, "fields": {"user": 97, "first_name": "isthmian", "last_name": "tachycardia"}}, {"model": "sh_app.sh_user", "pk": 98, "fields": {"user": 98, "first_name": "craggier", "last_name": "shewbreads"}}, {"model": "sh_app.sh_user", "pk": 99, "fields": {"user": 99, "first_name": "cosmological", "last_name": "effusiveness"}}]